이름,플랫폼,작가,그림,장르,상태,요일,조회수,별점,총화수,무료,무료주기,키워드,줄거리,첫화링크
흑막 약혼자가 내 꽃길을 방해한다,kakaopage,"오월비, 4랑니",혀나,로판,연재중,목,290.7만,9.9,30,3,1일,"로맨스판타지,빙의물,다정남,왕족/귀족,순정남,소유욕/독점욕,능력녀,자상녀,악녀,사이다녀,오래된연인,힐링물","신탁을 잘못 해석해 탄생한 가짜 성녀제국을 속인 사기꾼가문에서도 버림받고, 진짜 성녀를 시기해 온갖 악행을 저지르다 죽는 악녀그게 원작에서의 내 역할이었다책 속에 환생했다는 것을 알게 된 후, 나는 결심했다이 나라에서는 도저히 더럽고 치사해서 못 살겠다답은 망명뿐이야망명을 위해서는 범죄 혐의가 있어서는 안 되었기에, 나는 꽃길을 목표로 그저 착하게 살았다아무도 죽이지 않고, 아무도 시기하지 않고그런데, 뭔가 이상하다원작에서 나를 조롱해서, 내 손에 죽던 엑스트라들의 사고 소식이 매일같이 들려 온다이번엔 내가 안 그랬는데?",https://page.kakao.com/content/62932582
황녀님이 사악하셔,kakaopage,"TLB, 별다섯(ARC)","슈슈, 화솜",로판,연재중,금,"1,507만",9.9,123,4,3일,"로맨스판타지,육아물,먼치킨,성장물,환생물,초월적존재,능글남,연하남,능력남,직진남,사차원남,능력녀,상처녀,힐링물","나는 삼백 살이 넘는 마녀이지만, 믿었던 인간에게 배신당해 죽었다꼼짝없이 영혼계에 붙잡혀 있을 줄 알았는데 서로가 서로를 죽이는 황실에 황녀로 환생했다이렇게 된 이상 내가 황제가 돼야겠다 “너 내 부하가 대라”이렇게 했으니까 모두 나를 두려워하겠지, 생각했는데“한 번만 만져주면 안 돼? 네가 머리를 쓰다듬어줬다고 하면 모두가 부러워할 거야”…뭐야 왜 이래 “더 해 줘 귀여우니까”하지만 단체로 미쳤나, 싶을 정도로 내게 맹목적인 애정을 보이고 있다…나 황제 될 수 있겠지?",https://page.kakao.com/content/57280032
공포게임 남주와 감금당했다,kakaopage,억만장녀,피나타,로판,연재중,금,161.4만,9.9,27,3,3시간,"로맨스판타지,오해물,상처남,존댓말남,걸크러쉬,능력녀","공포게임 속 메이드가 되었다대저택에 갇혀 탈출하려는 남주에게 페널티를 주거나, 안내자 역할을 해주는남주의 플레이가 끝날 때까지 대충 의무만 이행하려 했는데“내가 나가기만 하면, 당신도 똑같이 가둬둘 겁니다”남주가 너무 시끄럽다이렇게 된 거 빨리 그가 탈출하도록 돕기로 했다“밥 먹자, 디트리히”“포션이야 이거 바르면 바로 나을 거야”“이번 탈출 힌트가 저기에……”다음 플레이를 위해 든든히 먹였고,남주가 다치면 빨리 다음 플레이를 하도록 포션을 주었고,대놓고 문제의 힌트도 주었다자, 이제 나갈 수 있겠지?그런데“글쎄 답을 잘 모르겠군요”머리도 잘 돌아가는 녀석이 이게 무슨 말이야?……남주가 도무지 저택에서 나갈 생각을 안 한다“네가 안 나가면 내가 나갈게”저 꼴 보기 싫은 놈을 계속 봐야 한다는 생각에 짜증이 나 홧김에 외쳤는데“당신 여기서 나갈 수 있는 것이었습니까?”그의 눈이 싸악 가라앉았다“말해두겠는데, 저는 여기서 나갈 생각이 없습니다”“뭐?”“그리고 당신도 못 나갑니다”대체 이게 어떻게 된 일이지?",https://page.kakao.com/content/63764693
이차원 용병,kakaopage,,발로,판타지,연재중,금,"4,456.3만",9.8,285,6,3시간,"게임,차원이동,레이드,빙의,시스템,노력,성장,이능력,플레이어,매니저","취직하고 싶습니까?영혼을 팔아서라도 취직하고 싶으십니까?그렇다면 잘 오셨습니다취업 정보 사이트 영팔이는 영혼을 팔아서라도일자리를 구하고 싶은 이, 바로 당신을 위한 곳입니다천사인가, 악마인가서른 살 백수 강철호는 정체 모를 그들과 계약을 했다영혼을 팔아서라도 돈, 그놈의 돈을 벌기 위해다른 차원의 계약자들에게 빙의하여,그들이 가장 절망하던 순간의 삶을 바꾸는 것그것이 강철호에게 주어진 사명, 미션(Mission)이다************************************************소설에서 다 풀지 못했던 이야기가지금 여기에서 펼쳐집니다[시즌1] 만화 김재환 [시즌2, 3] 만화 발로 [로고 및 표지 디자인] 디자인그룹 헌드레드************************************************웹툰 [이차원 용병]은 매주 금요일, 주1회 연재됩니다",https://page.kakao.com/content/50465822
부모님을 죽인 원수와 결혼했습니다,kakaopage,어기죽,어기죽,로판,일시적 휴재,금,295.3만,9.7,41,42,,"로맨스판타지,오해물,암투물,우연한만남,소유욕/독점욕,왕족/귀족,능력녀,외유내강,금단의관계,쌍방삽질,권선징악","항상 변치 않는 나의 영지에서진실로 사랑하는 사람과영원히 함께 할 수 있길 바란내 소원이 이루어진 생애 최고의 날그날이 내 생애 가장 비극적인 날이 되리라곤 상상조차 하지 못했다""왜 날 살려두었나요""""내가 그대를 사랑하기 때문입니다 루니에""사랑?내 부모님을 죽이고 가문의 영지를 빼앗은, 내 연인의 목숨을 쥐고 내 순정을 짓밟은 그가 사랑을 입에 담는다절대 용서할 수 없어반드시 이자가 저지른 악행을 알리고 죗값을 받게 하겠어",https://page.kakao.com/content/62042952
백작 영애의 애인을 꼬셔라,kakaopage,DIAN,MQ,로판,연재중,금,167.1만,9.9,72,4,3일,"로맨스판타지,타임슬립,오해물,성장물,회귀물,우연한만남,운명,천재,트라우마,다정남,카리스마남,능력남,능력녀,상처녀,계약관계","18살 마탑에 갇혀 황제에게 이용만 당하다가 회귀한 리델 크로스이번 생에는 절대 마법과 관련 없는 평범한 삶을 살 것이라 다짐하며, 백작가의 메이드가 되는 것까지는 좋았는데백작은 리델에게 밀레나 아가씨의 애인으로 소문난 그레이엄을 꼬셔 떼어내라는 명령을 내린다하지만 떼어내라는 놈이 회귀 전 황제와 너무 똑같이 생겨서 적응 안 되는 그레이엄? 얼굴만 봐도 벌벌 떨리는데 저 사람을 꼬시라니요",https://page.kakao.com/content/60221045
독보소요,kakaopage,,,무협,연재중,목,399만,9.3,344,5,2일,"퓨전,노력,먼치킨,무림,생존,성장,천재,검","하늘에서 뚝 떨어진 사내, 강지훈안 씨 가문의 아가씨, 안지연의 데릴사위가 되다?낯선 땅에 떨어지자마자 혼례를 올리게 된 지훈은 천화종의 장로에게 목숨을 위협받게 된다 기지를 발휘해 아수라장을 빠져나갔지만 사방에 위험이 도사리고 있는 그에게 믿을 건 수련 뿐밤낮없이 수련했지만 성과를 얻지 못한 그는 우연히 안 씨가문 내전에 의해지하궁으로 빠지게 되고 그곳에서 모든 이들이 탐내는 보물 '황금천서'를 발견한다 황금천서를 얻은 지훈, 그는 과연 천하제일의 고수가 되어 강호를 주름잡을 수 있을 것인가",https://page.kakao.com/content/54667189
공녀고 나발이고 집에 간다고,kakaopage,물길,휴즈독,로판,연재중,수,231.2만,9.9,23,3,3시간,"로맨스판타지,빙의물,여주판타지,운명,개그물,로맨틱코미디,성장물,초월적존재,까칠남,능글남,다정남,츤데레남,엉뚱발랄녀,걸크러쉬,치유물","로또에 당첨된 걸 확인하고 회사를 때려치우려고 했는데판타지 세상 속 공녀의 몸으로 들어와 버렸다당첨금 수령 기간은 1년무슨 수를 써서라도 그 전까진 집에 돌아가야 한다17억아, 엄마 금방 갈게 기다려아니, 그런데 이 가족들이 왜 이래?“널 사랑한단다”저 아저씨 딸 아닌데요“내 동생, 우리 막내 다칠 수 있으니까 내가 들어 줄게”그게 나를 들어 올린다는 뜻이었어? 뭐야, 이 거대 불곰은“한 번만 더 내 동생에게 까불었다간, 쥐도 새도 모르게 없애 주지”넌 얼굴도 예쁜 애가 무슨 말을 그렇게 험악하게 하니“너는 좀 아프지 마라”나한테 신경 꺼 뭔 오빠들이 이렇게 많아저 공녀 아니라고요 나 좀 내버려 둬 집에 가게",https://page.kakao.com/content/63855892
황제와 함께 타락하겠습니다,kakaopage,Tenichi,,로판,연재중,수,455.8만,9.8,97,4,1일,"로맨스판타지,복수물,회귀물,능글남,능력남,집착남,냉정남,능력녀,걸크러쉬,계략녀,사이다녀,삼각관계,드라마","""너도 타락하는 거다 그럼 모든 것을 이루어 주지""만약 그때 그의 손을 맞잡고 얌전히 정부가 되었다면, 나도 조금은 연명할 수 있었을까 적어도 눈이 도려내지는 아픔은 몰랐겠지   ""거절하겠어 난 조국을 배신하지 않아"" 10년이라는 시간을 회귀해 당신의 옆에 섰을 때 비로소 깨달았다 추락할 대로 추락한 우리는 아주 많이 닮아 있었고, 그게 당신이 내게 손을 내민 이유였다는 걸==============================글 : http://straightedgejp/그림 : https://sorajimajp/",https://page.kakao.com/content/60392503
나는 될 놈이다,kakaopage,,서윤교,판타지,연재중,수,"2,034.9만",9.8,206,3,3시간,"게임,깽판,방송,먼치킨,시스템,천재,고인물,대장장이/생산직,테이밍,성직자,만능","모든 걸 완벽하게 소화하며 잘하기에 주인공은 어디서든 될 수 밖에 없는 인재, 그렇기 때문에 게임 안에서 아무도 하지 않는 기행을 하며 정점을 노린다 될 놈은 되게 되어있다 엄청난 행운으로 불가능한 퀘스트도 주인공의 행운에는 속수무책 행운으로 게임을 정복한다",https://page.kakao.com/content/53159236
마왕의 아이로 살아남는 법,kakaopage,어궁이,kwvh,로판,시즌 휴재,월,516.3만,9.9,53,3,3시간,"로맨스판타지,타임슬립,육아물,성장물,가족물,다정남,순정남,능력남,능력녀,걸크러쉬,사이다녀,로맨틱코미디,개그물,힐링물","세상이 멸망했다 또다시천 번에 가까운 회귀를 거듭하며 세계 멸망을 막아 보고자 아무리 용을 써도,나는 결코 결말을 바꿀 수 없었다이제는 지친다 회귀도 지긋지긋하다이번에는 몇 살로 회귀할까회귀 따위, 다시는 하고 싶지 않은데“으다앙”잠깐뭐야, 이 목소리는뭐야, 이 단풍잎처럼 작은 손은“누가 이런 갓난아기를 갖다 버린 거야?”이번 생은 갓난아기로 회귀해 버렸다그것도 세계를 수천 번 멸망시키고 있는 장본인인, 루카스의 저택 앞에서갓난아기라니 팔도, 목도 제대로 못 가누는 갓난아기라니아니지, 잠시 진정하고 생각해 보자이번 생이야말로 루카스 곁을 밀착 감시하면서 세계 멸망을 막을 수 있는 엄청난 기회일지도 모른다날 경계하고 긴장해라, 루카스이번엔 네놈이 이 세계를 멸망시키지 못하도록 할 테니까나는 소리를 높여 악랄하게 깔깔 웃었다아하하하하 아하하하하“까르르르”“어머나 우리 아기님은 웃음소리도 귀여우시네”젠장",https://page.kakao.com/content/60959717
마황귀환록,kakaopage,소명태극,소명태극,무협,연재중,화,565.6만,9.4,259,8,2일,"선계,고인물,귀환,마계,먼치킨,무림,복수,환생,왕족/귀족,지존","한 때, 구유 대제라 불리었던 적소 대왕, 고천랑선계와 마계 그리고 저승까지 평정했던 그였지만천계의 벌을 받아 죽을 위기에 놓이게 된다하지만, 자신의 법보였던 적멸고옥 덕분에 살아남게 되었고 적염령에서 깨어났을 때,그가 천계의 벌을 받음으로부터 몇 백년의 세월이 지난 뒤였다본래의 힘을 잃고 인간이 된 그였지만 자신을 벌한 천계에 복수하기 위해 여정을 떠난다",https://page.kakao.com/content/55783243
100만 년 만에 귀환하다,kakaopage,삼계동화,삼계동화,무협,연재중,화,147.8만,9.7,219,3,3일,"퓨전,귀환,먼치킨,무림,성장,환생","멀고도 아득한 세월, 백만 년 대륙이 갈라지고 끝없는 전쟁이 일어나는 동안 마강진은 속박의 땅에 갇혀있었다 해방되어 세상에 나온 그는 제자들이 그의 몸을 되찾기 위해 목숨을 내걸었다는 것을 알 수 있었고, 이에 복수를 다짐한다 우선 근처 문파에 의탁해 수련하며 실력을 기르기로 하는데, 마침 근처에 자신의 제자가 세운 문파, 영계종이 있다는 사실을 알게된다 제자가 없는 세월 동안 몰락 직전까지 간 영계종 마강진은 먼저 영계종으로 들어가 그곳을 부흥시키기로 한다 그러면서 그는 갇혀 있던 세월 동안의 실마리를 차근차근 풀어나가기 시작하는데",https://page.kakao.com/content/59492382
사상 최강 남주,kakaopage,ruohong,ruohong,무협,연재중,화,36.4만,9.7,233,5,3일,"먼치킨,빙의,생존,성장,천재","이세계 무협 세계관에 빙의한 주인공, 조강유그는 빙의하자마자 99번의 납치,32번의 죽을 고비를 넘긴다갖은 위기 속에서겨우 목숨을 부지한 그는 우연히'소요문(逍謠門)'에 들어가게 되고…""그런데, 알고보니 내가 이세계 최강자?""라는 설정처럼 엄청난 자질을 갖고 있다는 걸깨닫게 되는데…",https://page.kakao.com/content/58944301
환생불사,kakaopage,ciweimao,ciweimao,무협,연재중,화,89.3만,9.4,155,4,1일,"정통,깽판,노력,무림,빙의,시스템,조력자,환생,망나니,플레이어","과로사로 죽어버린 줄만 알았는데 눈을 떠보니 웬 무협 세계가?이대로 새 인생을 사는가 싶었더니 자칭 '잉여승천 시스템'이 나타나 열심히 살지 말고 잉여롭게 살다 죽어야만 다음 생에 최강이 될 수 있단다 단, 고의적인 사망은 제외안 돼 최강이 되어 삼천 후궁들을 맞이하려 했더니만잠깐, 그렇다는 건 피치 못하게 죽으면 돼좋아 그럼 어디 한번 열심히 죽어보자",https://page.kakao.com/content/58716301
묵향 다크레이디,kakaopage,이재헌,구깃,판타지,일시적 휴재,월,"9,464.1만",9.9,218,14,3시간,"차원이동,퓨전,생존,먼치킨,천재,노력,성장,이능력,초능력,명문세가,만능,마교","마교의 교주로서 극강의 무공을 자랑하던 묵향은 적들(혈교)에 의해 생전 처음 보는 생소한 이세계(판타지 세계)로 떨어지게 된다 그곳에서 엘프, 마법사, 기사, 드래곤 등 새로운 존재들과 만나며 무림 최고수 묵향이 원래 자신의 세상(무림)으로 돌아가기 위해 긴 모험을 떠나게 된다는 스토리한국의 무협소설과 판타지 문학을 사랑하는 수많은 독자들이 기다려왔던 초대형 이벤트― 웹툰계를 뒤흔들 다시없을 프로젝트가 시작된다 1999년부터 시작된 전설, 누계부수 300만부 무협소설과 판타지문학을 접목시킨 기념비적인 장르소설인 [묵향]이 드디어 만화화 한국 무협판타지의 한 획을 그었던 전동조 작가의 메가히트 장르소설 [묵향]을 만화화 만화의 내용은 원작의 2부격인 [다크레이디] 편에서부터 시작한다",https://page.kakao.com/content/53216022
겨울성의 아기 죄수님,kakaopage,heeya,heeya,로판,연재중,화,753.5만,9.9,31,4,3시간,"로맨스판타지,육아물,성장물,가족물,까칠남,상처남,능력남,츤데레남,자상녀,상처녀,엉뚱발랄녀,능력녀,친구>연인,달달물,힐링물","나라는 패망하고, 왕족들이 모두 처형되던 날 밤당연히 자신도 죽을 것이라 생각했던 클라리스는뜻밖의 말을 듣게 된다""열여덟이 되지 않은 자를 사형에 처할 수는 없다대신 네가 열여덟이 되는 날, 나는 너를 죽일 것이다""그렇게 클라리스에게 주어진 십 년이라는 시간클라리스는 '죄수'의 신분으로서 북부로 향한다그리고 딱 한 가지를 대공에게 부탁하는데……""저, 이 친구를 데려가도 괜찮을까요?제 유일한 친구예요""클라리스가 내민 것은다름아닌 돌멩이인데?새로이 시작된 북부에서의 삶그런데 이 '죄수'로서의 생활이자꾸만 좋아진다……?",https://page.kakao.com/content/63517874
불멸의 투귀,kakaopage,옥한돌,옥한돌,액션,연재중,화,135.6만,9.7,108,68,3시간,"퓨전,전쟁,영웅/신화","차가운 한랭지옥의 아귀가 이승으로 넘어와사람들을 잡아먹는 시대하늘의 최고신 제석천과 그 아래의 사천왕이지옥의 아귀로부터 세상을 지킨다한데 그 최고신 제석천이 주인공 “나수아”의 동생을자신이 아꼈던 이의 환생자라며 데려가려는데나수아가 옷깃을 잡으며 이를 막아서자그것에 불쾌함을 느낀 제석천은 나수아의 팔을 잘라버린다나수아의 하늘에 대한 원한이한랭지옥의 반대편인 뜨거운 초열지옥에 닿았고,나수아는 초열아귀의 팔을 갖게 되는데사람도 아귀도 아니게 된 나수아동생을 되찾기 위해 지옥과 싸우는 하늘에게 맞서려 한다",https://page.kakao.com/content/60105810
악녀는 두 번 산다,kakaopage,피치베리(스토리웹툰),피치베리(스토리웹툰),로판,일시적 휴재,화,"6,728.2만",10.0,196,3,3시간,"로맨스판타지,회귀물,악녀,계약관계,다정남,능력남,왕족/귀족,외유내강,계략녀,권선징악","모략의 천재, 황제를 만들다""오빠가 잘되어야 너도 잘되는 거야""  온갖 악행을 저질러 오빠를 황제로 만들었다하지만 아르티제아의 헌신은 배신으로 돌아왔다죽음의 문턱에서 그녀에게 구원의 손을 내민 것은, 정의로운 숙적 세드릭 대공뿐이었다“계책을 내라”“……”“이 상황을 뒤집을 수 있는 인물을 나는 그대 외에는 떠올리지 못하겠어 로산 후작”“……”“나에게는 그대의 힘이 필요하다”이미 기울어진 세력 판도를 뒤집고 도탄에 빠진 제국을 구할 계책은 없다그러나 방법은 있다모든 것이 잘못되기 이전으로 시간을 돌리는 것피의 눈물과 함께 그녀는 자신의 몸을 바쳐 고대마법으로 시간을 돌린다이번에는, 실패하지 않으리라죽지 않고 18세로 회귀한 아르티제아는 세드릭 대공을 위한 악녀가 될 것을 결심한다“저에게 청혼해 주십시오 당신을 황제로 만들어 드리겠습니다”악마에게 무릎을 꿇은 대가로,당신은 당신 대신 손을 더럽힐 악마를 얻을 것입니다******************************************************************************한민트 작가님의 인기 로맨스판타지 소설<악녀는 두 번 산다>를 웹툰으로 만나보세요*******************************************************************************",https://page.kakao.com/content/55021766
어웨이크닝: 회귀 플레이어,kakaopage,MOKF,MOKF,판타지,연재중,월,151.3만,9.5,167,4,3일,"게임,차원이동,레이드,회귀,먼치킨,노력,플레이어","때는 2060년,가상현실 MMORPG 게임 [스카이 필드]가 오픈하면서세상 사람들은 이 게임에 열광하게 된다그 이유는 바로 이 게임에서 전직 후 [각성]이라는 것을 하게 되면현실에서도 게임 속 스킬을 구현하는 것이 가능하였기 때문이다하지만, [각성]은 불가능에 가까울 정도로 힘들었기 때문에만렙이 되어도 각성하지 못한 자들이 많았다게임 오픈 후 1년 늦게 시작한 주인공, 김성준은 각성자가 되기 위해엄청난 노력과 시간을 게임에 쏟아부었고 그렇게 만렙이 되었지만 그 1년 사이에수많은 유저들의 경쟁에서 밀려나게 되었고 게임 속에나 현실에서나 차가운 대접을받으며 세상의 부조리함을 느끼게 된다그러던 어느 날, 평소처럼 파티 사냥에 참가하여 게이트로 들어가게 되는데게이트에서 버그가 발생하는 전대미문의 사고가 발생하게 되고 김성준의 몸은 점차사라지게 되며 자신이 어떻게 되는지도 모르는 채 계정자체가 사라지게 된다다시 눈을 떴을 때, 그는 자신의 캐릭터와 닮은 몸이 되어있었고상황을 파악했을 때, 그는 [스카이 필드]가 오픈된 지 3개월 전인 시점으로돌아가게 되었다는 사실을 알게 된다현실에서도 게임에서도 혼자 외로이 세상과 싸워왔던 그는이번에야말로 만렙을 찍고 최강이 되어 '각성자'가 되기로 결심하는데",https://page.kakao.com/content/58409509
전설 헌터로 키워지는 중입니다,kakaopage,Beimuliuhuo,Cat Comics,판타지,연재중,월,492.8만,9.7,190,7,1일,"게임,레이드,복수,전쟁,생존,시스템,영웅/신화,마계,노력,성장,아티팩트,격투가,용사,초능력,플레이어","아버지의 누명을 벗기기 위해 ‘미끼’로 레이드를 뛰어 살아가는 차낙영 죽기 직전의 그 순간, 전설 헌터 육성 시스템이 발동했다[플레이어와 연결 완료, 전설 헌터 육성 시스템 ARES가 발동합니다]",https://page.kakao.com/content/58905085
신혼무제,kakaopage,"정의선생, DXD Animation",DXD Animation,무협,연재중,월,106.2만,9.6,206,4,2일,"노력,먼치킨,무림,성장,천재,명문세가","대봉 왕조의 강천 마을에 사는 소년 임찬 그가 각성한 신혼은 폐신혼으로, 뭇사람의 비웃음을 산다 그러나 그의 신혼인 ‘생사관’은 10대 신혼 중 하나로, 특별한 힘을 가진 특수 신혼이었는데 게다가, '생사관'에 자신의 영혼을 숨겨두었던, 능력과 미모를 갖춘 궁천설을 만나게 되면서 그녀의 도움으로 그는 신혼 무제의 자리까지 오르게 된다",https://page.kakao.com/content/56704800
나를 찾지 말아요,kakaopage,혼즈,사사야,로판,시즌 휴재,월,"8,476",10.0,26,4,,"로맨스판타지,애잔물,금단의관계,능력녀,걸크러쉬,냉정녀,상처녀,오만남,절륜남,나쁜남자,능글남,왕족/귀족,순정남,순정녀,가족후회물","정령을 보는 민족의 마지막 후손, 원수 집안의 후계자와 사랑에 빠지다정령의 힘을 다루는 유렌달 민족의 마지막 후손 유페미아 그녀는 무정한 가족을 벗어나 페레디트 공작부인의 간병인이 되고,그곳에서 만난 보좌관 시리우스와 사랑에 빠지게 되는데",https://page.kakao.com/content/63283944
화산권마,kakaopage,,진선규,무협,연재중,월,"1,801.5만",9.6,179,4,3시간,"정통,성장,무림,복수,영웅/신화","자신의 마을이 습격받고 유일하게 살아남은 담호, 하지만 담호는 절름발이다 무인으로서 최악의 조건이지만 담호는 수련을 멈추지 않는다 주변 사람들로부터 무인이 될 수 없다고 듣지만 끝까지 포기하지 않는 담호, 과연 그는 최고의 무인이 될 수 있을 것인가?",https://page.kakao.com/content/56505406
후작가의 역대급 막내아들,kakaopage,케이,케이,판타지,연재중,월,"2,397.1만",9.7,109,8,3시간,"복수,귀환,깽판,환생,먼치킨,마검사,왕족/귀족,검사,마법사,전쟁,천재,조력자,퓨전,성장","명망있는 후작가의 막내아들 잭 발란티에남들 보다 못한 가족들 사이에서 유일하게 의지했던 건 누나 뿐가문 따위야 멸문을 하든 말든 미련이 없었지만,누나의 죽음이 헛된 희생인 걸 알게 된 후,오로지 복수만을 위한 검귀가 되었다마침내 서대륙을 지배하는돌칸 제국을 무너뜨리고, 시산혈해 위의 괴물이 되었을 땐,다가온 죽음을 겸허히 받아 들였다그런데14살, 과거로 돌아왔다그래, 이건 후회뿐이던 과거를 바로 잡을 기회다이번 생엔 두 번 다시 내 사람들을 잃지 않겠다후작가의 역대급 막내아들의 통쾌한 회귀 스토리가 시작된다***************************************넉울히작가님의 인기 웹소설 <후작가의 역대급 막내아들>을 웹툰으로 만나보세요***************************************",https://page.kakao.com/content/56760327
주인공의 여동생이다,kakaopage,하운드,콕,드라마,연재중,월,810만,10.0,80,3,3일,"일상물,판타지물,현대물,힐링물,영혼체인지/빙의,일상,전생/환생,환생물,회귀/타임슬립,가족,형제/자매/남매,고퀄리티,노블코믹,분량많은,사랑스러운","얼마전까지 나에겐 도저히 이룰 수 없을 것 같던 소원이 세 개 있었다‘실종된 큰오빠가 돌아오게 해주세요’‘작은 오빠가 균열 짐꾼을 그만둘 수 있도록 각성하게 해주세요’‘막내 오빠는…눈을 떠주기만 한다면…’더는 바랄 것 없이 행복만 가득할 거라고… 그렇게 생각했는데…“큭… 내 안의 어둠을 숨기기 위해 10년만 놀 테니 조금만 더 고생해라, 막내야”큰오빠는 중2병을 얻고 돌아왔다 “형이 10년만 논다니까 나도 10년만 놀게”작은오빠는 각성한 채로 미래에서 회귀했다(고 주장한다) “신의 총애를 받는 고귀한 혼을 모실 기회를 주마, 멍충한 돼지야”막내오빠는… 생각만 해도 골치 아프니 넘어가자“이 밥버러지 식충이들 당장 나가서 일하지 못해”더는 바랄 것이 없는 소녀가장 이보배의 앞길엔 행복이 가득할 수 있을까?",https://page.kakao.com/content/60350553
상사의 청혼,kakaopage,피피치(해피북스투유),플랜비(공감미디어),로맨스,일시적 휴재,월,382만,9.9,61,4,1일,"현대로맨스,오피스물,우연한만남,운명,신데렐라,첫사랑,다정남,능글남,상처남,능력남,달달물,로맨틱코미디,외유내강,철벽녀,자상녀","""방금, 뭐라고 하셨죠?""""결혼하자고요, 우리 반지가 여전히 빠지지 않으니까""대체 왜 이래요, 나한테**여느 때처럼 특별할 것 없던 주말, 새봄은 약속 장소에서 자신의 상사 류지헌 전무와 우연히 마주치고,얼떨결에 그가 건네준 반지를 끼고 '가짜 애인'으로 둔갑해 상견례를 마친다집에 온 새봄은 지헌이 막무가내로 끼워준 반지를 빼려 하는데 도무지 뺄 수가 없다 어쩔 수 없이 반지를 끼고 다니게 되는 새봄그 사이 지헌은 새봄에게 마음이 동하기 시작해, '비즈니스'를 가장한 청혼을 제안한다어느새 단단히 엮이기 시작한 둘, 그리고 여전히 빠지지 않는 반지 이 반지에는 새봄이 모르는 비밀이 담겨있다상처뿐인 사랑에 지쳐, 사랑을 외면하려는 두 남녀가유쾌하게, 그리고 지독하게 얽히는 오피스 로코",https://page.kakao.com/content/62107971
달빛이 내리는 검,kakaopage,,한송이,로맨스,일시적 휴재,월,12.2만,9.8,48,7,1일,"시대/역사로맨스,동양풍,다정녀,냉정남,정략결혼,미스터리,달달물,순정녀,능력남,츤데레남,대형견남","[매주 월요일 연재]천한 무희 출신 어머니의 죽음과 함께 12살에서 성장이 멈춘 5황녀 유리 쭉정이 황녀로 불리는 그녀는 황궁 구석에서 숨죽여 살던 중, 제국 서북부의 주인이자 살인귀로 악명이 높은 흑왕의 4번째 신부로 정해진다 3명의 황녀를 신부로 맞이했지만 연달아 죽음을 맞이해 신부 잡아먹는 귀신이란 별칭도 가진 흑왕과의 혼인 과연 이것은 유리 황녀에게 기회일까 아니면 또 다른 절망일까?",https://page.kakao.com/content/62756506
이번 생은 가주가 되겠습니다,kakaopage,앤트스튜디오,"앤트스튜디오, 몬",로판,연재중,월,1.4억,10.0,151,4,3시간,"로맨스판타지,육아물,성장물,회귀물,대형견남,능력녀","“…한번 해 보자 내가 가주가 되는 거야”제국에서 제일가는 가문, 롬바르디의 사생아로 환생한 피렌티아게다가 이 가문은 막대한 부는 물론 외교와 문화까지 통달한말그대로 제국의 역사 자체금수저 오브 금수저 인생 당첨앞으로는 탄탄대로일 거라 생각했는데…아버지는 돌아가시고, 친척들은 문전박대,거기다 그 잘나가던 가문까지 쫄딱 망해 버릴 줄이야분통을 터트리며 술을 조금(?) 많이 마시며 돌아가는 길,마차에 치여버리기까지“이건 해도 해도 너무하잖아…”하지만 원망도 잠시, 눈을 뜨니 일곱 살로 돌아왔다?사랑하는 아버지를 다시 보는 것도 믿기지 않는데,내가 아버지와 가문을 살릴 수도 있다고?거기다 회귀 전 가문의 원수,2황자가 대형견마냥 졸졸 쫓아다니기까지?좋아, 이렇게 된 거 2황자도 가문도 다 내 거다환생에 회귀까지, 인생 3회차 피렌티아의 가주되기 프로젝트**************************[표지 및 타이틀 로고 디자인] 조정원**************************웹툰 [이번 생은 가주가 되겠습니다]는 매주 월요일, 주1회 연재됩니다",https://page.kakao.com/content/56566288
최애 구원 소녀,kakaopage,소소만,소소만,로맨스,연재중,월,17.7만,9.9,39,41,,"현대로맨스,연예계물,빙의물,운명,까칠남,상처남,짝사랑녀,직진녀,신분차이,사제지간,드라마","긴 입원 생활의 위로였던 노래를 흥얼거리는 ‘이여주’에게휴대폰 영상 속에서만 보던 아이돌 스타 ‘박재하’가 말을 건다“내가 도와줄게 수술비가 필요한 거지?”그렇게 ‘여주’의 생명의 은인이자 최애가 된 ‘재하’그러나 5년 후, 그는 극단적인 선택으로 생을 마감하고충격에 빠진 ‘여주’는 그를 살려달라 별똥별을 향해 소리친다소원이 이루어진 걸까, 그녀는 7년 전으로 돌아가 당시 탑 아이돌이자 오디션 프로그램 <나는 최강 아이돌>의 심사위원 ‘장보란’의 몸에 빙의하는데오디션 참가자 중엔 연습생 '박재하'가 있다“당신이 날 구원해 준 것처럼, 이번엔 내가 당신을 구할 거예요”",https://page.kakao.com/content/62473721
마녀의 딸이 남주의 저주를 풀면,kakaopage,,마루코믹스,로판,연재중,월,130.6만,9.8,54,3,1일,"로맨스판타지,빙의물,성장물,우연한만남,운명,까칠남,능글남,직진남,츤데레남,외유내강,엉뚱발랄녀,능력녀,라이벌/앙숙,쌍방삽질,로맨틱코미디","남주에게 야수가 되는 저주를 건 마녀의 수양딸로 빙의해버렸다마녀와 함께 남주를 괴롭히다가 죽고 싶지는 않으니,남주를 지극정성으로 보살폈는데…""부탁이야, 나를 두고 가지 마""""네, 네?""""네가 그랬잖아 네 말만 잘 들으면 먹여주고, 재워주고, 잡아먹어 주겠다고네가 나를 버린 후에도 나는 그 말만 생각하며 버텼어""버려요? 제가요? 누구를요?한 마리 흑표범 같은 남주가 내게 애원을 하며 매달리기 시작했다",https://page.kakao.com/content/62517832
계약하시겠습니까?,kakaopage,슬픈돌망구,지뚱,드라마,시즌 휴재,월,125.9만,9.7,50,3,3시간,"현대물,일상물,복수,성장물,영혼체인지/빙의,가족,BJ,남주중심,분량많은,스릴 넘치는,이야기중심","""회장님을 위한 일입니다 문제가 됩니까?""이 말이 비수가 되어 돌아왔다그리고 그날, 난 죽었다그리고 난 다시 살아났다대한민국 최고의 부동산 투자 회사의 이사였던 윤석에서 은둔형 외톨이이자 돼지인 김동규로좌절도 잠시, 복수를 발판 삼아 다시 일어났다기다려 나를 죽인 대가를 톡톡히 치르게 해줄 테니까오늘도 난 윤석으로서 계획하고, 김동규로서 실행에 옮긴다복수를 위해서",https://page.kakao.com/content/62589714
전직 성녀와 흑막의 비밀 연애,kakaopage,49,연아,로판,일시적 휴재,월,137.4만,9.8,46,3,3시간,,"평범하게 살아가던 휴학생 김지연,그녀는 친구가 보여주었던 로맨스 소설 <성녀의 꽃>에 빙의를 하게 된다 절반밖에 읽지 못한 소설 속에 등장했던 아이올라라는 소녀 성녀인게 분명한 여주인공과 남주인공의 로맨스 속 세계는 자신의 것은 아니다  그래도 소설 속의 인물이 되었으니 행복할 수 있으리라 생각했다 소설 속의 주인공이 된 것처럼 그렇게 하지만 모두가 그녀에게 증오를 던진다 혐오를 말한다여주인공을 괴롭히는 악녀이자 가짜 성녀인 아이올라라고 그러나 아니었다 바로, 아이올라 그녀가 진정한 성녀였다 신의 축복으로 다시 되돌아간 처음의 시작 그녀는 가족도, 증오하는 사람들도, 성녀의 자리도, 사랑했던 약혼자도 다 필요 없었다 과거와는 다른 길을 걸을 것이다""이 세계가 나를 악녀로 만들려고 해도 상관없어난 반드시 살아남아 행복해질 테니까""",https://page.kakao.com/content/62830664
레벨업 못하는 플레이어,kakaopage,앵무새,스튜디오 크힛,판타지,연재중,월,"4,484.9만",9.9,148,4,3시간,"게임,차원이동,복수,탑등반,먼치킨,노력,성장,아티팩트,고인물,검사,이능력,플레이어","18세의 나이에 '플레이어'로 각성한 김기규'탑'을 오르고 '게이트'를 닫으며 인생이 탄탄대로일 줄 알았는데튜토리얼을 아무리 클리어해도 레벨11일 1고블린을 해도 레벨15년이 지나도 레벨1""누가 알았겠냐고, 이런 플레이어가 있는지""그 누구도 몰랐다탑을 뒤흔들 레벨1의 역대급 반전 능력을",https://page.kakao.com/content/56611441
뽑기로 강해진 SSS급 헌터,kakaopage,개작가,윤석준,판타지,연재중,월,899.5만,9.8,99,4,3시간,"게임,성장,이능력,초능력,플레이어","전 재산을 쏟아부어 헌터로 각성했는데…전투형 스킬 하나 없는 소통, 인내, 게임 탤런트뿐이라고?헌터 사무소 영업직 인생은 이제 그만 살고 싶다고간절히 바라면 이루어지는가인생 최악의 날, 우주로부터 최강의 스킬을 얻었다클래스를 뒤집는 운빨 갓겜이 시작된다<뽑기로 강해진 SSS급 헌터>",https://page.kakao.com/content/57925268
가짜는 진짜가 되기를 바라지 않는다,kakaopage,소은,DIDIYA,로판,연재중,월,771만,9.8,66,3,3시간,"로맨스판타지,먼치킨,회귀물,운명,천재,까칠남,다정남,순정남,츤데레남,오만남,능력녀,무심녀,걸크러쉬,철벽녀,상처녀","""내 자리는, 처음부터 없었구나…""가짜 공녀라 손가락질 받으면서도 가족들의 인정을 받기 위해 헌신했지만,모두에게 배신 당한 프시케는 진짜 공녀를 살해하려 했다는 누명을 쓴 채 죽음을 맞는다'내게 다음 생이 주어진다면, 절대로 이렇게 살지 않을 것이다'마지막 순간 떠올린 생각 덕이었을까프시케가 눈을 뜨자 진짜 공녀가 돌아오기 전 과거로 돌아가 있었다'당신들에게 휘둘렸던 모든 시간이 후회돼'다시 주어진 삶, 운명의 굴레에서 벗어나 가문이 아닌 나 자신을 위한 삶을 살겠다",https://page.kakao.com/content/61627410
남주가 내 후원을 좋아해!,kakaopage,고라,자라개,로판,일시적 휴재,월,51.7만,9.8,40,3,3시간,"로맨스판타지,회귀물,여주판타지,레이드물,순정남,까칠남,엉뚱발랄녀,털털녀,로맨틱코미디","내가 지금까지 한 잘못이라고는시청자 수 0따리인 게임 스트리밍 방송에열심히 후원한 죄 밖에 없었다그런데 겨우 그거 가지고나한테 이런 시련을 주는 건 너무 가혹하잖아“꾸물 거릴 시간 없어”“아, 좀 기다려봐 방어구 구입하잖아요”떨어져 버렸다그것도, 내가 보던 스트리밍 방송 속으로***최지혁은 S급 던전 보상으로 나온 소원권을 노려보았다같이 들어온 헌터들을 빼돌리면서까지 얻은 아이템이었다아무리 이 아이템이 세계의 멸망을 막든,제 목숨을 걸고 얻은 아이템이건 상관없었다죽더라도 저를 비참하게 버려버린빌어먹을 성좌의 얼굴을 봐야겠다고 생각했다그런데 그 빌어먹을 성좌가 겨우20대 초반으로 보이는 여자애일 줄 누가 알았겠는가“채유라”평생 평범하고 평화롭게 살아온 그녀에게는 미안하지만안타깝게도 그는 절대 그의 성좌를 놓아줄 생각은 없었다“너에게 있어서 내가 제일 중요하다고 말해”적어도, 그가 세상의 끝을 볼 때까지는“어서”#성좌여주 #화신남주 #지갑전사여주 #환율깡패여주 #회귀남주 #악바리남주 #차원이동 #레이드물 #액션개그판타지표지",https://page.kakao.com/content/62767251
사랑받는 막내는 처음이라,kakaopage,나정,와와치,로판,연재중,월,"1,274.4만",10.0,41,3,3시간,"로맨스판타지,육아물,먼치킨,성장물,환생물,가족물,시한부,집착남,대형견남,직진남,능력녀,걸크러쉬,소꿉친구,힐링물","세계의 멸망을 막을 유일한 희망으로서모두에게 희생을 강요받는 삶만 99번째제발 이번이 끝이길 바랐는데…""아가씨가 태어나셨어요""기어코 100번째 삶을 시작하고 말았다어차피 또 영웅 취급하며 희생시키겠지그렇게 생각했는데, ""무사히 태어나줘서 고맙구나""""언니가 다 구해주께""""우리 막내 웃는 얼굴 나한테도 보여주면 안 될까?""""아기야, 나 보고 싶었어?""이번 생은 조금… 이상하다?",https://page.kakao.com/content/62897494
뒤끝작렬,kakaopage,조석호,시나브로,드라마,연재중,월,"3,597.8만",9.8,175,5,2일,"일상물,캠퍼스물,현대물,경영,복수,영혼체인지/빙의,일상,친구,기타 스포츠,사업가,학생,남주중심,이야기중심","“야, 착각하지마 난 한번도 널 동생으로 생각한 적 없어 주제를 모르고”가슴을 파고드는 비수였다 한명우명석한 두뇌와 재벌가의 자식이었다다만 하늘은 모든 걸 주지않았다불치병 수준인 선천적 심장병이를 악물고 인정받기 위해 최선 또 최선을 다했다 그러나 아버지인 회장을 비롯해 식구 그 누구도 진심으로 대하지 않았다 그러던 그가 급작스런 사고를 당했다그리고치명적인 부상을 당한 대학생 김철민의 몸으로 들어갔다 건강하다아니 건강하다못해 넘친다잘돌아가는 머리에 체력까지이제 두 마리 토끼를 잡으러 간다꼭 두 마리 토끼여야 했다",https://page.kakao.com/content/56063788
여주와 남주의 아이들을 키우게 되었습니다,kakaopage,S,"삼각, 녹이",로판,연재중,월,259.2만,9.8,41,3,1일,"로맨스판타지,육아물,오해물,빙의물,막장,가족물,상처남,후회남,차도남,상처녀,냉정녀,잔잔물,치유물,힐링물,애잔물","소중한 동생들과 사별한 '예희'는 어느 날 소설 <더 큰 행복 하나> 속 비운의 단역 '메르헨'으로 빙의한다 '메르헨'은 유산의 아픔이 가시기도 전에 남편이 한때 사랑했던 여인의 자식들을 키우게 되는 비참한 여인이다 그런 메르헨에 빙의한 '예희'는 뜻밖에도 이 아이들이 사별한 동생들임을 단번에 알아차리게 된다메르헨에겐 가혹한 현실일지라도 전생의 기억을 안고 있는 '예희'는 동생들의 환생인 아이들을 아끼고 사랑하며, 아이들을 노리는 존재로부터 목숨을 다해 지키는데소설 <더 큰 행복 하나>에 나왔듯, 나라를 수호했던 고룡 '에스카야'는 제국에 3개의 보물을 남겨 두고 떠났다 그 보물 중 하나를 아이들이 갖고 있을 거란 추측으로 위협을 받는 가운데 과연 '예희'는 남편과 함께 아이들을 지켜내고, 이 세계로 빙의한 비밀을 알아낼 수 있을까?",https://page.kakao.com/content/63216619
데모나스,kakaopage,유민,로에,로판,일시적 휴재,월,39.1만,9.6,32,3,1일,"복수물,회귀물,짝사랑,첫사랑,까칠남,순정남,연하남,츤데레남,능력녀,자상녀,걸크러쉬,후회녀,친구>연인,드라마,애잔물","전장 위를 누비는 고결한 기사,‘알테어 체르노보그’황제의 명으로 전우이자 사랑했던‘악마의 자식’ 아인 에스타로트를 죽이기 위해 전장에 나갔고,결국 그녀는 아인에게 살해당한다""아인, 미안해 이 손이 닿는 데까지 널지켜주고 싶었어""기억의 파편을 지나 저승으로 가려는 그때,눈을 떠보니 수년 전 돌아가신 아버지가 눈앞에 나타났다?거짓말처럼 어린 시절로 회귀한 알테어,그리고 생각한다'평생을 인간에게 핍박받아온 아인을유일하게 구원해낼 수 있는 기회'알테어는 아인을 지키기 위해 가문의 원수 ‘에스타로트’ 공작에게 검술 수업을 받고,비밀 도서관 잠입 / 아버지 설득하기 / 정보상과의 계약 등등…필사적으로 노력한다""아인, 나는…당신을 만나길 기다려 왔어요약속할게요, 이번 생에서는 꼭당신을 지켜내겠다고""--------------------------------*매주 월요일(일요일 22시) 연재됩니다*",https://page.kakao.com/content/63082643
배덕한 짐승을 구원해버리면 [19세 완전판],kakaopage,오랭,오랭,로판,연재중,월,385.7만,9.9,46,3,1일,"로맨스판타지,피폐물,우연한만남,소유욕/독점욕,상처남,유혹남,절륜남,평범녀,다정녀,신분차이,치유물,애잔물,대형견남,계략남,능력녀","백작가 하녀 아샤는 아픈 엄마의 약값을 벌고, 작은 동물병원을 차리는 것이 꿈이다평범한 일상을 보내던 어느 날, 아샤는 하녀장의 지목을 받아 심부름을 가게 된다그렇게 아르테 제국의 가장 어둡고, 기괴한 ‘밤의 나비’라는 거리로 가게 되는데……“꺼져 손대지 마”그곳에서 만난 너무나도 아름다운 노예 리이“저,저…… 당신을 꼭 치료할 거예요 고통스럽고 괴롭겠지만 조금만 참아주세요 꼭 낫게 해드릴게요”아샤는 상처로 몸부림치는 리이를 치유하고, 이제 건강해진 그를 보내주려 하는데“날 구한건 너야 나의 구원이자 나의 주인, 나의 아샤”그는 아샤의 곁에 함께하기로 마음먹은 것 같았다묘하게 웃는 그를 보며 아샤는 깨달았다망했다 이건 완전히 망했다분명 저 매혹적인 웃음은 이미 자신이 빠져나갈 수 없음을 예상하고 있었다[낯가림 심하고 수줍은 많은 여주, 꼼꼼하고 일 잘하는 하녀 여주, 치유마법을 부리는 여주][짐승처럼 자란 남주, 남자고 여자고 홀리는 마성의 색기를 부리는 남주, 여주 바라기 남주]",https://page.kakao.com/content/63243084
어린 흑막의 형수님이 되었다,kakaopage,"슈퍼코믹스스튜디오, 먀오",슈퍼코믹스스튜디오,로판,연재중,월,433.9만,10.0,37,3,3시간,"로맨스판타지,육아물,운명,다정남,집착남,능력녀,빙의물,회귀물,여주판타지,차원이동물,자상녀,엉뚱발랄녀,외유내강,털털녀,계약관계","기억상실증에 걸린 엑스트라에 빙의 후 우연히 아이를 구했는데, 얘가 흑막이었다……어?흑막에게는 요정의 저주 때문에 죽는 형이 있었다 그가 흑화 계기고딱한 형제들 내가 그 요정을 만나면 죽사발 내줬을 텐데, 안타깝게도 나는 엑스트라……“엘리아?”잠깐, ……그 요정이 나네?",https://page.kakao.com/content/63329316
던전 호텔에 오신 것을 환영합니다,kakaopage,,지징구,드라마,연재중,월,193.4만,9.9,26,3,3시간,"힐링물,노블코믹,여주중심,판타지물,짝사랑,현대물,사업가,경영","[클래스 : 호텔 경영자(히든)로 각성했습니다]맥x모x골x 커피가 포션이 되고,하루 묵기만 하면 체력이 회복되는 수상한 호텔이곳의 경영자로 각성해버렸다 손님은 모두 헌터, 호텔은 던전 한복판영업용 미소만 걸치면 돈이 들어오잖아?""어서 오세요, 영춘 호텔에 오신 것을 환영합니다""※예약 문의 : 02-123-4567",https://page.kakao.com/content/63629025
만 년 만에 귀환한 플레이어,kakaopage,손민섭(Terapin),빈,판타지,일시적 휴재,월,"2,047.1만",9.8,78,3,3시간,"차원이동,라이트노벨,귀환,하렘,깽판,먼치킨,시스템,크툴루,마계,조력자,마검사,이종족,마왕,만능,플레이어","어느 날, 갑작스럽게 지옥으로 떨어졌다 가진 것은 살고 싶다는 갈망과 포식의 권능 뿐 일천의 지옥부터 구천의 지옥까지 수만, 수십만의 악마를 잡아먹었고 마침내 일곱 대공까지 그 앞에 무릎을 꿇었다 ""어째서 돌아가려고 하십니까? 왕께서는 이미 지옥의 모든 것을 가지고 계시지 않습니까""""가지긴 뭘 다 가져""먹을 것도, 즐길 것도 없다 지옥에 있는 거라고는 황량한 대지와 끔찍한 악마 뿐 ""난 돌아갈 거야"" 만 년이라는 아득한 시간 만에 그가 지구로 귀환한다그러나 지구는 자신이 그동안 알던 지구가 아니었다",https://page.kakao.com/content/59883324
소공녀는 파혼을 기다린다,kakaopage,LP,AK,로판,연재중,월,416.5만,9.8,55,3,1일,"로맨스판타지,빙의물,가족후회물,나쁜남자,왕족/귀족,계약관계","""사비나? 얘는 뭔데 여주 보다 비중이 높아?""친구에게 조언해 줄 땐 몰랐다""차라리 남주가 얘를 직접 죽이는 건 어때?감정을 모르는 사이코패스인 거지""내가 그 사이코패스에게 죽는 사비나가 될 거라곤죽지 않으려면 사이코패스 황자를 피해야 하는데,피하면 피할수록 더 깊이 얽히는 듯한 건 기분 탓인가?""사비나, 아무도 모르는 곳으로, 같이 도망쳐 버릴까?""[도망치지 못하도록, 영원히 가둬 버릴까]이 사이코패스 황자가 나에게 집착하고 있다?난 죽기 싫다고제발 파혼해 주세요 황자님",https://page.kakao.com/content/61871569
남편교체,kakaopage,,스튜디오 푸딩,로판,연재중,월,209.3만,9.9,42,3,1일,"로맨스판타지,타임슬립,복수물,막장,피폐물,회귀물,운명,순정남,외유내강,상처녀,후회녀,후회남,집착남,계약관계,권선징악","자신의 감정을 사랑이라 믿었지만 남편인 조제프의 학대만 받다 아이를 가진 채 죽임을 당한 '아실리'남편을 저주할 새도 없이 눈을 떠보니 결혼 전으로 돌아와 있었다 그 지옥 같은 생활을 다시 해야 한다는 위기감에 그녀는 필사적으로 자신을 구원할 남자를 찾게 되고,곧장 약혼녀들이 의문의 죽음을 당해 저주를 받았다는 소문이 파다한 '에스페라드 카메디치' 공작을 찾게 된다“저 아실리는 그란디에 공작 전하께 혼인을 청하는 바입니다”“영애가 하신 말씀은 지금 죽기라도 바란다는 말입니까? 영애에게는 제게 닥친 불행이 장난 같습니까?”아실리는 알고 있다이 남자는 미래에 왕위를 계승하여 황제가 된다는 것을과연, 아실리는 '남편교체'에 성공하여 전남편을 향한 복수를 완성할 수 있을까?",https://page.kakao.com/content/63424620
불패검선,kakaopage,FIST CAT,김찬영,무협,연재중,월,"4,709.7만",9.7,213,5,1일,"정통,객잔무협,먼치킨,무림,성장,명문세가,협객,검,마교,곤륜,사파,살수,소림,정파,천마",시골 객점의 아들 송우문어릴 적부터 몸이 약했던 그는어느 날 노도사가 그려 주고 간산수화를 보고 바보가 된다그렇게 동네에선 바보라 놀림받고부모에겐 한심한 아들로 자라지만스무 살이 되던 날각성과 함께 산수화 속 절대무공을 꽃피운다,https://page.kakao.com/content/55152866
아기 다람쥐가 다 잘해요,kakaopage,혹등고래,한소영,로판,연재중,월,"1,594.1만",10.0,81,3,3시간,"로맨스판타지,육아물,성장물,가족물,수인물,인외존재,달달물,치유물,힐링물","사자 가문에서 태어난 유약한 다람쥐 수인 베아티그 탓에 수도 이모집에서 구박데기로 살다유일한 친구이자 약혼자인 2황자에게꿈을 이루기 위해 떠나겠다고 말한 순간,'리테르 너 이 나쁜 새끼…'그놈의 독니에 죽었다다시 눈을 떴더니 2왕자와 엮이기 전의 어린 시절이럴 때 필요한 건 뭐? 스피드바로 몸만 빼내 친부 사자공의 영지로 튀었다비록 환영받진 못하겠지만그래도 앞으로 발견될 이 엄청난 비법을 가져가 준다면, 내쫓지는 않을 거……""어서 오십시오, 아가씨""""세상에 언제 이렇게 자라셔서…""""아가씨가 저 앙증맞은 두 발로 걸으신다""……응? 왜 이렇게 환영하지?저거 설마 내 동상이야?",https://page.kakao.com/content/59976402
철벽의 영애,kakaopage,Asahi Martha,Ayahara Bobo,로판,연재중,월,56.2만,9.5,62,3,1일,,"[사랑과 맞바꾸어 운명을 뒤집는 악녀] 후작영애 밀리아나는 황자와 약혼하여 행복한 나날을 보내던 중, 돌연 황제를 암살했다는 오명을 쓰고 처형당하고 만다 그러나 죽음의 순간, 어디선가 들려온 목소리에 이끌려 1000번의 인생을 경험하게 된 밀리아나 각각의 인생에서 다양한 능력을 익히고 1001번째 인생에서 드디어 자기 자신, '밀리아나'의 삶으로 회귀한다 첫 번째 인생에서는 일어나지 않았던 사건, 만나지 못했던 인물들, 그리고 여기저기 도사리고 있는 모략까지… 밀리아나는 어떻게든 지난 생에서 잃은 사람들을 살리기 위해 노력한다 그러나 '아무도 죽지 않는 세계'를 위해서는 밀리아나가 그 누구와도 이어져선 안 된다…?",https://page.kakao.com/content/62074766
샤크 와이번,kakaopage,운(雲),"돈길(악어스튜디오), KONAM(콘티메이커 스튜디오)",액션,연재중,월,283.6만,9.8,53,54,,"학생,격투,학원물,천재,성장,학원,복수,조력자,깽판,노력","""여수에서 돈 자랑 말고, 순천에서 인물 자랑 말고, 벌교에서 주먹 자랑 마라”라는 오랜 격언이 있는데…벌교에서 주먹 자랑을 대차게 해버린 18세 고교생 현우용참빛 소년교도소에 2년간 수감 후 21세에 고등학생으로 복학한 그는 여느 학생들처럼 평범하게 졸업하려 애를 써보지만…학교폭력이 판을 치고 온갖 부당행위가 가득한 이곳에서그의 인내심은 바닥을 드러내고 폭발하고 만다카카오페이지 밀리언페이지 <샤크>의 프리퀄‘샤크’ 시즌2 빌런 '현우용'의 남다른 과거가 밝혀진다",https://page.kakao.com/content/62271900
아기 성녀님은 세상을 멸망시키고 싶어!,kakaopage,RK스튜디오,RK스튜디오,로판,연재중,월,321.2만,9.9,59,4,1일,"로맨스판타지,육아물,환생물,역하렘,순정남,능력녀,엉뚱발랄녀,나이차커플,로맨틱코미디,드라마,순진남","끝나지 않는 윤회, 반복되는 불행한 죽음99번의 환생을 거치며 삶에 지쳐버린 대마녀 루시펠라그녀는 윤회를 멈추기 위해 세상을 멸망시키려 한다하지만…눈을 떠보니 이 세상을 구원할 '아기 성녀'로 다시 태어나버렸다?적이었던 사제들에게 키워지고동료였던 제자들에게 위협받기까지아기 성녀님은 무사히 세상을 멸망시킬 수 있을까?",https://page.kakao.com/content/61551866
재투성이 소녀는 빛의 공녀님,kakaopage,Izumi Sasa,Shimano,로판,연재중,월,35.7만,9.7,49,3,1일,"로맨스판타지,가족물,왕족/귀족,오빠,애교녀,순진녀,순정녀,신분차이,치유물,힐링물","잿빛 머리의 고아 '신더'는 재처럼 더럽다고 천대받으며 노예로 부려지는 고통스러운 나날을 보내고 있었다유일한 마음의 쉼터인 말벗은 작은 새 '심'뿐그런데 어느 날 밝혀진 신더가 '빛의 여신'의 후예이자 일제스타 가문의 유일한 딸이라는 소식그렇게 신더는 하루아침에 후작가의 영애가 된다지금까지의 괴로운 나날로부터 해방되어 다른 삶을 살게 된 신더는'루미엘라(빛)'라는 진짜 이름을 얻으며 조금씩 자존감을 되찾아 간다처음으로 가지게 된 '가족'이라는 존재에 당황하면서도,상냥한 오빠들 사이에서 사랑받으며 후작 영애로서의 삶이 시작된다",https://page.kakao.com/content/62811384
갑자기 엄마가 되었습니다,kakaopage,매민,김08,로맨스,시즌 휴재,월,20.9만,9.9,37,38,,"현대로맨스,로맨틱코미디,개그물,운명,가족물,사내연애,짝사랑,다정남,엉뚱발랄녀","3포 세대 주인공 앞에 나타난 전생의 아들의 부탁근데 지금 나는 아이를 낳을 상황이 아닌데…?삶에 치여 연애 한 번 제대로 못해본 ‘한다감＇의 앞에전생의 아들 ‘최정식’이 나타나 이번 생에 자신을 낳아달라는 부탁을 한다학자금 대출, 전세 대출, 갓 시작한 일… 아이를 낳을 여건이되지 않는 다감은 정식의 부탁을 거절하려 하나,그런 다감에게 정식은 연애부터 차근차근 시작할 것을 제안한다하지만 제대로 된 연애를 해본 적 없는 ‘연애바보’ 한다감의 연애 작전은번번히 실패하게 되는데…과연 다감은 안정적인 연애와 함께 정식을 낳게 될 것인가?아니면, 전혀 다른 선택을 하게 될까?",https://page.kakao.com/content/62407785
롱리브더킹,kakaopage,버드나무숲,버드나무숲,드라마,연재중,월,1.8억,9.8,482,40,3시간,"현대물,정치물,정치인,검사,경찰,군인,이야기중심,성장물","[매주 월요일 연재]한 여인을 위해 불가능에 도전하는 남자가 있다 의리와 사랑을 빼고는 아무것도 없다고 말하는 남자 장세출 사랑하는 여인 강소현을 위해, 목숨보다 더 소중한 친구 정춘택을 위해, 목포 건달 장세출은 대통령이라는 꿈에 도전한다<롱리브더킹 : 문학적 살인>목포에 있는 작은 하천에서 세출의 담임 선생님이 사체로 발견된다 선생님의 집에서 유서가 발견되고 경찰은 자살로 결론짓는다 하지만 평소 선생님을 잘 알고 있던 세출은 자살에 강한 의문을 가지고 홀로 범인을 추적한다",https://page.kakao.com/content/47118512
"천마,리치왕의 무림을 부수다",kakaopage,붕뎅,"붕뎅, 노도뱀, 유준호, 만순",무협,연재중,월,644.3만,9.5,100,4,3시간,"퓨전,학원물,격투,고인물,깽판,먼치킨,무림,복수,빙의,환생,마교,천마","신마경의 경지에 도달하기 위해 발을 띄우던 중 알 수 없는 전음이 방해하기 시작했다결국 집중력이 흐트러져 주화입마에 빠져 쓰러지고,한달 후 눈을 떠보니 이계에서 '리치왕'이란 자가 넘어와 무림을 뒤엎어 버린 후였다천마신교마저 뒤엎어버린 리치왕과의 대결을 마치고140년이 지난 후 깨어난 무림은 무공과 마법이 공존하고 있었다",https://page.kakao.com/content/57164369
오늘부터 황녀?!,kakaopage,,HAMPIG,로판,연재중,월,684.8만,9.9,130,4,3일,,"자신의 삶을 내던져가며 마왕을 물리치라는 사명을 달성한 용사,그녀의 남은 인생은 찬란한 빛의 길만 펼쳐질 것처럼 보였으나…현실은 시궁창 지칠 대로 지친 그녀는 평범한 삶을 되찾고자 소원을 빈다""시간을 되돌려 주세요""그런데 평범한 삶은 어디에…?""이 아이야말로 짐이 12년 전에 잃어버린 황녀가 확실하다""이름도 없는 빈털터리 용사에서모든 걸 다 가진 황녀, 나나엘이 되어버렸다",https://page.kakao.com/content/57611444
악당 공작가의 실세 막내딸입니다,kakaopage,소은,아레카야자,로판,연재중,월,"1,186.5만",9.9,88,3,3일,"로맨스판타지,육아물,가족물,인외존재,까칠남,나쁜남자,다정남,왕족/귀족,오빠,츤데레남,집착남,능력녀,능글녀,애교녀,치유물","고등학생 시절 취미로 쓰다 그친 소설 속에 빙의했다하필이면 주연도, 조연도 아닌이름도 없는 일곱 살 고아 소녀에게 빙의했는데남의 집에서 구박데기로 살다 학대에 지쳐 달아났더니붙잡혀 노예로 팔려 가 버렸다이번 생은 정말 망했구나 싶었는데노예 경매장에서 날 구해 낸 것은 바로소설 속 등장하는 악명 높은 악역,'헨리에트 시틀릿 웬즈그레이'였다그는 황제를 꼭두각시처럼 부리고,귀족들의 목을 써는 게 취미인 원작 속 최대 최악의 악당이다 그 사람이 나의 친부라고?그런데, 악역이라는 명성과 다르게실제로 함께 지내보니 뭔가 좀 이상한 것 같다""그래, 내 딸아""""네가 하고 싶은 것은 다 해도 좋다 우리 가문의 그 누구든,너의 말이라면 반드시 귀 기울이고 그대로 행하며 이룰 테니""잠깐내가 쓴 소설은 이렇지 않았던 것 같은데?",https://page.kakao.com/content/60083487
나의 손절일지,kakaopage,프로젝트지늉,프로젝트지늉,드라마,연재중,월,5.8만,9.2,27,28,,"현대물,회귀/타임슬립,환생물,라이벌,친구,회사원,형사,이야기중심","내 인생 대체 어디서부터 잘못된 걸까?짧은 인생, 남 탓도 못하고우당탕탕 이곳저곳에 치이고 구르기만 하다스트레스로 찌든 채 허망한 죽음을 맞이한 남자 '성지환'운 좋게도(?) 그 흔하다는'회귀물' 주인공으로 다시 태어났는데어라? 내 재미없는 현실은 그대로?할 수 있는 건 '하지 않기'밖에 없단다어쩔 수 없지,적어도 내 인생에 방해만 된 쓰레기들, 그 인연 손절하겠다초능력이라고 하기엔 너무 사소한이것만으로 인생을 바꿀 수 있을까?""함께 해서 더러웠고, 이번 생엔 만나지 말자""",https://page.kakao.com/content/62942255
SSS급 창고 캐릭터로 살아남기,kakaopage,"빈집, 석효","이재석, 신직수",판타지,연재중,월,86.3만,9.4,36,3,3시간,"게임,생존,천재,성장,고인물,검사,만능,플레이어,빙의",[어느 날 게임 속 창고 캐릭터가 되어버렸다]초 고난이도 가상현실 게임 <오버 더 판타지>만렙 캐릭터를 일곱 개나 키운 고인물이 게임 속에 갇혀 버렸다하필이면 10레벨짜리 창고 캐릭터로 말이다볼품없지만 재화와 아이템이 풍족해서 그나마 다행인 건가?,https://page.kakao.com/content/63302358
네 입술에 물들어 [19세 완전판],kakaopage,도염,세류,로맨스,연재중,월,87.9만,9.9,35,3,3시간,"현대로맨스,첫사랑,다정남,직진남,걸크러쉬,정략결혼,오해물,재회물,트라우마,오빠,소유욕/독점욕,재벌녀,재벌남,능력녀,쌍방삽질","잊지 못했던 첫사랑을 10년 만에 다시 만났다그것도 지독히도 피하고 싶은 정략결혼의 상대로지안은 그를 다시 만난 순간 직감했다열심히 도망쳤다고 생각했는데 결국은 전부 제자리걸음이었다는 것을영원히 벗어날 수 없다면 차라리 그를 눈에 담기로 결정했다이런 결혼쯤은 괜찮다는 겁 없는 지안의 말에가까이 다가온 도진은 낮은 음성으로 경고한다“나랑 이런 거 할 수 있겠어?”숨결이 느껴질 만큼 아슬아슬한 거리로 들어선 도진의 눈을 피하지 않고지안은 단호하게 말했다“할 수 있어요 저는 배우니까”뜨거웠던 첫키스 이후도진은 다른 사람이 되어 불도저처럼 그녀에게 직진한다그러나 오랜 시간 동안 쌓여버린 오해가 두 사람 사이를 가로막는데……“그럴 거면 날 살리지 말지 그랬어요”죽은 언니의 그림자 속에 갇혀버린 것처럼그와 함께하는 시간이 늘어나는 만큼 마치 세 사람이 함께 있는 것 같았다감당할 수 있다고 자신했는데 처절하게 무너졌다“함부로 말하지는 말지”무너지는 그녀를 붙잡고 오히려 묻고 싶었다자신이 어떤 마음이었는지 알고 있냐고알고 보니 이 남자, 그녀보다 더 지독한 사랑을 하고 있었다",https://page.kakao.com/content/63416079
배틀슬라임,kakaopage,noflxsh,땍꾸,판타지,시즌 휴재,월,9.1만,8.5,24,8,,"복수,생존,성장,노력","핵폭탄을 사용한 3차 세계대전이 휩쓸고 간 지구는 인간과 생명체들을 멸망 직전까지 몰고 간다 국가라는 개념이 없어지고 민족화된 세상 타이탄 사는 황폐화된 세계를 슬라임을 사용해 점차 복구시키고 자원을 독점하면서 지구상 유일무이한 기업으로 성장한다 타이탄 사의 수장 제네시스의 목표는 오직 하나 슬라임과 성장기 아이들을 결합시켜 지구에 블랙홀을 일으킨 후, 자신의 야망을 실현시킬 신을 만드는 것 이를 막기 위한 천방지축 노아와 까칠한 아크의 사투를 그린 이야기",https://page.kakao.com/content/63390583
아도니스,kakaopage,구당,결정,로판,연재중,월,1.5억,9.9,258,30,12시간,"라이벌/앙숙,사이다녀,걸크러쉬,능력녀,회귀물,로맨스판타지,소유욕/독점욕,능력남,재회물,기사물,중세물,여주판타지,직진남","자신과 누구보다 닮았던 자, 그래서 서로에게만 집중했고 광적으로 집착했다다만 한쪽은 상대의 온기를, 한쪽은 완전히 꺾기를 원한 아르하드와 이아나주인공 이아나는 적국의 황제가 된 아르하드와의 싸움에서 삶을 미련 없이 끝내지만,영문도 모른 채, 다시 되살아나 자신이 살아왔던 삶을 반복하게 된다전생에서 파국을 맞이하게 된 두 사람은, 새로운 생에서도 또다시 만나게 되고, 비극을 반복하게 되는 것일까…",https://page.kakao.com/content/48697412
버림받고 즐기는 소박한 독신의 삶,kakaopage,"감주, 온도",감주,로판,연재중,월,966.5만,10.0,55,4,3시간,"로맨스판타지,다정남,능력남,존댓말남,인외존재,초월적존재,외유내강,털털녀,계약관계,달달물,로맨틱코미디","캐서린은 많은 걸 원하지 않았다옷과 장신구 같은 사치품이 없어도,끝이 다 찢겨 흉측한 침실의 커튼이나굽이 다 닳아 높이가 다른 구두도 괜찮았다돌아가신 어머니를 위해서라도이를 악물고 견딘지 2년이제 더는 그럴 필요를 느끼지 못했다""좋아요, 제가 나갈게요""캐서린은이 모든 것에 지쳤다***""교황의 번견인가? 여기까지 잘도 찾아왔군""그녀의 저택에 침입한 남자는 머리부터 발끝까지 젖은 채였다까만 가죽 장화 아래로 진흙이 엉망으로 뭉개진 게 보였다이럴수가바닥을 닦던 도중에 풀도 아닌 진흙을 끌고 오다니“변장이 꽤 그럴싸해 누가 봐도 평범한 도시 여성이라 하마터면 속아 넘어갈 뻔했…”“닦아”그녀는 잡고 있던 대걸레를 남자에게 내밀었다“뭘 그렇게 멍청하게 봐? 바닥 닦으라니까? 그리고 초면에 함부로 검 들이미는 거 아니야 주거 침입으로 모자라 살인 미수로 신고당하고 싶어?”",https://page.kakao.com/content/61393986
나는 EX급 헌터다,kakaopage,,"Ank, GRAPHICTORY",판타지,시즌 휴재,월,177만,9.6,41,4,1일,"환생,시스템,검사,이능력,레이드,차원이동,성장,전쟁,먼치킨,포식/흡수,복수","갑작스럽게 나타난 괴물 오버로드들에게 맞서 싸웠으나,끝내 패배하고 고향과 동료들을 잃었던 여덟 영웅 중 하나인 아덴오버로드들의 우두머리인 여왕과의 전투를 마지막으로,그는 게이트와 헌터라는 존재가 있는 세계에서 평범한 청년 한태민으로 환생한다상실과 실패의 기억으로 무기력하게 살아가던 어느날,다시 소중한 사람을 잃은 한태민은 헌터로 각성하게 되는데…과연 실패한 영웅이었던 한태민은,이번에야 말로 자신의 동료들과 세계를 뻗어오는 마수로부터 지킬 수 있을 것인가?",https://page.kakao.com/content/63075812
절세무신,kakaopage,정무흔,용역범,무협,연재중,수,"1,321.4만",9.6,414,9,3시간,"격투,노력,복수","현대 세계에 살던 주인공 ‘임풍’은 뜻밖의 사고로 무림 세계에 살던 약골 ‘임풍’의 몸에 빙의한다무림 세계에선 강자가 곧 지존이고 법이다 갖은 멸시를 당하던 과거의 약골 ‘임풍’은 새롭게 태어나며, 무도(武道)의 최고봉을 향해 한 걸음씩 올라선다 그는 과연 자신을 괴롭힌 자들에게 복수를 할 수 있을 것이며, 절세의 무신이 될 수 있을까?",https://page.kakao.com/content/54177223
천검지존,kakaopage,소명태극,소명태극,무협,연재중,일,89.9만,9.3,179,4,2일,"정통,노력,복수,성장,시스템,정령,조력자,천재,검,지존","도(刀)는 추앙받고 검(劍)은 멸시받는 시대무혼 중 가장 서열이 높은 도혼을 각성하면 가문의 자랑이자 다른 이들의 부러움도 한눈에 살 수 있었다그리고 도혼 9성으로 각성할 기회를 얻은 초현 모두 그가 도혼으로 각성할 것이라 믿어 의심치 않았다 하지만어렸을 때 수련하다 우연히 만난 천도서가 말하길, 검혼을 각성해 천도본원결을 깨우치면 최강자가 될 수 있다고 한다 어려서부터 유달리 힘에 대한 열망이 강했던 초현은 도혼을 포기하고 결국 검혼 10성으로 각성하게 된다남들과 달리 어려운 길을 선택한 초현과연 그는 검혼으로 최강자가 될 수 있을까?",https://page.kakao.com/content/57951974
악역 황녀님은 과자집에서 살고 싶어,kakaopage,밤만쥬,밤만쥬,로판,연재중,일,"2,010.4만",10.0,113,4,1일,"로맨스판타지,힐링물,잔잔물,치유물,라이벌/앙숙,친구>연인,나이차커플,엉뚱발랄녀,다정녀,다정남,카리스마남,능력남,무심남,성장물,빙의물","찢어지게 가난한 집 아이로 환생한 줄 알았더니…“아나스타샤 황손 저하를 모시러 왔습니다”…아무래도 나는 ‘원작’에서 권력을 탐하다비참한 최후를 맞이하는 황녀에 빙의한 모양이다권력에 관심이 없음을 보여 줄 겸,전생에서 못다 이룬 파티시에의 꿈을 향한 욕심도 채울 겸,계약한 정령의 도움을 받아 열심히 과자만 구웠다맛있는 걸 먹으면 기분이 좋아질 테니설마 나를 죽이지야 않겠지그런데 냉혹하고 비정한 황제(할아버지)도,나를 파멸로 몰고 갈 남주 황태손(사촌 오빠)도,제국 최강의 기사인 소공작(오빠 친구)도,나한테 칼을 꽂을 노예 기사(엘프)도""저하의 라임 파이가 좋다는 말입니다""…이 사람들, 설마 과자 말고 나한테 푹 빠진 건가?디저트처럼 달콤하고 사랑스러운악역 황녀 아샤의 베이킹&힐링 판타지**************************[표지 및 타이틀 로고 디자인] 송가희**************************웹툰 [악역 황녀님은 과자집에서 살고 싶어]는 매주 일요일, 주1회 연재됩니다",https://page.kakao.com/content/57110935
던전 견문록,kakaopage,손민우,손민우,판타지,연재중,토,714.7만,9.9,86,4,3시간,"게임,퓨전,레이드,생존,먼치킨,시스템,천재,노력,성장,영지,검사,초능력","미궁에서 태어나 괴수의 젖을 먹고 자란 인류의 후손, 특별한 힘과 강인한 신체를 지닌 그들이 돌아왔을 때 인류는 그들을 가리켜 던전 베이비라 불렀다 그중에서도 가장 깊은 미궁에서 태어난 김진우""강해지려고 한 적은 없어 단지 난 살고싶었을 뿐이야""가장 비천한 토굴꾼에서 미궁의 왕까지, 지금 그의 일대기가 펼쳐진다",https://page.kakao.com/content/60241259
괴물 공작이 나를 아내로 착각한다,kakaopage,창만,세연,로판,연재중,토,271.4만,10.0,28,3,3시간,"로맨스판타지,오해물,착각물,동거물,빙의물,능력녀,다정녀,집착남,계략남,다정남,소유욕/독점욕,기억상실,신분차이,로맨틱코미디","빙의한 소설 속 흑막이자 저주받은 '괴물 공작',딜리언 시나이즈가 눈앞에 나타났다 대체 누구에게 당한 건지, 다 죽어가는 채로 모른 척할 수 없어 치료해줬는데기억을 잃은 데다 이상한 착각까지 한다? ""당신만 보면 심장이 무섭게 뛰고, 정신이 아찔합니다""""그, 그건…""""역시 저희는 연인이었군요""""아니에요, 모르는 사이였다니까요?"" 한 번 시작된 오해는 걷잡을 수 없이 커져만 가는데 ""부인이 제 곁을 떠나면…""""죽이기라도 하게요?""""아니, 당신을 데려간 놈을 죽여야지"" 이 무서운 남자한테서무사히 벗어날 수 있을까?",https://page.kakao.com/content/63786936
소르골 전기:천년전쟁,kakaopage,시대만왕,시대만왕,무협,연재중,금,"1,018.7만",9.9,297,6,2일,"퓨전,격투,먼치킨,전쟁,검,창,술법","정령사:나타르 전기의 소르골을 바탕으로 한 색다른 세계관과 업그레이드된 스토리와 작화게임 BJ인 희청은 <정령사:나타르 전기> 게임을 하던 도중에 소르골 캐릭터를 뽑은 첫번째 유저가 되고의문의 전화 한 통과 함께 미지의 세계로 넘어간다 진시황의 암살이 성공해 통일되지 못한 상태로 천년을 이어져온 전국시대각 국가마다 발전시킨 무공비급과 신식기술이 치열하게 대립하는 가운데, 불사불멸의 소르골을 지닌 주인공의 활약이 시작된다땅의 결계 지쇄9경과 하늘의 결계 천봉3관을 돌파하고천년전쟁을 마무리 할 인물은 과연?",https://page.kakao.com/content/52484992
수상한 고백,kakaopage,은도철,김리아,로맨스,일시적 휴재,수,366.4만,9.8,68,4,3시간,"현대로맨스,오피스물,사내연애,첫사랑,운명,순정남,다정남,능력남,외유내강,순정녀,달달물,드라마","[매주 수요일 연재 /5화 연재 후 1화 정기휴재]“우리 결혼해”해외 출장에서 다녀오자마자 공항에서 짝사랑 상대인 강현과 자신의 단짝 친구인 윤아가 결혼한다는 소식을 들은 고민해 둘이 사귀는 것도 몰랐는데 결혼이라고? 심지어 윤아는 자신이 좋아하는 상대가 강현임을 알고 있었다성공을 향한 일념으로 일에만 매달려 열심히 살았는데, 그 결과가 절친의 배신과 실연의 콜라보라니 울적한 마음으로 퇴근하고 집에 돌아가는 길, 민해는 자신의 반려묘 마리를 우연히 발견하고 차도에 뛰어든다 사고 직후에 기억 나는 건 번쩍이는 헤드라이트 불빛과 붕 떠오르는 감각 ‘이렇게 죽는 건가?’라는 생각이 드는 동시에 눈을 떠보니 교통사고 나기 1년 반 전으로 돌아왔다이렇게 된 이상 다르게 살아보겠어 워라밸도 지키고, 늦기 전에 고백도 할 거야의지를 다지던 민해에게 이전 생(?)에선 크게 연관이 없었던 권주혁 부장이 점점 민해에게 관심을 보이기 시작하는데… 우연히 과거로 회귀한 민해의 새 인생 구축 프로젝트",https://page.kakao.com/content/60653255
초월진화,kakaopage,Changpan Warrior,Luan+Ningen+Lulaifozu,액션,완결,완결,241.3만,9.4,141,8,3일,"퓨전,마계,먼치킨,복수,생존,성장,시스템,전쟁,천재,초능력","초능력이 있어야만 살아남을 수 있는 시대그리고 초능력 최하위 레벨을 지닌 명하의문의 사고로 여신의 도움을 받게 된 명하는 과연,인류 최강자가 되어 세상을 구할 수 있을까?",https://page.kakao.com/content/59955269
구미호를 잘못 키웠다,kakaopage,노노,윰윰,로판,일시적 휴재,화,278.2만,10.0,40,4,1일,"로맨스판타지,성장물,육아물,운명,까칠남,다정남,상처남,집착남,대형견남,능력녀,자상녀,상처녀,다정녀,치유물,힐링물","어느 날 요괴를 주웠다 그것도 새끼 구미호를녀석의 거취가 고민이 되던 차 만난 동대륙의 신녀,그녀는 내게 성체가 될 때까지 키운 뒤 고향으로 보내라고 한다새끼 여우를 키우라니…저주받은 인간이 어떻게 어린 생명을 품고 치료한단 말인가낯설고 두려웠지만 거부할 수 없었다여우가, 란이 너무나도 사랑스러웠기에그렇게 애정을 듬뿍 퍼부어 고이고이 키웠는데다 커서 오금이 저리도록 농염해진 녀석이 독립을 거부한다그동안의 훈육이 물거품이 될 정도로 야한 얼굴로""도망치는 건 안 돼""""계속 착하도록 날 도와줘요, 실리아 내 곁에서""영원히",https://page.kakao.com/content/63129547
여왕 쎄시아의 반바지,kakaopage,새들,새들,로판,일시적 휴재,월,"1,241.4만",10.0,135,2,3시간,"로맨스판타지,궁정로맨스,남장여자물,환생물,여주판타지,남장여자,능력녀,걸크러쉬","[위대한 여왕 쎄시아, 그녀의 진짜 고민은 바로 불편한 코르셋?]아흔아홉 개 나라를 평정하고 통치자의 잔을 손에 쥔위대한 여왕 쎄시아, 그녀의 진짜 고민은 바로 불편한 코르셋?",https://page.kakao.com/content/58179782
악역 공작 영애의 특별한 쌀 재배법,kakaopage,행두,kkok,로판,시즌 휴재,월,191.3만,9.8,46,4,3시간,"로맨스판타지,환생물,여주판타지,다정남,상처남,왕족/귀족,능력남,엉뚱발랄녀,털털녀,직진녀,사제지간,로맨틱코미디",어느 날 전생이 기억났다쌀 농사꾼으로의 성공을 목전에 두고 망할 트럭에 치여 허무하게 죽은 전생이게다가 전생에서 읽은 소설 속 악역 영애란다무려 사이코패스 남자 주인공들과 엮이다가 결국 처참하게 죽임당하는하늘이 무너지는 듯한 충격에 나는 굳건히 다짐했다이번 생에는 결코 쉽게 죽어주지 않겠어,https://page.kakao.com/content/62795051
남주의 여자사람친구가 되었다,kakaopage,꼬리,꼬리,로판,연재중,월,"1,228.4만",10.0,59,5,3시간,"로맨스판타지,빙의물,회귀물,짝사랑,첫사랑,순정남,카리스마남,차도남,능력남,능력녀,엉뚱발랄녀,능글녀,친구>연인,달달물,로맨틱코미디","미친 외모의 남주, 루드릭 바우저…를 짝사랑하는 여자사람친구로 환생해 버렸다?주인공들의 사랑놀음에 이용당할 운명이라니…나, 달리아 에이버린은 금수저 라이프를 만끽하며세계 각국의 미남들과 뜨거운 연애를 할 거야그런데………“안녕하세요, 바우저 영애”“……으아앙”여자애로 착각해 울려 버렸다?그 후 친해진 것도 잠시,전쟁으로 헤어졌다 다시 만난 남주는……“못 본 새 눈이 많이 낮아졌나 봐, 에이버린 공녀"" 왜 내 연애 사업을 방해하고 난리야우리 그냥 친구 사이 아니었니?안 돼 이번 생에는남주의 가'족'같은 친구가 되어주겠어",https://page.kakao.com/content/61313362
튜토리얼이 너무 어렵다,kakaopage,이마에 다이키,이마에 다이키,판타지,연재중,월,"2,165.7만",9.4,165,8,3시간,"게임,레이드,검사,마법사,격투가,창,플레이어","gandara 퓨전 판타지 장편소설 '튜토리얼이 너무 어렵다' 가 웹툰으로 독자 여러분을 찾아갑니다삶이 무료하던 어느 날, 내 눈앞에 나타난 초대 메세지 [튜토리얼 세계에 입장하시겠습니까?] 그리고 뒤이어 나타난 난이도 선택 창 [이지] [노말] [하드] [헬] 나는 주저없이 헬 난이도를 선택했다 그리고 후회했다 아무리 헬 난이도라지만, 이건 너무 심하잖아",https://page.kakao.com/content/56443245
나만 아는 주인공들,kakaopage,뭉쥐,CDHS,판타지,연재중,월,46.4만,9.5,26,3,1일,"게임,퓨전,귀환,회귀,성좌,방송,시스템,영웅/신화,조력자,서포터,매니저,PD/감독,감독/스카우터,환생,복수","“만약 내게 다시 한번 더 기회가 주어진다면…”지구의 종말이 시작되고 10년,죽음을 눈앞에 두고 생을 후회하던유현의 머리 위로 강렬한 빛이 내려온다그러다 눈을 떴을 땐 낯선 풍경이 펼쳐져 있는데인간이 아닌 이종족 ‘텔러’로 환생한 것도 모자라,10년 전으로 회귀까지 하게 된 유현“기왕 이렇게 된 거 최선을 다해 살아 주겠어”살아남는 데에만 급급했던 지난 생과 달리,이번엔 성공적인 삶을 살고자 다짐하게 된다새롭게 얻어 낸 또 한 번의 삶에서과연 유현은 스스로 인생의 주인공이 될 수 있을까?",https://page.kakao.com/content/63866183
더는 못본척 하지 않기로 했다,kakaopage,DAMA,이재현,로판,연재중,월,830.5만,9.6,127,3,3시간,"로맨스판타지,타임슬립,시월드,회귀물,우연한만남,다정남,순정남,왕족/귀족,능력남,능력녀,걸크러쉬,재벌녀,사이다녀,상처녀,권선징악","회귀하고 나서야 깨달았다외도를 저지른 남편은 어떻게든 다시 또 외도를 저지르고,저 망할 내연녀는 다시 또 내 앞에 나타나고,내 명줄은 그리 길지 않다는 걸""우리 이혼해요"" ""뭐?""""당신에게 줄 돈은 한 푼도 없으니까 내가 사준 것들 전부 내놓고 나가세요저기 저 구석에 처박힌 속옷까지 전부, 다""""갑자기 왜 이러는 거요?""""갑자기?""절로 비틀린 미소가 그려졌다 원래 염치없는 사람인 줄은 알았지만 이건 좀 심하잖아""그건 당신이 더 잘 알겠지, 이 하반신으로 생각하는 짐승 새끼야""",https://page.kakao.com/content/57673950
L.A.G,kakaopage,암현,암현,판타지,일시적 휴재,월,142.9만,9.7,113,71,3시간,생존,"인간이 각성을 통해 능력이나 스킬을 쓸고 있고각 층, 방마다 몬스터들이 나오고거기에 따른 미션이 주어지는 미지의 공간 LAG이곳의 목표는 최하층에 도달하는 것이다그 알 수 없는 공간 LAG에서수없이 죽음과 삶을 반복하고 있는 주인공하지만 이번 생에는 패시브 스킬을무한으로 소유할 수 있는 능력을 갖게 되고드디어 이곳을 탈출할 수 있는 기회가 찾아온다그러나 LAG도 지금까지 자신의 겪어왔던 것과 달리계속 변하게 되면서 한 치 앞도 알 수 없게 된다그 누구도 믿을 수 없고끝이 보이지 않는 지옥 같은 LAG에서끝까지 살아남아 최하층 탈출을 위해 싸워나가는처절한 생존 서바이벌",https://page.kakao.com/content/61453042
상사와의 수상한 잠자리,kakaopage,구공,GYU,로맨스,연재중,월,742.3만,9.8,105,3,3시간,"현대로맨스,사내연애,능력남,존댓말남,평범녀,순진녀,계약관계,오피스물,우연한만남,재벌남,차도남,다정녀,달달물,신파","3년간 헌신한 남자친구에게 헌신짝처럼 버려진 은수홧김에 클럽으로 놀러 갔다가 일이 좀 이상하게 흘러간 모양이다……?“지독한 불면증입니다 그런데 당신 곁에서는 잠이 왔어요”‘어디서 약을 팔려고 그렇게 잘 자 놓고서는’술에 취해 정말 ‘잠만’ 자고 헤어진 상대가자신을 애타게 찾았다며 얼토당토않은 소리를 하는데“오늘도 당신과 자고 싶어요 그냥 자기만 하는 겁니다”그러나 끈질긴 남자의 요구에 한 번 더 재워 주게 된 은수남자가 잠든 사이, 거짓 번호를 알려 주고 도망쳐 나온다“반갑습니다 채은수 씨 본부장 서도진입니다”그런데 며칠 후, 기획팀에 새로 부임한 본부장은그날 은수가 도망치듯 두고 나온 바로 그 남자였다“우선 1년만 사귀어 봅시다”심지어 ‘밤’을 함께하는 조건으로 계약연애까지 제안해 오는데계약연애로 이어진 하룻밤 인연, 과연 그 결말은……?",https://page.kakao.com/content/59533333
철혈검가 사냥개의 회귀,kakaopage,이산책(REDICE STUDIO),설아랑,판타지,시즌 휴재,월,"1,931.5만",9.8,75,4,1일,"퓨전,복수,생존,회귀,먼치킨,천재,노력,성장,검사,마법사,마검사","바스커빌 가문의 사냥개 '비키르'사냥개로서 가문에 충성한 보답은 모함과 누명으로 얼룩진 단두대의 칼날이었다""다시는 토끼를 잡고 나면 삶아지는 사냥개처럼 살지 않겠노라""그런 그에게 죽음 대신 찾아온 뜻밖의 기회어둠 속에서 송곳니를 갈고닦는 비키르의 눈이 붉게 빛났다""기다려라 휴고 이번엔 반드시 네 목을 물어뜯어 주마""주인을 향한 사냥개의 잔혹한 핏빛 복수가 시작된다",https://page.kakao.com/content/61614855
게임 속 기연이 현실로,kakaopage,어쩌다,윤순포,판타지,연재중,토,269.6만,9.8,54,4,3시간,"게임,퓨전,복수,SF,환생,마법사,왕족/귀족,차원이동,귀환,전쟁,시스템,천재,검사,정치가,플레이어","마법이 극도로 발달하여, SF나 다름없는 문명을 자랑하는 세상 '론델' 귀족가에서 환생했지만, 평민 출신의 첩의 자식으로 태어나정실부인과 이복형제에게 목숨을 위협받는 나날 속에서세상을 바꾼 위대한 마법사 ‘마누엘 루카스’ 의 기연을 획득했다그리고 시작되는 사이다 복수극'이제부터 내가 원하던 삶을 살아갈 거야'",https://page.kakao.com/content/62650665
꽃을 피우는 아기 가주님,kakaopage,김손,"밍숭, 태정",로판,시즌 휴재,목,533.8만,10.0,45,3,1일,"로맨스판타지,재회물,성장물,회귀물,가족물,운명,계략남,능력남,능력녀,사이다녀,계략녀,정략결혼,치유물,힐링물,달달물","""글로리오사…꽃잎 하나 못 피우는 추한 것 같으니,너야말로 나무의 먹이로 딱이구나―""나는 화인(花人) 일족 엘바도르 가문의 37명의 자녀 중 하나로,가문의 근간인 신목에게 제물로 바쳐졌다그 후태중 약혼자 아르비드의 도움으로가문을 멸망시키고 죽음으로써 겨우 구원받았는데눈을 뜨니, 과거로 회귀했다…?끔찍한 과거를 모두 다시 겪어야 한단 건가?나는 죽어서도 구원받지 못한 거야?…모든 것을 다시 시작해야 한다면,이번 생에선 스스로 구원하겠어―글로리오사의 강렬하고도 사랑스러운 구원물<꽃을 피우는 아기 가주님>",https://page.kakao.com/content/62543433
너를 소유하는 법,kakaopage,,주원,로맨스,완결,완결,358.2만,9.7,74,3,3시간,"현대로맨스,암투물,트라우마,나쁜남자,카리스마남,계략남,순진녀,순정녀,다정녀,금단의관계,신분차이,드라마","24년간 손과 발이 단단히 묶인 채로 살아왔다머지않아 정략결혼까지 하게 된다면, 완전히 철창 안에 갇힌 새가 되고 말 것이다아버지를 향한 반항심으로, 태어나 처음으로 클럽에 간 날이름 모를 낯선 남자의 손이 아라의 속옷을 움켜쥐려던 그 순간,""아가씨, 여기 계셨습니까?"" 아라의 첫사랑, 경호원 윤5년 전, 아무런 말도 없이 사라졌던 그가마치 꿈속에서 나타난 듯 문가에 떡하니 서 있었다""회장님께서 애타게 찾고 계십니다""""나쁜 놈⋯⋯ 5년 만에 나타난 주제에"" 아버지의 충견으로 180도 다른 사람이 되어 돌아온 윤을 되찾기 위해,아라는 윤이 감추고 있는 비밀을 본격적으로 파헤치기 시작하는데과연 두 사람은 서로를 온전하게 소유할 수 있을까?",https://page.kakao.com/content/60561657
이계막차,kakaopage,휘요,휘요,드라마,완결,완결,373.3만,10.0,91,7,3시간,"동양풍,신령,차원이동물,삼각관계,친구,회사원,이종족,이야기중심",꽃을 피우면 소원을 빌 수 있다고?야근 후 피곤한 몸을 이끌어 겨우 막차를 탄 '강지안'은잠깐 졸게 되고 종착역까지 가버리게 된다그리고 눈을 뜬 그곳은 한 번도 본 적 없는 세상 '이계'였다온갖 요괴와 귀신들 사이에서 돌아갈 방법을 찾는 와중익명의 누군가에게 받은 달맞이꽃을 피우면소원을 빌어 돌아갈 수 있다고 한다그리고 지안에게 나타난 수상한 남자 '찬'소문도 좋지 않고 하는 짓마다 믿음직스럽지 못한 그가지안과 함께 꽃을 피우기로 약속하는데무사히 꽃을 피워 소원을 빌고 다시 돌아갈 수 있을까?,https://page.kakao.com/content/59974943
무존재감,kakaopage,점심,점심,드라마,시즌 휴재,월,57.1만,9.6,46,7,,"호러,서바이벌,성장물,친구,학생,스릴 넘치는","세계는 원인불명 바이러스로 인해많은 사람들이 식인 괴물로 변했고,죽어가는 사람들의 비명소리가 괴물들의 울음소리에 삼켜졌다선천적으로 부족한 존재감으로 주변 사람들의 관심을 받지 못해암울한 삶을 살았던 소년 ‘김종도’는괴물들에게도 관심을 받지 못해 종말 끝에서 살아남았고,어째서인지 김종도는 몇몇 괴물들과 대화가 가능했다그렇게 괴물들과의 소통으로아주 조금이나마 외로움을 달래던 와중에,고등학교 시절 같은 반 여학생 ‘조명’을우연한 계기로 만나게 된다 주변의 무관심과는 다르게김종도를 관심 있게 대하는 몇 안 되는 사람 중 한 명이었고,그렇게 김종도의 ‘무존재감’이 흔들리기 시작한다",https://page.kakao.com/content/61403397
열애 수업,kakaopage,펀치,펀치,로맨스,시즌 휴재,화,710.2만,9.9,64,3,3시간,"현대로맨스,첫사랑,다정남,차도남,능력남,사이다남,순진녀,상처녀,계약관계,나이차커플,사제지간,맞선관계,달달물,애잔물,힐링물","의붓어머니와 자매의 갖은 핍박 속에서 살아가던 지은채어느 날 지옥 같은 집안에서 벗어날 기회가 생긴다바로 옛 스승이자 차운 그룹 차남 차이헌과의 맞선 자리""여긴 네가 있을 곳이 아냐, 돌아가""은채를 본 이헌은 돌아서지만""죽은 듯이, 아무것도 아닌 존재로 살게요제발… 한 번만 도와주세요"" 은채는 그에게 간절히 매달린다그렇게 성사된 조건부 결혼 생활첫째, 의심받지 않도록 뜨겁게 사랑하는 모습을 보여줄 것둘째, 이 결혼을… 1년 후 산산조각 내줄 것두 사람만의 은밀하고 뜨거운 <열애 수업>이 시작된다",https://page.kakao.com/content/59785910
적기사는 눈먼 돈을 좇지 않는다,kakaopage,송재민,송재민,로판,시즌 휴재,월,"1,566.3만",10.0,121,4,3일,"로맨스판타지,먼치킨,회귀물,기사물,중세물,다정남,순정남,능력남,대형견남,직진남,능력녀,걸크러쉬,사이다녀,털털녀,후회녀","황실 기사 유디트는 한때 돈만 쥐여 주면 뭐든 했던 쓰레기였다황실의 개로, 단장의 도구로, 돈의 노예로 살았다가난을 핑계 삼아 죄책감을 버렸다그러나 끝에 있던 건 배신과 죽음이었다하지만 눈 떠보니 6년의 세월을 회귀해 신입 기사 때로 돌아와 있는데…?'이제 돈 때문에 움직이는 칼잡이는 되지 않겠어'이전과는 다른 생을 살겠다며 다짐하는 유디트 앞에적기사단장이 나타나 스카우트하는데……""합당한 대우를 약속하겠다 적기사단에 소속을 두지 않겠나?""흑기사였던 과거를 버리고 적기사로서눈먼 돈을 좇지 않기로 한 유디트이번 생은 후회하지 않는 삶을 살 수 있을까?",https://page.kakao.com/content/57142071
영원한 조연은 없다,kakaopage,,dudu,로판,시즌 휴재,월,92.9만,9.5,39,4,3시간,"로맨스판타지,빙의물,역하렘,왕족/귀족,소유욕/독점욕,짝사랑남,조신남,순진녀,엉뚱발랄녀,쌍방삽질,로맨틱코미디,육아물,착각물","눈을 뜨니 한 순간의 실수로 추락한 조연에 빙의했다“하필이면 여주인공도, 돈 많은 부자도 아닌,대형 사고 한 번 치는 걸로 나오던 그 덜떨어진 신관 엑스트라라니”‘하급 신관 엘레나’가 강제 노역의 위기를 벗어날 방법은 단 하나평민의 신분을 숨기고 황제의 남동생을 가르치는 신학 교사가 되는 것기왕 이렇게 된 거,같은 교사이자 여주인공인 ‘로잘린느’ 옆에서 삼각 로맨스를 직관하고결국은 남주인공인 황제에게 정착하는 러브 스토리나 지켜볼까 했더니…“당신 정말 평민이었군요?”정체를 들킴과 동시에 로잘린느의 무시무시한 민낯을 마주하고 만다그런데… 로잘린느의 일을 대신하며 남주인공들과 엮이기 시작한다?잠깐, 이건 여주인공의 역할이라고하지만 그들의 맹렬한 접근에도 불구하고엘레나에게는 우연히 만난 보잘것없는 수습 기사가 눈에 밟히는데…",https://page.kakao.com/content/62955343
환생 해결사,kakaopage,시대만왕,시대만왕,로판,시즌 휴재,월,4만,9.9,215,4,,로맨스판타지,조연으로 방송계를 주름 잡던 소록하여우 조연상을 받을 정도로 연기가 뛰어나던 그녀였지만과몰입하던 주인공 역의 팬들에게 죽임을 당한다다행인지 불행인지 '서브 여주 시스템' 하양이를 만나수많은 섭녀들에게 빙의해 새로운 삶을 살게 되는데    임무는 조연으로 전락한 여캐들의 운명을 뒤엎고 한을 풀어주는 것소록하는 과연 모든 임무를 완수할 수 있을까?,https://page.kakao.com/content/59900089
전쟁광 남편의 아이를 빼돌렸다,kakaopage,깜자,깜자,로판,시즌 휴재,금,954.9만,9.9,93,3,3시간,"로맨스판타지,빙의물,까칠남,왕족/귀족,외국인남/혼혈,재벌남,능력녀,엉뚱발랄녀,걸크러쉬,직진녀,정략결혼,갑을관계,힐링물,육아물,달달물","한 달 후면 딸과 함께 남편 손에 죽는 악녀가 나라고?전생을 자각하면서 그간의 악녀 인격에서 깨어난 노엘 하지만 개과천선 하자마자 닥쳐온 현실은 무섭기만 하다 이 세계가 자신이 전생에 읽은 소설 속이며, 한 달 후면 딸과 함께 남편에 의해 죽기 때문남편인 루퍼트 아이넬 후작은 유명한 전쟁광이자  저주에 걸려 주기적으로 살생을 저질러야 하는 남자이기에이대로면 소설 속 전개대로 그의 손에 쓱싹당하고 말 것이다 내가 변했음을 알리자 루퍼트와 친해지자 노엘은 어린 딸과 살아남으려면 이 방법뿐이라는 생각에열심히 루퍼트 주위를 맴돌기 시작한다 하지만 명성 자자한 악녀의 변신은 오해만 불러 일으키고 세상에서 개과천선이 제일 쉬웠지만살아남기가 제일 어려운 노엘의 서바이벌, STRAT",https://page.kakao.com/content/59826085
계약 결혼이 끝났다,kakaopage,샛새,뽀,로판,연재중,수,44.9만,9.8,28,3,1일,"로맨스판타지,짝사랑,다정남,순정남,능력남,대형견남,능력녀,자상녀,도도녀,다정녀,계약관계,달달물","[매주 수요일 업데이트]눈속임 부부로 살기로 했던 계약 결혼이 끝났다나는 집안으로부터의 자유를 원했고,그는 기반을 다질 내 집안의 뒷배경이 필요했다그로부터 3년, 우리는 무사히 계약 결혼을 마쳤다이혼 서류에 도장만 찍으면 서로 원하던 삶을 누릴 수 있게 될 터였다“이제 슬슬 이혼 서류 준비를 하는 건 어때요?”“뭐? 그게 무슨 소리야?”“이혼 준비를 하자고요”“그러니까… 이혼이 뭔데?”아니, 갑자기 이게 무슨 소리람3년 내내 다정했던 계약 남편은 어디 갔는지 모르쇠로 일관하는 공작 각하만 남았다 약속했잖아, 당장 이혼 서류에 도장 찍어*원작 : 불탄나비 [웹소설] 계약 결혼이 끝났다",https://page.kakao.com/content/63655016
기적의 물리치료사,kakaopage,,C,드라마,시즌 휴재,화,256.9만,9.8,54,4,1일,"판타지물,현대물,힐링물,일상물,전문직,메디컬,가족,친구,썸,두근거리는,귀여운,사랑스러운,이야기중심,잔잔한","물리치료사 이기적센터는 망하고, 여자친구에게는 차이고되는 것 하나 없는 날, 떨어지는 별을 맞고 나서 상태창이 보이기 시작했다?최고의 물리치료사로 성장하는 이기적의 이야기",https://page.kakao.com/content/61959401
저 같은 정령에게 집착하지 마세요!,kakaopage,miso,고니,로판,연재중,일,544.9만,9.8,85,4,3일,"로맨스판타지,빙의물,역하렘,까칠남,능글남,바람둥이,소유욕/독점욕,왕족/귀족,대형견남,능력녀,철벽녀,계약관계,삼각관계,소꿉친구,달달물","소설 속 엑스트라, 최약체 하급 바람의 정령으로 빙의한 ‘아셀라’나약하기 그지없던 아셀라는 정령들에게 괴롭힘을 당하며, 살아남기 위한 분노를 삼킨다모든 정령은 신의 뜻에 따라 정해진 기사와 맹약을 맺는데, 아셀라는 제국 최고의 기사단장 ‘라세즈 시에르텐샤’와 맹약을 맺게 되었다?“라세즈? 그의 정령은 첫 전투에서 죽게 되는데?”살아남기 위해서는 라세즈와의 맹약부터 끊어내야 한다다행히도 서로의 상대가 되길 원치 않았던 두 사람은 상대가 구해질 때까지만 맹약을 잇기로 하고, 끝이 정해진 “시한부 맹약”을 시작한다우여곡절 끝에 드디어 시한부 맹약의 끝이 찾아오고 아셀라는 드디어 맹약을 깨려는데, 갑자기 태도가 돌변한 라세즈갑자기 맹약을 해지해줄 수 없다고 하는데심지어 어쩌다 주워버린 두 번째 기사 카이로스는 라세즈를 밀어내고 첫번째가 되겠다고 하고, 원작의 남자 주인공인 황태자와 제국의 바람둥이 에드워드까지 본인을 기사로 삼아달라고 애원한다그리고 이 모든 남자들을 질투하는 상급 정령 헤르휘스까지쓸모없는 흙수저 정령이었던 아셀라에게 손을 뻗치는 무수한 남자들이 소설 속에서 조용히 살아남으려던 그녀에겐 부담스럽기만 한데……“저 같은 정령에게 집착하지 마세요”",https://page.kakao.com/content/60392188
그저 여명일 뿐,kakaopage,강기,강기,로맨스,시즌 휴재,월,23.7만,10.0,30,2,,"현대로맨스,첫사랑,학원물,능글남,소유욕/독점욕,츤데레남,순정남,능력녀,까칠녀,상처녀,사이다녀,직진녀,친구>연인","그녀는, 꼭 태풍 같았다가만히 숨죽이고 있던 그의 계절을함부로 뒤흔들어 버린“나랑 아는 사이 돼서 너한테 좋을 거 없어”“왜? 네 소문 때문에? 난 별로 신경 안 쓰는데”지켜 줄까, 깨트려 버릴까모순적인 기분에 휩싸이며, 그는 깨달았다자신은 그 안으로 들어가고 싶은 것이었다'윤준영'의 세상 속으로",https://page.kakao.com/content/62449485
무협지 최고 악당의 귀한 딸입니다,kakaopage,다우,쌀국수,로판,시즌 휴재,월,"2,998.8만",9.9,120,3,1일,"시대/역사로맨스,무협물,까칠남,다정남,상처남,순정남,집착남,대형견남,능력녀,삼각관계,엉뚱발랄녀,걸크러쉬,차도남,환생물,육아물","부잣집 딸로 환생한 줄 알았건만, 무협지 최고 악당의 딸로 태어났다?무관심한 아빠, 결국 날 죽이는 오빠,살아남기 위해선 어서 무공을 익혀 튀어야 하는데이 두 빠빠 왜 자꾸 날 귀여워하는겨?",https://page.kakao.com/content/56762916
쓰레기장 속 황녀님,kakaopage,오십,해루아,로판,완결,완결,"2,231만",9.9,100,3,3일,"로맨스판타지,재회물,가족후회물,성장물,가족물,인외존재,까칠남,소유욕/독점욕,다정남,자상녀,엉뚱발랄녀,외유내강,다정녀,나이차커플,드라마","황궁 숲 속 버려진 성에 홀로 살고 있는 아이 아이는 황제의 잊혀진 자식이었다""나는 거짓말쟁이가 싫어 혼자서도 잘 살 수 있어""긴 기다림 끝에 황제가 찾아오지만 아이의 마음은 이미 굳게 닫힌 상태였다""네게 이름을 지어주마""""이름?""""에스트렐라, 그게 네 이름이란다 …기다리게 해서 미안하다, 아가""조금은 특별한 능력을 가진 아이와 그녀의 새로운 가족의 이야기 상처 많은 에스트렐라의 가족 힐링물",https://page.kakao.com/content/55166366
새벽을 사랑하는 방법,kakaopage,은섬,은섬,로맨스,시즌 휴재,월,7.3만,9.8,30,31,,"현대로맨스,학원물,성장물,짝사랑,다정남,조신남,엉뚱발랄녀,상처녀,친구>연인,힐링물","성적 평범 특기 없음 하고 싶은 것 없음 열여덟의 끝자락, 고3을 앞두고‘현실 자각 타임’을 정통으로 겪고 있는유성의 밤은 길기만 하다 모든 게 잘난 절친과는 출발선부터 다른 것 같고빛나던 어린 시절은 다시는 꿀 수 없는 꿈같다하면 할수록 스스로를 초라하게 만드는 생각들은유성을 점점 더 깊고 어두운 밤에 가둔다 어김없이 찾아온 밤,시끄러운 가족들을 피해 향한 편의점에서특이한 모습의 여자아이 새벽과 조우하는데… 독특한 인상을 남기고 사라진 그 애는다음날 유성의 반에 전학생으로 다시 등장한다심지어 짝꿍… 현실과 동떨어져 있는 듯한 새벽과친구가 되면서 밤에 멈춰있던 유성의 시간이점차 새벽을 향해 흐르기 시작한다 그러나, 곧 새벽 또한 깊은 밤에갇혀있단 사실을 깨닫게 되는데… 이 이야기는 우리가 밤을 이겨내고새벽을 향해 가는 이야기 새벽을 사랑하는 방법",https://page.kakao.com/content/62473886
막장드라마의 제왕,kakaopage,,아이라,드라마,완결,완결,439.2만,9.9,126,4,3일,"귀신,회귀/타임슬립,배우,PD/감독,기묘한,이야기중심,현대물,판타지물,썸,작가,일상물","""다시 태어난다면 막장 드라마를 만들고 싶어""죽기 직전, 주마등처럼 스친 소원 하나정체 모를 '시스템'은 이 엉뚱한 소원을 접수해버린다이현석은 막장 드라마를 만들기 위해 PD  시절로 회귀하는데…유령이 된 명감독 김철, 미래의 대배우 이설그리고 현석의 목숨을 건 '막장 드라마' 제작기 막장을 노린 드라마는 점점 세계적 인기를 누리며 판이 커지고 만다",https://page.kakao.com/content/57625870
흑막을 치료하고 도망쳐버렸다,kakaopage,DNDM,일하나,로판,완결,완결,404.8만,9.8,71,4,1일,"로맨스판타지,빙의물,운명,다정남,순정남,왕족/귀족,상처남,직진남,능력녀,자상녀,순정녀,다정녀,계약관계,달달물","좋아하는 소설 속으로 환생한 에블린하지만 불행하게도 그녀가 맡은 역할은, 막대한 신력을 지녔지만 이용만 당하다 비참한 죽음을 맞는 엑스트라백작가에 입양돼 갖은 학대와 수모를 당하면서도 신력을 쓰지 않고 버텼다 모든 건 이 소설의 남자 주인공, 저주받은 흑막 대공에게 납치당하기 위해서 ""예언을 하나 들었는데, 네가 내 저주를 풀 수 있을 거라더군""""네, 다만 조건이 있어요 이 제국을 떠나서 살 수 있는 돈이 필요해요"" 살아남기 위해서는 예언 속 여신이자 여자 주인공, 코델리아인 척해야만 한다에블린이 원하는 건 로맨스가 아니라 자유뿐계약은 순조로웠다 ……에블린이 여자 주인공이 아니라는 걸 들키기 전까진 ""감히 날 속인 것도 모자라 도망을 쳐? 그 책임의 무게가 가볍진 않을 거야""결국 이대로 죽는 건가 싶어 눈을 질끈 감았는데, ""나와 혼인하지"" 응? 흑막 대공이 어디가 이상하다*원작 : 이이리 [웹소설] 흑막을 치료하고 도망쳐버렸다",https://page.kakao.com/content/61192172
혼자 레벨업 합니다,kakaopage,방개,방개,판타지,시즌 휴재,월,"1,167.1만",9.5,160,3,1일,"게임,생존,이능력","짐꾼으로 일하던 한열 오매불망 기다리던 각성과 함께 헌터가 되다그런데 이게 웬일? 몬스터를 잡아서 레벨업을 하고, 행동을 통해 스킬을 획득하라고?************************************************************신필 작가님의 인기 웹소설 <혼자 레벨업 합니다>을 웹툰으로 만나보세요************************************************************",https://page.kakao.com/content/55815081
깨어났더니 20년 후인데요!,kakaopage,,오노 아키히토,드라마,완결,완결,4.8만,8.7,50,3,1일,"서양풍,권선징악,전생/환생,초월적존재,썸,여주중심",독살의 위기에서 전생의 기억을 되찾은 피오리아 하지만 의식을 되찾은 건 20년 후? 상상초월 악역 영애의 상쾌한 복수극,https://page.kakao.com/content/61702881
미생 시즌2 2부,kakaopage,윤태호,윤태호,드라마,완결,완결,765.6만,9.8,123,5,3시간,"현대물,경영,성장물,회사원,이야기중심",자신의 삶을 승리하기 위해 한 수 한 수 돌을 잇는 사람들의 이야기,https://page.kakao.com/content/57840545
맛있는 세 끼 - 저스트 더 투 오브 어스,kakaopage,사각,"곁, 자오",로맨스,시즌 휴재,월,217.8만,9.9,41,3,1일,"현대로맨스,성장물,메디컬물,전문직물,우연한만남,까칠남,상처남,동거물,사이다남,능력남,다정녀,상처녀,달달물,힐링물","S대 병원 소아 응급실을 지배하는 폭군, 차수혁환자를 제외한 모든 것들에 까칠하기만 한 그에게 고민이 하나 있었으니,바로 한국에 들어온 지 얼마 안 되어 음식이 입에 맞지 않는다는 것그러던 어느 퇴근길, 맛있는 냄새에 이끌려 간 곳에서어쩐지 따뜻해 보이는 도시락집을 발견한다“먹고 맛없거나 식중독에 걸리면 항의하세요 가게가 어딘 줄은 아시죠? 저는 <맛있는 한 끼>의 대표, 이윤아입니다”남은 도시락이 없다며 제가 먹을 돈가스 샌드위치를 시식용으로 건네는 윤아를의심스럽게 바라보며 그것을 받아 든 수혁“하지만 단언컨대 제 단골이 될 거예요”윤아의 장담대로 그녀의 단골이 된 그는하루 세 끼 도시락을 시키는 것은 물론,자신을 먹여 살리는 그녀를 만나기 위해 자꾸만 가게로 향하게 되는데……**********************류향 작가님의 <저스트 더 투 오브 어스>의 본격 웹툰화차도남 수혁을 도시락 하나로 길들인 윤아의 힐링로맨스를 만나보세요**********************",https://page.kakao.com/content/62743785
양극의 소년,kakaopage,은송,은송,액션,완결,완결,"1,910.4만",9.9,189,15,12시간,,"알텝 바이러스로부터 살아남은 자들은 인류의 퇴화인가, 진화인가2016년, 전대미문의 치명적인 바이러스인 '알텝 바이러스'가 퍼진다그 바이러스의 영향으로 일부 사람들은 식인 괴물 '웜'으로 변이하거나, 인간의 신체적 한계를 초월한 '헤테로'로 변이한다헤테로 강하루는 과거 신서울 테러 사건의 생존자로 ISO 대원을 꿈꾸는 고등학생이다몇 년 후, 하루가 다니는 신서울 고등학교에 ISO 대원이 방문하고, 특별 강의 중 돌연변이 웜의 등장으로 강당 안은 순식간에 아수라장이 되는데…<양극의 소년>은 매주 월요일에 연재됩니다",https://page.kakao.com/content/52618479
홈마에게 찍혔을 때,kakaopage,레드피치 스튜디오,레드피치 스튜디오,로맨스,완결,완결,40.7만,9.8,50,3,1일,"현대로맨스,영혼체인지,애교남,연하남,능력남,걸크러쉬,사이다녀,엉뚱발랄녀,순정녀,나이차커플,배틀연애,로맨틱코미디","""왜 거울에 내 얼굴이 아니라, 내 최애 남우수 얼굴이 있지?""내 이름은 최도리 빠순이다데뷔 초부터 6년을 내 아이돌,남우수만 좋아했지만돌아오는 건 철저한 무시뿐이었다하지만 그런 내 눈앞에 나타난망할 케이팝의 Fairy진짜 내 몸에 우수를 넣은 거야?""난 케이팝의 Fairy★ 당신의 빠순이 포인트를 몸 체인지 권으로 교환해 드릴게요""지능 되찾고 탈덕하려고 했는데누구도 원치 않은 이 상황 뭐냐고근데, 오늘 얼굴은 못 찍으면 죽어야 하는 얼굴인데?""우수야 스트로보 들고 포토콜 하는 곳으로 와 스트로보AA 건전지 12개 사는 거 잊지 말고""""도리 누나 그게 뭔데요?""""오늘 꼭 찍어야 해 빨리 와 제발 제발요 선생님""천재 아이돌 남우수와 최애바라기 홈마 최도리리얼 현실 고증,몸 체인지로 눈물 없인 볼 수 없는 역지사지 로맨스",https://page.kakao.com/content/62080380
미남이시네요,kakaopage,초이,"해미, 진선",드라마,완결,완결,7.3만,9.9,50,3,1일,"현대물,동거,오해,짝사랑,친구,삼각관계,귀여운,여주중심,사랑스러운,이야기중심,가수,금단의관계,썸","“뭐? 오빠 대신 ANJELL멤버가 되어달라고?” 세상과 단절된 채 수녀의 길을 걷던 미녀어느 날, 그런 미녀에게 쌍둥이 오빠 미남이 무리한 부탁을 해온다무려 대한민국 최고의 아이돌밴드‘ANJELL’의 새 멤버 행세를 해달라니?그러나 차마 오빠의 부탁을 거절할 수 없는 그녀는결국 남장까지 감행하며 ANJELL에 합류하게 된다차갑지만 매력적인 얼굴을 가진 냉미남 리더 태경,부드럽고 온화한 인상의 온미남 신우,화사하고 귀여운 느낌의 제르미까지별안간 천사같은 외모의 세 남자에게 둘러싸인미녀의 좌충우돌, 고군분투기",https://page.kakao.com/content/62980445
"성자는 개뿔, 현대의학의 힘이다",kakaopage,로렌조,함미,판타지,시즌 휴재,월,754.2만,9.8,83,3,1일,"차원이동,메디컬,환생,먼치킨,성장,마법사,성직자,의사","천재 의사로 의학계에 이름을 떨치던 유성수술실을 집처럼 여기던 그는 어느 날 교통사고로 죽게 되고,정신을 차려 보니 다른 세계로 떨어져 버렸다그런데성녀…성국…힐링 마법이라고?""내가 얼마나 힘들게 의학을 배웠는데, 손만 대 놓고 치료 끝?아, 나 진짜 미쳐버리겠네""",https://page.kakao.com/content/59422125
무명도,kakaopage,손승휘,하승남,무협,연재중,연,"9,183",10.0,103,4,,"정통,먼치킨,무림,생존,성장,조력자,검,군인,낭인",'칼도 칼의 주인도 명성이 없다'내공도 모르고 무림도 모르는 한 사나이가 오로지 이상하게 생겨먹은 도 한 자루를 가지고 강호를 종횡하면서 이름 없는 유명인이 되어간다,https://page.kakao.com/content/59514091
다시 한번 아이돌,kakaopage,메이 스튜디오,메이 스튜디오,드라마,연재중,월,"1,402.7만",9.9,132,3,3시간,"판타지물,현대물,회귀/타임슬립,라이벌,가수,매니저,고퀄리티,남주중심,두근거리는,스릴 넘치는,이야기중심,힐링물,일상물,전문직,노블코믹","데뷔를 눈앞에 둔 아이돌 그룹의 멤버 ‘서현우’ 프로필 촬영 날 현장 당시의 사고로 인해 한쪽 얼굴에 흉측한 흉터가 생겨 데뷔의 꿈이 무너지게 된다 매니저의 권유로 아이돌 트레이너를 맡게 되지만 누추한 나날들을 슬픔으로 보내던 어느 날, 담당 아이돌 그룹을 따라 해외로 떠나는 비행기에 올랐으나, 갑작스러운 이변으로 비행기 추락사고가  그런데 “너 아까부터 잠꼬대를 왜 이렇게 시끄럽게 하냐?” “돌았냐느니, 돌아간다느니” 정신을 차려보니 한참 데뷔조에 들기 위해 준비하고 있었던 19살 때로 회귀하게 됐다?  외모는 19살의 외모를 가졌지만, 회귀 전 트레이너 경험으로 다져진 아이돌 서현우 그가 다시 한번 아이돌이 되기 위한 성장 이야기",https://page.kakao.com/content/57711142
생존학 개론,kakaopage,하루,"스튜디오 크힛, 하루",액션,완결,완결,205.1만,9.8,65,4,1일,"격투,전쟁,생존,복수,조력자,먼치킨","'기억해라''하나, 둘, 셋, 넷, 다섯, 여섯, 일곱 여덟''끝까지 기억할 것이다 끝까지'나의 아내 줄리아가 놈들에게 짓밟힌 날, 내 모든 삶과 목표는 뜨거운 증오로 물들었다 그래, 놈들을 죽여야 한다""복수가 끝나는 날, 나도 그녀의 옆에 묻어 줘""그날까지 나는, 살아남아야 한다목숨을 건 이 생존 게임에서",https://page.kakao.com/content/61547597
망할 가문을 살려보겠습니다,kakaopage,무늬랑,NU,로판,연재중,월,"3,116.2만",10.0,132,11,1일,"로맨스판타지,차원이동물,냉정남,뇌섹녀","구성작가로 치열하게 살아가던 나 지연우는 비명횡사 후 동료작가가 재미로 쓴 소설 [오시리아 연대기]에 빙의하고 만다그것도 몇 장 나오지 않았던 엘리어스 가문의 다섯째 딸, 고도비만 준 히키코모리 영애인 태라 엘리어스로산넘어 산이라고 이 가문은 곧 역적으로 몰려 멸문하고, 직계 가족은 모두 단두대 행 고로, 곧 태라도 죽는다그래서 태라는 아니, 태라의 몸에 빙의한 지연우는 최대한 이 가혹한 운명에서 벗어나려 고군분투한다그렇게 모든 일들이 순조롭게 흘러갈 줄 알았다 온갖 재능을 신이 몰빵한 그 놈 제국 황위 서열 2위 카일 아무르 2황자와 엮이지만 않았더라면",https://page.kakao.com/content/54740855
비선실세 레이디,kakaopage,멍이,청해,로판,시즌 휴재,월,"2,144.9만",10.0,85,4,3일,,"역하렘 소설 속 여주인공의 하나뿐인 동생으로 빙의했다게다가 한 번 크케 앓다 깨어난 탓에, 여주인공이 유난히 애지중지한다그걸 이용해서 언니에게 상처만 준 갱생불가 쓰레기 원작 남주를 물리쳤더니……'리리, 안녕? 혹시 케이크 좋아하니?''리리는 언니를 닮아서 정말 예쁘구나 쿠키 먹지 않을래? 언니한테는 멋진 오빠가 줬다고 꼭 말해주고''이거 먹고 잠깐 저쪽으로 가 있지 않을래? 아저씨랑 언니랑 긴히 할 말이 있어서 그런데'어째서인지 다른 남주 후보들이 나에게 잘 보이지 못해 안달이다 ***""못 생긴 애랑은 같이 안 놀아""눈앞의 남자아이가 한껏 심통난 얼굴로 중얼거렸다어쭈 그렇게 나온다 이거지?이 구역 실세의 맛을 보여주지나는 언니의 옷자락을 슬며시 잡아 당기며 불퉁하게 뇌까렸다""나 쟤 싫어 그러니까 쟤 데려온 오빠도 싫어""동시에 세드릭의 얼굴이 흡사 사망 선고를 들은 사람처럼 하얗게 질렸다#책빙의 #실세 뽀시래기 여주 #눈치 빠른 여주#세계 제일 미인 자매 #자매가 차린 역하렘",https://page.kakao.com/content/58094906
발푸르기스의 너머,kakaopage,귄,귄,드라마,시즌 휴재,월,18.9만,9.9,52,53,,"중세물,초월적존재,고퀄리티,기묘한,이야기중심","19세기 중반 프로이센, 악마 메피스토펠레스와 계약한 ‘쾨니힐스베르크의 마녀’라 불리는마리야 파우스트 박사는 ‘죽은 사람을 살릴 수 있는 방법’을 찾기 위한 여행길 도중 소설가를 꿈꾸는 호기심 많은 청년 마르틴과 만나게 된다 파우스트는 그를 적대시하던 악인 발렌틴에 의해 한 차례 무너지지만, 그녀를 흠모하는 마르틴과 제자 바그너의 도움으로 다시 일어선다 온갖 일들 끝에 파우스트는 그토록 찾던 진리를 찾지만, 자신의 잘못 또한 깨닫는데… 결국 죽어가는 이들을 살리면서 마침내 삶의 환희를 느끼게 된 파우스트 그녀는 과연 마녀였을까?",https://page.kakao.com/content/61640511
"남편은 됐고, 돈이나 벌렵니다",kakaopage,,몰코,로판,시즌 휴재,월,"2,776.1만",10.0,70,3,3일,"로맨스판타지,착각물,복수물,암투물,첫사랑,운명,초월적존재,다정남,순정남,왕족/귀족,조신남,능력녀,엉뚱발랄녀,사이다녀,정략결혼","여친 있는 남자의 아내가 되어 버렸다음, 건드리지 말아야겠지?“그럼 넌 바닥에서 자”“뭐?”싫은 눈치다그래, 바닥은 딱딱하지그렇다면 어쩔 수 없다“손만 잡고 잘게 누나 믿지?”그런데 어쩌다 남편과 첫날밤에 침대를 부숴 버린 걸까……*황제의 눈밖에 나 유폐당한 황녀, 아리스티네사실 그녀는 미래와 현재, 과거를 모두 볼 수  있는 <제왕안>의 소유자였다정략혼의 희생양이 된 그녀는 괴물 같은 야만인과 맺어지는데……“가장 귀한 것을 내 신부님께 드려야지”괴물이라던 예비 남편님이 지나치게 멀쩡하다하지만 이 떡은 남의 떡‘돈이나 벌어야지’자고로 황금 보기를 내 것같이 하라고 했다<남편은 됐고, 돈이나 벌겠습니다>과연 그녀는 돈방석에 앉아 자유롭게 사는 꿈을 이룰 수 있을까?아니면 두 마리의 토끼를 동시에 잡게 될까?",https://page.kakao.com/content/59978716
1RM의 기간트 라이더,kakaopage,쿠도,SY스튜디오,판타지,연재중,목,848.1만,9.7,34,3,3시간,"게임,퓨전,미스테리,환생,기갑,SF,아포칼립스,전쟁,레이드,먼치킨,마계,시스템,영웅/신화","21세기 지구의 기억을 가진 채,마법과 강철의 대륙, 라니아케아에서이름도 없는 역민으로 환생한 강거한 노예나 다름없는 역민의 삶을 벗어나기 위해서는,'마성의 돌'을 들어 올려 기간트 라이더가 돼야 한다'등 세우고''엉덩이 쪼이고''배 아래 깊숙이까지 숨을 들이마시고'트레이너였던 전생의 지식을 이용해헬스하듯 마력을 쌓고,높디높은 신분제의 사다리를 오른다증기기관차 같은 폭풍성장과, 강철이 맞부딪히는 대전쟁의 현장웹툰으로 돌아온 <1RM의 기간트라이더>",https://page.kakao.com/content/63415654
악역을 교화시켜 버렸다,kakaopage,다라,다라,로판,시즌 휴재,금,122만,9.9,36,4,1일,"로맨스판타지,빙의물,소유욕/독점욕,집착남,존댓말남,냉정남,무심녀,왕족/귀족,사이다녀,털털녀,달달물,개그물,힐링물","악역 서브남주에게 초반부터 살해 당하는, 소설 속 조연으로 빙의했다  그런데 악역이 이런 소리나 늘어놓는다""당신은 산을 노니는 사슴만큼 우아합니다"" 나는 정말로 길거리의 돌멩이처럼 숨만 쉬며 살다가 죽으려 했는데 이 악역, 나를 죽일 생각이 없다비상이다",https://page.kakao.com/content/63342465
책 먹는 마법사,kakaopage,,크루 이스트우드,판타지,시즌 휴재,월,944.3만,9.9,114,3,1일,"정통,라이트노벨,학원,노력,성장,마법사,포식/흡수","“…학생, 자네가 지금 몇 서클이지?”3년째 아카데미를 졸업하지 못하고 있는 낙제생, 테오도르 밀러명석한 두뇌와 의지만으로는 재능이란 벽을 뛰어넘어 수 없었고,마법사가 될 수 없는 불운한 현실은 계속 되었다그렇게 절망과 한숨의 나날 끝에 새로운 전환 점이 찾아오게 되는데탐욕스럽게 지식을 탐닉하고 주인의 힘으로 만들어주는 탐욕의 마도서, '글러트니'가 테오도르의 손에 깃들게 되었다어느 책이든 손만 뻗으면 그 속의 어떤 마법이라도 그의 것이 된다이제 수석 졸업은 따놓은 당상 아니, 세계 정복도 시간문제?“그래, 전부 다 먹어 치워주마”노력과 근성만으로는 안 된다고? 그게 아니라 다 때가 있는 법순도 99% 노력파 마법사에게 '살짝 귀찮은' 1%의 기연이 찾아왔다",https://page.kakao.com/content/57464612
12구역,kakaopage,로븐,로븐,액션,연재중,월,28.3만,9.6,40,3,3시간,"먼치킨,군인,초능력","핵 전쟁으로 발전한 3차 세계대전 후 100년문명의 소멸 직전 과학자들의 노력으로 위기를 극복한 인류는 단결하여 '세계정부'를 창설하고안전하게 살아갈 수 있는 대도시, 안전구역 '돔'을 마련했다 인구 증가에 따라 돔은 포화 상태가 되어 대책으로 서울에 새로운 돔 건설이 추진되지만오랜 기간 무정부 상태였던 서울의 이권을 가진 폭력 조직들이 이를 방해한다 이 사태를 두고 볼 수 없었던 세계정부는 폭력조직을 물리치고 돔을 건설하기 위해정부 대행 법 집행자 '알파'와 행정관 '엠버'를 서울에 파견한다",https://page.kakao.com/content/62140202
악당들에게 키워지는 중입니다,kakaopage,율리(Terapin),이아송,로판,시즌 휴재,월,"2,032.7만",10.0,56,3,1일,"로맨스판타지,육아물,성장물,빙의물,가족물,수인물,신데렐라,능력녀,무심녀,철벽녀,상처녀,순진녀,다정녀,치유물,힐링물","즐겨보던 로판 소설의 엑스트라 소녀로 빙의한 지 1년 만에 내가 곧 쫓겨날 신세라는 걸 알게 됐다 차라리 내 발로 집을 나가겠다고 했더니, “사실은 이 아이가 내 따님입니다 그렇지, 따님?” 사이코패스 망나니 공자의 눈에 들어 버렸다? ‘놀이 후에 상대한테 준 돈이 섬 하나를 살 정도였다던데?’ 그에게 어울려 주면 일확천금을 얻을 수 있다기에 훌륭히 딸 노릇을 하고, 몇 달 뒤 두둑해진 통장과 함께 자의 반 타의 반 집을 나왔다 “내가 떠나라고 할 때까지 계속 내 곁에 있거라” 그런데, 나를 놀잇감으로 여기던 아빠가 날 찾아와 붙잡는다",https://page.kakao.com/content/61822163
황자님께 입덕합니다,kakaopage,죽선,죽선,로판,휴재,휴재,"1,633.7만",10.0,79,3,7일,"로맨스판타지,운명,왕족/귀족,엉뚱발랄녀,다정녀,로맨틱코미디,재회물,짝사랑,첫사랑,순정남,다정남,직진남,직진녀,애교녀,삼각관계","취미로 쓴 팬픽이 선풍적인 인기로 황족의 귀에까지 들어가 불경죄로 체포된 안젤라 그러나 팬픽 덕분에 1황자의 이미지가 좋아지고, 그 누나인 황녀는 이를 정치적으로 이용하기 위해 안젤라를 곁에 둔다 덕분에 마음껏 덕질하는 안젤라와 그런 안젤라가 껄끄러운 1황자 둘은 티격태격하면서도 점차 가까워지는데…",https://page.kakao.com/content/54187777
신이 쓰는 웹소설,kakaopage,넥스트레벨스튜디오,넥스트레벨스튜디오,판타지,완결,완결,149.6만,9.5,54,5,1일,"복수,빙의,천마,무공,만능,객잔무협,신,작가,퓨전,시스템,성장,검사,마교,회귀,먼치킨","‘눈을 떴더니 소설 속 주인공에 빙의’라는 흔한 클리셰인 줄 알았더니……주인공 이환의 회귀 전 과거, 세계관, 설정, 인물들까지 정해진 것이 아무것도 없댄다신, 아니 작가님이 말씀하셨다“내가 웹소설을 쓰는 방식은 너희들과는 좀 다를 거야”이거 달라도 너무 다른데?카카오페이지 1억뷰 「전생자」, 나민채 작가의 신작 웹소설 원작 넥스트레벨스튜디오와 만나 웹툰으로 탄생",https://page.kakao.com/content/61708579
엘리트 공주님의 수석지침서,kakaopage,,울트라미디어,로판,완결,완결,228.4만,9.9,68,3,1일,"로맨스판타지,성장물,여주판타지,운명,다정남,상처남,순정남,왕족/귀족,츤데레남,직진남,능력녀,순정녀,삼각관계,힐링물","제국의 침공으로 시작된 불행한 결혼 생활 거기다 친오빠의 전사 소식까지…절망의 끝자락에서 이사벨 공주는 행복했던 어린 시절로 회귀하게 된다그저 악몽이라 치부했던 과거가 하나둘씩 재현되자,반드시 미래를 바꿔 놓으리라 다짐하는데…카발라 아카데미 수석 졸업생이라면, 새로운 미래를 꿈꿀 수 있지 않을까?호락호락하지 않은 동급생들 사이 그녀가 맞이할 결말은?",https://page.kakao.com/content/61015647
사기꾼이지만 괜찮아,kakaopage,차차,위연,로판,연재중,월,420.1만,9.9,69,3,1일,"로맨스판타지,복수물,회귀물,가족물,능글남,다정남,소유욕/독점욕,능력남,능력녀,걸크러쉬,계략녀,사이다녀,로맨틱코미디","""서류에 서명하시면 레이디께서는 앞으로 1년간 르비어스 공작부인이 되십니다""“계약에 대한 대가로 선금 십만 루블, 완수되는 날 백만 루블을 받으시게 됩니다”황가에 버금가는 위상을 가진 르비어스 공작의 떠도는 소문을 잠재우기 위해 시작된 계약 결혼그 소문은 [르비어스 공작과 처음 혼인하는 여자는 저주로 인하여 1년 안에 급사한다]는 것""그런 사특한 소문을 낸 자는 공작가의 힘을 총동원해서라도 찾아내 엄벌을 내릴 겁니다 소문은 신경 쓰지 마십시오 레이디""“저는 정말 괜찮답니다”왜냐하면그 소문, 내가 낸 거거든제국을 등쳐먹는 최고의 사기꾼을 꿈꾸는 인생 2회차 세이젤지난 생의 감방 동기들을 줍줍해서 제대로 사기 치며 대놓고 막살려고 했는데…이 남자, 엄청난 호구 같은데 어딘가 수상하다정중하긴 한데 어딘가 음흉해 보이는 것 같은데?과연 이 계약은 무사히 완수될 수 있을까?",https://page.kakao.com/content/60894798
그땐 득템인 줄 몰랐다,kakaopage,차우렌즈,해바라기,판타지,시즌 휴재,목,124.4만,9.4,40,3,1일,"게임,퓨전,육아,AI,성장,검사,기갑,아티팩트,플레이어","게임으로 생활비를 벌어 먹고 사는 서연우에게 부여된 히든 퀘스트게임 속에서 몇 달을 고생해 보상으로 받은 큐브 쪼가리는 어디에 쓰는 물건인고? 이거 완전 사기꾼들 아니야 내 피같은 시간 내놔그런데 큐브가 내 손에 닿자 신기한 일이 벌어졌다 ""고대 마도 병기 '기간테스 다크'의 주인이 되셨습니다""나 이제 인생 핀거야? 대박 난거야? 생계형 게이머 서연우와 고대병기 기간테스 다크의 모험이야기",https://page.kakao.com/content/62258663
얼음램프 - 기라 연대기,kakaopage,적새,도그,로판,완결,완결,15.6만,10.0,74,3,3일,"로맨스판타지,남장여자물,성장물,기사물,운명,인외존재,남장여자,초월적존재,다정남,순정남,능력녀,순진녀,갑을관계,신분차이,드라마","홀로 세상에 내던져진 열네 살 남장소녀 기라운명의 갈림길에서 신비로운 존재와의 계약으로 남자 목소리를 얻고 더 큰 세상으로 나아가기 위해 대귀족의 종이 된다평민에서 시동으로, 그리고 전장을 이끄는 기사가 되기까지 기라는 상처받고 연마되며 성장한다 하지만 기라는 권력자들의 게임판에 놓인, 언제든 소비될 수 있는 하나의 도구일 뿐특별한 힘과 재능이 있어도 기라에겐 선택권이 없다 기댈 사람 한 명 없는 여자의 몸으로 기라는 다른 이들이 정해 놓은 자신의 운명을 바꿀 수 있을까?",https://page.kakao.com/content/59302546
왕위 계승자 때려치겠습니다,kakaopage,텐센트동만,텐센트동만,액션,완결,완결,66.9만,9.3,162,4,2일,"차원이동,레이드,좀비,환생,하렘,학원,SF,성장,조력자,포식/흡수,이능력,초능력,학생","루게릭 병으로 병원에서 죽은 듯 살아가는 김선우,결국 아무것도 하지 못한 채 억울한 죽음을 맞이하게 된다하지만, 그가 깨어났을 때는 지구가 아닌 '아르탄 행성'이라는 이세계에서 환생하게 되는데그곳은 지구와 별반 다를 것 없이 인간들이 존재했지만운석의 충돌로 인해 '프레데터'라는 괴물이 나타나고인간들을 잡아먹기 시작했다하지만, 그와 동시에 프레데터가 아닌 '각성자'즉, 초능력자로 변하게 된 사람들은인류를 구원하기 위해 프레데터들과싸우게 된다그 중 첫번째로 운석의 힘에 노출되었던 남자,'강 현'은 다크니스라는 UR급 초능력을 가지고72명의 아르탄 수비대와 함께 프레데터들을 무찔렀고대 프레데터용 방벽 도시, '아르탄 시티'를 건설하고인류의 왕이 된다하지만, 이후 프레데터 대침공으로그는 행방불명이 되었고 모두가 죽었다고생각하게 된다김선우는 그런 강현의 힘을이어받아 이곳으로 넘어오게 된""왕위 계승자""였던 것이다하지만, 김선우는 모처럼 얻은 새 인생을왕 같은 귀찮은 일에 시간을 소비하고 싶지 않아 하는데",https://page.kakao.com/content/57779001
취접냉월,kakaopage,레이카,보민,로맨스,시즌 휴재,월,204.6만,9.9,102,4,1일,"퓨전사극,동양풍,재회물,무협물,운명,우연한만남,다정남,능력녀,걸크러쉬,드라마","대한민국 만화계의 거장, 황미나 작가의 고전 명작이 웹툰으로 리메이크 되다‘차가운 달이 뜨니, 취한 나비가 날아드는구나’유능한 암살자 냉소월은 어릴 적부터 암살 문파인 현진문에서 자라,곧 문파 최고의 암살자인 특급살수를 목전에 두고 있다그녀의 목표는 집안을 멸문시킨 ‘단혼오공표’의 흔적을 찾아 복수하는 것하지만 특급살수가 되기 위한 마지막 목표를 두고,그녀는 현존하는 무림 최고의 방파, 천응방의 후계자인 백운비를 만나버린다자신과는 다르게 밝고 정의로운 운비를 보며 소월은 정체불명의 감정에 휩싸이는데…무림을 배경으로 펼쳐지는 치열하고 아름다운 사랑과 복수―ⓒ보민,레이카(원작: 황미나,진산)/학산문화사",https://page.kakao.com/content/59029868
망향무사,kakaopage,범버엄,후연,무협,시즌 휴재,월,268.4만,9.7,86,4,1일,"정통,무림,복수,마교,무당,귀환","[매주 월요일 연재]""전장의 유령늑대, 무림에서 포효하다""10년 전쟁이 끝난 후 고향으로 돌아온 소천호아버지는 돌아가시고 가족 같던 사제 백동근은 행적을감췄다어린 시절 친구 소혜와 잠시나마 행복한 시간을 보내지만병에 걸린 소혜는 죽기 전 자신의 딸 휘연을 부탁한다모든 것을 잃은 천호는 휘연을 지키기 위해 무림인들과끝없는 싸움을 시작하는데…부러지지 않는 강골, 압도적인 힘을 가진 상남자사랑하는 여인의 아이를 지키기 위해 모든 것을 걸다―",https://page.kakao.com/content/60257175
70억분의 1의 이레귤러,kakaopage,럭키나인,구자로,판타지,완결,완결,286.1만,9.7,103,3,3일,"게임,레이드,전쟁,먼치킨,천재,성장,검사,플레이어","[게임][파티][레이드][전쟁]과도한 감각 증폭 현상인 ‘선천적 과몰입 증후군’으로 가상현실을 할 수 없는 주승호어느 날 그에게 색 모를 동아줄이 내려온다바로 ‘4세대 VRS’ 기기의 테스터테스터를 거쳐 가상현실을 할 수 있게 되었을 때, 처음으로 생각했다자신이 잡은 것은 금으로 만들어진 동아줄이었음을통칭 4세대라 불리는 ‘Lost Sky Online’을 체험했을 때, 깨달았다‘선천적 과몰입 증후군’은 과거엔 독이었지만, 사실 축복이었다는 것을평소의 내가 아닌, 새로운 나로 변하는 시간[로스트 스카이의 세계에 오신 것을 환영합니다]",https://page.kakao.com/content/59150128
그 공작가에는 괴물이 살고 있다,kakaopage,꿈꾸,꿈꾸,로판,완결,완결,3.2만,10.0,53,4,,로맨스판타지,"붉은 눈으로 인해 사람들에게 박해받던 프리지아는 자신을 구해준 은인인 벤에게 자신의 생일에 오랫동안 간직했던 사랑을 고백하고자 한다 하지만 생일 전날, 숲 속에서 피를 마시는 붉은 눈의 벤과 마주하게 되고 그의 정체가 옛 이야기 속에 나오는 뱀파이어라는 것을 알게 되는데?",https://page.kakao.com/content/61369317
대사형 선유,kakaopage,노경찬,박창환,무협,시즌 휴재,월,206.3만,9.6,91,7,1일,"정통,노력,무림,성장,조력자,마교","삼류 낭인 곽노의 손에 거둬진 아이들사제관계를 맺고 아이들은 어설프게나마무공과 보법 수련을 하며 각자의 꿈을 꾼다먹고살기 위해 곽노는 늘 자리를 비워야 했고,아이들 중 맏이인 선유는 사제들을 돌봐야 한다그는 대사형大師兄이다",https://page.kakao.com/content/60564644
빠져도 괜찮아,kakaopage,해미,녹차,로맨스,시즌 휴재,월,101.2만,9.6,50,3,3시간,"현대로맨스,오피스물,사내연애,전문직물,짝사랑,트라우마,까칠남,철벽남,후회남,유혹남,엉뚱발랄녀,직진녀,다정녀,삼각관계,로맨틱코미디","우리 회사는 눈이 즐겁다젠틀한 팀장님에 훈남 대표님까지그런데 신입사원 환영 회식에서 말도 안되는 실수를 한 나어제까지의 멋진 팀잠님이 나를 외면하기 시작하는데이대로 팀장님에 대한 내 덕질을 끝낼 수는 없어내 덕심을 받아주실 때까지 직진, 또 직진하는 나였는데??그런데 이게 왜 덕질 아닌 연애가 되는 건지, 누구 좀 알려줄 사람?",https://page.kakao.com/content/61981936
대공가에 입양된 성녀님,kakaopage,황비노,황비노,로판,시즌 휴재,월,797.8만,10.0,42,5,1일,"로맨스판타지,치유물,육아물,힐링물,회귀물,피폐물,가족물,신데렐라,다정남,능력남,오빠,능력녀,상처녀,다정녀,순진녀","“그만하고 싶어더는… 이용당하면서 살고 싶지 않아”성녀의 힘을 가졌음에도 내정된 가짜 성녀를 위해평생을 감금당한 채 살아야 했다괴로움을 견디지 못해 죽고 나면 되돌아왔고,강제로 반복되는 회귀 끝에 다른 방법을 택한 다이나는우연히 대공가에 입양되는데“테르시아 가문의 하나뿐인 딸로, 모든 걸 가지게 해주마”새로운 이름과 함께 가족의 소중함을 알게 된 다이나는더 이상 신전에 이용 당하지 않기 위해 복수를 결심한다",https://page.kakao.com/content/61913707
이번엔 남주를 바꾸겠습니다,kakaopage,디포리,디포리,로판,휴재,휴재,177.4만,9.8,40,3,3시간,"로맨스판타지,복수물,빙의물,여주판타지,운명,나쁜남자,왕족/귀족,능력남,사이다남,철벽남,능력녀,사이다녀,걸크러쉬,계약관계,권선징악","""사랑하는 사람이 생겼습니다 그러니 파혼해 주십시오, 영애""""네? 당신 설마 진짜 이름이…""피폐 소설 <망각의 강>에 빙의한 나, 공작가의 영애로 조용히 살던 어느 날평범했던 나의 약혼남이 남자 주인공이란 걸 알아버렸다원작대로라면 그가 사랑하는 사람은 여주인공인 성녀일 테고,나는 남주의 약혼녀니까…쥐도 새도 모르게 암살당할 예정인 조연 캐릭터잖아?충격적인 사실을 두 개나 알아버린 그날 밤, 지나가던 남자에게 술기운에 취해 고백해 버렸다 이 소설의 내 최애인 흑막캐, 그러니까 황태자 히페리온 솔 루시우스를 닮았다고 생각은 했는데…""저랑 약혼하실래요? 결혼이나 연애? 바람도 괜찮구…""""뭐 그러든지""그 남자가 히페리온이었다니그날 일을 계기로 황태자와의 약혼은 일사천리로 진행되는데…그런데 날 차버린 약혼남이 이제 와서 내게 집착한다얘 왜이러는지 이유 아는사람?아니 그보다 내가 황태자와 약혼을?이거 조연치고는 너무 과한데?흠,아무래도 이 소설의 진짜 주인공은 따로 있는 것 같다",https://page.kakao.com/content/62968358
요신극장,kakaopage,빗소리,노이한,판타지,완결,완결,83.9만,9.9,69,7,2일,미스테리,"사랑은 물질에 우선하는가?사랑은 욕망과 구별되는가?뉴타운 재개발 지역다양한 인간들의 욕망이 결집된 곳에서 벌어지는미스테리한 사건, 사고를 통해 위의 두 가지 질문에 대한 답을찾아가는 이야기",https://page.kakao.com/content/48241652
대공과 후작 사이에 친구가 어디 있어?,kakaopage,티바,하쿠카롱,로판,완결,완결,35.9만,9.9,60,3,3일,"로맨스판타지,성장물,왕족/귀족,능글남,능력남,엉뚱발랄녀,소꿉친구,친구>연인,달달물,로맨틱코미디","대공가의 아들에게 찍혀버린 오벳의 좌충우돌 청춘 로맨스‘당장 내 미래가 깜깜하다, 이 자식아…’망원경에 넘어가 남장을 하고 황실 행사에 참석하게 된 오벳맛있는 거나 실컷 먹으려는데 거지가 굴러 들어 왔냐며 시비를 거는 재수없는 놈을 만난다어차피 한번 보고 말 사이, 오벳은 시원하게 한 방 먹이는데…그런데 왜 그 놈이 우리 집 응접실에 앉아 있지?자신이 여자인 것을 들킨 오벳, 어떻게든 도망치고 싶다그러나 거머리처럼 계속 쫓아오는 재수없는 그 놈 도대체 목적이 뭐야?오벳은 과연 이 거머리처럼 끈질긴 놈을 떼어 놓는데 성공 할 수 있을까?",https://page.kakao.com/content/59594840
호랑낭자뎐,kakaopage,요신,녹두,드라마,완결,완결,56.5만,9.8,52,3,1일,"동양풍,미스터리,스릴러,추리물,귀신,범죄,시대물,연쇄살인,음모,사제지간,첫사랑,왕족/귀족,노블코믹,두근거리는,스릴 넘치는","""내가 태어나던 날, 우리 부족은 전멸했다""선왕의 죽음과 새로운 왕의 즉위로 궁중에는 한바탕 복수의 피바람이 몰아치고, 흉사를 예언하는 부엉이의 울음소리가 끊이지 않는다 불안감에 시달리던 왕은 조선의 둘째 왕자이자 사령을 보고 듣는 배다른 형제 무영을 불러들인다사랑하는 여인이 죽고 한양에서 자취를 감췄던 무영 왕의 부름으로 도성에 돌아온 그의 앞에는 인간의 탐욕과 귀신의 원한이 서린 기묘한 사건들이 펼쳐진다 무영은 미스터리한 소년 해랑과 함께 도성에서 벌어진 해괴한 사건들을 쫓으며 삼 년 전에 궁중을 흔들었던 수궁무의 죽음과 그 배후를 파헤치기 시작하는데호족이 멸문하던 날 태어난 아이 해랑과 사령을 보고 듣는 비운의 왕자 무영이 펼치는 본격 궁중 미스터리 판타지도성을 둘러싼 미스터리한 사건과 궁중에서 벌어지는 권력 암투까지 조선판 CSI의 탄생",https://page.kakao.com/content/60091128
내가 훔친 작가님,kakaopage,구십,구십,로판,연재중,월,62.5만,9.6,47,3,1일,"로맨스판타지,성장물,환생물,운명,왕족/귀족,능력남,존댓말남,철벽남,엉뚱발랄녀,직진녀,능력녀,신분차이,로맨틱코미디,힐링물,계약관계","전생을 기억한 채 전혀 다른 세상에서 태어난인생 2회 차의 안젤라그녀는 전생의 최애, 동화작가인 안데르센의 이야기를 널리 알리고 싶어출판사를 차리고 그의 동화들을 출판해 승승장구한다그런데……“말도 안 돼”“뭐가 말도 안 된다는 겁니까?”이 세계에도 안데르센이 있다니?그것도 매우 까칠하고 잘생긴안젤라는 난생 처음 작가 영입에 뛰어들었다높은 귀족 가문의 기사로서 탄탄대로인 삶을 살고 있는 그지만보석 같은 진짜 재능은 따로 있는 걸“작가님, 저와 (종신)계약해 주세요""동화보다 더 동화 같은 로맨스판타지,<내가 훔친 작가님>",https://page.kakao.com/content/62005445
"가을, 만나다",kakaopage,다드래기,kk,로맨스,완결,완결,513.2만,10.0,65,3,3시간,"현대로맨스,캠퍼스물,짝사랑,재벌남,카리스마남,차도남,능력남,철벽남,순진녀,다정녀,잔잔물,치유물,권선징악","“저 교수님 안 좋아해요”맑고 예쁜 눈으로 조곤조곤 할 말은 다 하는 조교 윤희민“……그거참 다행이군요”본인의 의지와는 상관없이, 늘 화제가 되어버려 혼자가 좋은 화학과 교수 서지혁지혁은 혼자가 편하지만 뭐 하나 흠잡을 구석 없이, 시키기도 전에 조용히 모든 걸 준비해놓는 윤 조교를 마다할 구실이 없었다그렇게 시작된 교수실 생활사람이 둘이나 있는 공간임에도 귀가 먹먹한 고요가 내려앉는데, 오히려 그래서 더 신경 쓰인다마음이 쓰이고 눈길이 간다",https://page.kakao.com/content/60301992
조동길,kakaopage,,김규태,액션,완결,완결,126.6만,9.6,62,3,1일,"격투,깽판,학생,성장,조력자,협객,천재",주먹으로 다지는 뜨거운 의리와 우정,https://page.kakao.com/content/61060336
호접몽전,kakaopage,민경근,유로,무협,완결,완결,80.5만,9.5,50,10,1일,"퓨전,노력,성장,시스템,영웅/신화,조력자,검,학생","'그땐 알지 못했다 아버지가 남겨놓은 이것들이, 나의 운명을 집어삼킬 것이란 사실을'순간 기억능력을 지닌 진용운은 정체 모를 괴한의 습격을 받지만신비한 유물 덕분에 위기를 모면하고 삼국지 시대로 이동한다평소 즐겨 하던 게임 <삼국지 스페셜>의 능력을 가지고 마주한 삼국 시대,조자룡과 사천신녀의 호위 속에서 펼쳐지는 새로운 여정",https://page.kakao.com/content/61503258
무공서고의 주인,kakaopage,한여름,임재용,무협,휴재,휴재,215.3만,9.8,44,3,3일,"먼치킨,성장,복수,무림,회귀,명문세가,퓨전,학원물,검,생존","하씨세가의 서자, 하소찬 그의 인생은 절망과 좌절뿐이었다 『무공서고의 주인』 최선을 다해 수련했지만 남은 것은 비웃음과 단전이 파괴된 몸뿐 그 순간, 그에게 찾아온 기적 [무공서고의 주인이 되신 것을 환영합니다] “세상이 나의 이름을 기억하게 해 주겠어” 역대 최강의 스승과 기연 천하를 제패할 위대한 검신의 행보가 시작된다",https://page.kakao.com/content/61732159
엑스트라는 가장 먼저 버려진다,kakaopage,해피북스투유,도세진(악어스튜디오),로판,연재중,월,758.9만,9.9,92,4,3시간,"로맨스판타지,복수물,첫사랑,짝사랑,소유욕/독점욕,순정남,능글남,계략남,집착남,대형견남,능력녀,사이다녀,냉정녀,드라마,권선징악","태양, 달, 그리고 별에게 가호를 받아 번성한 벨비체 제국막내 황녀로 태어난 스텔라는 별의 능력을 발현하지 못해반란이 일어나자 가족들에게 가장 먼저 버려진다시간이 흘러, 스텔라는 아픈 과거를 잊고그녀를 거둬준 새 가족들과 함께 평민 '에델'로 행복하게 살아간다그런데 스텔라가 사라진 이후 제국에는 별이 뜨지 않고그제서야 황족 일가는 10년 전에 버린 막내 황녀를 찾기 시작하는데돌아온 스텔라는 황가를 무너뜨리고 황제에 올라어느 누구에게도 고개를 숙이지 않고 스스로 왕관을 쓴다“이제 당신들이 바라는 스텔라를 무참히 부숴 주겠어”",https://page.kakao.com/content/59885723
"악녀인데요, 죽어도 될까요?",kakaopage,재해,꽃보다 정복,로판,휴재,휴재,263.7만,10.0,62,2,3일,"로맨스판타지,환생물,빙의물,여주판타지,악녀,상처녀,능글남","아픈 동생이 죽고, 나의 쓸모는 끝이 났다그렇게 생각하여 죽음을 택했는데,삼류 소설 속 시한부 악녀가 되어버렸다?비참한 최후를 맞이할 바에, 이 귀찮은 인생 내 손으로 다시 끝낼까 했는데…나를 왜 자꾸 구하려는 거야?“나에게서 파트너 자격을 앗아가지 말아요 셀리나”“감히 제가 욕심내도 될까요?”새로운 삶이 점차 좋아지고 있는데, 죽을 날은 점점 다가온다 나 어쩌지?",https://page.kakao.com/content/59942846
하필이면 까마귀가 되어버렸다,kakaopage,글리,글리,로판,완결,완결,"2,578.5만",10.0,107,3,1일,"로맨스판타지,빙의물,수인물,다정남,왕족/귀족,유혹남,엉뚱발랄녀,애교녀,로맨틱코미디,개그물,직진남,사이다녀,능력녀,힐링물,달달물","사고로 죽은 뒤 여성향 게임에 환생, 아니 빙의해 버렸다…그것도 까마귀로내가 까마귀라니 지나가는 엑스트라1도 아니고 까마귀라니주변에 키워 줄 사람을 찾으려 했는데… 나타난 사람이 황태자?""레이넬, 넌 정말 어쩜 이리도 사랑스럽니""""까아아아악, 까악(그럼 날 데려다 키워 줘)""나에게 이름도 지어 주고 사랑도 주는 황태자, 카무트어차피 나는 까마귀니까 저놈이 좋아한다 해도,내가 그의 행동에 설레도 전혀 문제없겠지문제가 없을 뻔했는데……""안녕, 레이넬?""나한테 갑자기 무슨 일이 일어난 거지?※ 본 작품은 동명의 소설을 원작으로 한 웹툰으로, 일부 내용이 웹툰에 맞춰 각색 되어 원작과 다르게 표현될 수 있습니다",https://page.kakao.com/content/58649535
궁궐의 맹수,kakaopage,,한연,드라마,완결,완결,97.7만,9.9,50,3,1일,"가상시대물,동양풍,미스터리,신화물,판타지물,복수,성장물,시대물,정치물,초능력,초월적존재,고퀄리티,분량많은,여주중심,이야기중심","자신의 능력이 비범함을 알고 있었으나 자신이 왕이 되지 못할 것을 알고 있던 공주는 시녀와 조용히 여생을 살고자 했다하지만 현국을 탐내는 주국의 음모가 판을 치고, 공주를 위협이라 느끼는 왕자는 공주의 시녀를 건드리고 시녀는 사라진다평생을 궁에서 살며 자신의 이익을 위해 거짓만을 말하던 이들 사이에 진실로 자신을 아껴주던 시녀를 건드린 순간, 비범한 구렁이는 자신의 사람을 지키기 위해 스스로 이무기를 뛰어넘는 용이 되고자 기지개를 펴기 시작한다“현국의 공주가 삼국을 통일할 것이다”신의 배려와 용의 호의로 세워진 나라 속 인간의 욕심과 용의 저주로 얼룩진 능력, 예언에서 시작된 예정되어 있던 전쟁예언이 완성되고 공주는 과연 황제가 될 수 있을까",https://page.kakao.com/content/61514762
더 라이브,kakaopage,앤트스튜디오,앤트스튜디오,판타지,시즌 휴재,월,"1,760.4만",9.9,176,35,3시간,,"불의의 사건으로 아내와 딸을 잃은 가장 윤재는 하루하루 절망에 빠져 살던 중, 미래의 자신이 보낸 일기장을 읽게 된다“아내와 딸을… 다시 만날 수 있다고?”'이면 세계'의 '게임'을 이겨내는 자에게 주어지는 '성배', 그것을 사용하면 잃어버렸던 가족과 재회할 수 있다고 하는데…강자만이 살아남는 잔혹한 세계에서 단 한 명, 미래를 아는 자가 된 윤재 그는 그토록 바라던 소원을 이룰 수 있을까?",https://page.kakao.com/content/54728055
흑막은 매일 밤 나를 찾아온다,kakaopage,"행두, 우주연",꿀망,로판,완결,완결,88.7만,9.5,68,3,1일,"로맨스판타지,빙의물,역하렘,계략남,대형견남,걸크러쉬,재벌녀,사이다녀,달달물,로맨틱코미디","수도 엘바크에는 한옥풍으로 건축된 13층짜리 호텔이 있다나는 호텔 미드나잇 블루의 마스터 루비……그리고 흑막공에게 살해당하는 여관 주인1‘그게 나일지도 몰라’이곳은 <기어라, 그리고 내 열망을 삼켜라>, 그런 제목을 가진 BL 웹소설의 세계“죽을 수 없어 벽에 똥칠할 때까지 살 거야”하지만 쉽지가 않다반란군의 수장인 흑막공이 내 호텔에서 반역을 도모하고 있었다*“원하는 걸 말씀해주세요 내가 당신의 손에 쥐여드릴 겁니다”“무엇이든?”“무엇이든 나의 마스터 루비”반란군의 수장, 흑막공 엘리고스 난 그에게 원하는 게 있었다“엘리고스 반란을 멈춰요 당신은 황제가 될 수 없어요”“대신 나도 원하는 게 있어요”내 허리에 팔을 두른 엘리고스가 천천히 고개를 숙이고, 서로의 숨결은 가까이에서 느껴졌다아래쪽 입술을 그의 단단한 손가락이 아찔하게 문질렀다붉어진 눈시울로 엘리고스를 바라보는 그 순간, 허리에 있던 그의 팔에 힘이 들어갔다순식간에 침대에 나를 눕힌 엘리고스가 아름다운 미소를 지었다“루비 오늘 밤에 당신이 나를 가졌으면 해요”",https://page.kakao.com/content/61129822
아! 형산파,kakaopage,야설록,야설록,무협,완결,완결,409.2만,9.7,248,6,1일,"정통,무림,성장,정파","“형산파는 내 집이고, 사형제들은 내 가족이다”무심한 아버지에게 외면당하고 새어머니의 핍박을 받다금자 스무 냥에 팔리듯 쫓겨 형산파로 온 소년 이군악형산파에서 처음으로 사람의 애정을 받고 행복을 느꼈지만,사숙조와 함께 떠난 수련행은 생사지경의 비무와 고독만이 가득하고형산파로 돌아가는 것만이 군악의 유일한 꿈이 된다10년 후, 벼락을 맞고 형산파 독문무공 ‘금안뇌정신공’을 12성 가깝게 익힌 군악은드디어 형산파로 돌아가게 되는데?형산파와 사형제들을 지키기 위한 이군악의 투쟁이 시작된다",https://page.kakao.com/content/60513863
주인공 옆에 붙어만 있겠습니다,kakaopage,사,햇시,로판,시즌 휴재,화,367.8만,9.9,53,3,1일,,"약혼녀만 열 명 이상 죽일 예정인 미친 주인공의 양판소에 빙의했다먼 발치서 조용히 살다 가려고 했는데 남주가 자꾸만 관심을 보인다게다가 어리지만 벌써부터 싹수가 잘생긴 얼굴이 눈부시기까지한데""나 잘했어? 그럼 어서 칭찬해 줘""갑자기 다정한 척하지 마 미친놈아",https://page.kakao.com/content/60956369
닥터 플레이어,kakaopage,소이미디어,리코다람(소이미디어),판타지,완결,완결,612.4만,9.8,66,4,1일,"힐러,이능력,초능력,플레이어,게임,메디컬","왕의 사생아, 레이몬드사람들의 멸시로부터 도망쳐 치료사가 되지만, 결과는 F급 낙제 치료사라는 낙인뿐 그러던 어느 날, 그에게 기적이 찾아온다 [플레이어로 각성하였습니다][직업 : 외과의사(SSS급)] 이 세계에 존재하지 않는 의학 지식을 얻게 된 레이몬드최초의 외과의사 레이몬드의 위대한 전설이 시작된다",https://page.kakao.com/content/60708678
메시아 - 신들의 종말,kakaopage,Koon,Koon,판타지,시즌 휴재,월,17.7만,8.4,39,40,,"퓨전,아포칼립스,전쟁,이종족,용사","인간을 만들어낸 12명의 '신'하지만 그들은 인류를 종말 시키기로 결정한다인간들의 구원자였던 신들이, 인류의 종말을 바란다면,  인간은 이제 무엇을 믿어야 하는가?이 땅의 인류는 모두 '오염체'라 불리는 '괴물'로 전락하였고,한때 인간이었던 그들은 신의 사자가 되어 최후의 인류가 생존하고 있는 유일한 곳, 성도 '메시아'를 몰락시키기 위해 살육 본능만을 지닌 채 메시아를 공격한다인류가 생존할 수 있는 유일한 방법 지상에 강림하는 12신들을 모두 처치하고, 그들의 영혼 파편을 모아 신들의 신이자 모든 만물의 창조주, 그리고 인류의 편에 선 유일한 신, '가이아'를 깊은 봉인으로부터 깨워내야만 한다 ‘가이아’에게 선택된 성녀 ‘테이아’와‘테이아’에게 선택된 신을 죽일 수 있는 전사 ‘세이비어’들은 인류를 지키기 위해 자신들의 창조주 ‘신’들에게 칼을 겨누는데",https://page.kakao.com/content/61163740
"열애, 해줘요 (원제: 해줘요, 오빠)",kakaopage,단밤,앵지,로맨스,완결,완결,289.5만,9.7,68,4,3일,"현대로맨스,짝사랑,첫사랑,후회남,능력남,대형견남,철벽남,무심남,엉뚱발랄녀,직진녀,애교녀,순정녀,짝사랑녀,로맨틱코미디,오피스물","“오빠, 좋아해요”“오빠, 사랑해요”철없던 열일곱, 친구의 오빠 최강국에게 반해 열렬한 구애를 펼친 구열애솔직 발칙한 들이대기로 어언 10년의 세월을 바쳤다바야흐로 스물일곱, 이제는 주는 것보다 받는 사랑이 고픈데……여전히 최강국은 최강 츤데레에 철벽남변화가 필요한 시점, 그들 애정전선에 꿈틀거렸다술에 취해 강국의 방으로 습격한 구열애,다음 날 아침 강국의 침대에서 발견된 것이다‘마음이 아니라면 몸이라도 가져보겠다’ 음심이 작동한 여자가 선언했다“오빠, 놓아드릴게요 대신, 나랑 하룻밤만 같이 있어줘요”“딱 한 번만”그리고, 약속한 하룻밤이…… 도래했다과연 열애는 강국을 놓을 수 있을까?혹시, 하룻밤의 효과 같은 로설의 법칙을 실현시키고자 하는 열애의 거대한 설계는 아닐까?구애보다 열애가 하고 싶은 ‘10년 짝사랑녀’ 구열애, ‘최강 츤데레남’ 최강국을 낚을 수 있을까?",https://page.kakao.com/content/60331481
감정사는 조회수로 레벨업한다,kakaopage,Zui,Wataru Akino,판타지,휴재,휴재,54.2만,9.2,50,3,1일,"레이드,성장,먼치킨,이능력,만능,플레이어","던전 공헌도가 사회적 지위를 결정짓는 세상에서 천수림은 '감정사'라는 클래스를 보유하고 있다전투에 적합하지 않은데다 전례도 없는 클래스인 '감정사' 능력을 인정받지 못한 수림은 답답한 마음으로 하루하루를 보낸다그러던 어느날, 수림은 몬스터를 감정한 정보 영상을 업로드하고 그 일로 레벨업할 수 있는 법칙을 알게 된다그것은 바로 수림이 업로드한 영상을 본 사람이 몬스터를 퇴치하면 그 경험치를 나눠 받게 되는 것한계 없는 레벨업이 가능해진 수림은 소중한 이를 구하기 위해 던전에 도전하기로 한다",https://page.kakao.com/content/62215149
폐하가 하필 짐승이라서,kakaopage,Genie,김노을,로판,완결,완결,482.4만,9.7,77,3,3일,"로맨스판타지,오해물,우연한만남,운명,순정남,왕족/귀족,카리스마남,능력남,외유내강,순진녀,순정녀,다정녀,삼각관계,신분차이,드라마","죽어가던 짐승을 구한 여자, 벨리아그때는 그가 이렇게 그녀의 삶을 송두리째 바꿔놓을지 몰랐다…나라를 버리고 달아나려던 벨리아에게 손을 내민 남자, 칸길들여지지 않은 기운과는 달리 그의 몸짓은 다정했고허름한 제 삶을 바꿔주겠다는 그의 속삭임은 달콤했다다시 만난 그는 짐승이 아닌, 황제가 되어 있었는데…",https://page.kakao.com/content/58933459
카르세아린,kakaopage,차우민,차우민,판타지,완결,완결,"1,112만",9.7,165,10,3시간,"정통,마법사,이종족,생존,깽판,먼치킨,성장,라이트노벨,정령술사,정령,검사,마검사,용사,이능력,착각","최초의 무단가출 드래곤 아린의 좌충우돌 인간계 모험기  대륙 중앙을 차지하는 거대한 산악지대라르테아드 산맥에는 드래곤 중 가장 성질이 더럽다는레드 드래곤 일족이 살고 있었는데 평소 인간 용사의 모험을 동경하던 300살의 어린(?) 해츨링레드 드래곤 '카르세아린'은 유일하게 알고 있는 형태 변환 마법인 '폴리모프'를 이용해 인간으로 변신하여 일족 몰래 무단 가출을 감행하게 된다 인간이 된 아린은 용사가 되기는커녕오크에게 쫓기고,노예로 팔리기도 하고,공주가 되어보기도 하면서인간의 몸으로 험난한 모험을 시작하는데",https://page.kakao.com/content/55414849
MAVE: 또 다른 세계,kakaopage,팀 엘프(WHYNOTME),스튜디오두근두근,드라마,완결,완결,96.5만,9.4,51,52,,"현대물,초능력,성장물,판타지물,학원물,이야기중심,서바이벌,가수,고퀄리티,일상물","아이돌 데뷔 조<클리어>로 큰 기대를 받던 주인공 '이제나',같은 소속사의 선배 아이돌 <아로제>의 '주시우' 폭행 사건으로 데뷔가 무산된다그렇게 홀로 아이돌 서바이벌 프로그램인 <투비돌>을 준비하던 중,'주시우'가 ‘이제나’의 반으로 전학을 오는데그날 이후 의문의 대상 ‘T’로부터 메신저가 오기 시작하고,갑자기 눈에 보이기 시작한 퀘스트 창은 모두 ‘주시우’와 팀을 이뤄야 한다고 한다도대체 내가 왜 그래야 하는데? 특별한 능력을 가진 소녀들의 아이돌이 되기 위한 성장기  그룹 [MAVE:]가 활동하는 또 다른 세계에 여러분을 초대합니다",https://page.kakao.com/content/61234590
폭군의 보호자는 악역 마녀입니다,kakaopage,"만달, 하리","라타, 발푸르기스",로판,완결,완결,"1,867만",10.0,112,4,2일,"로맨스판타지,육아물,성장물,빙의물,여주판타지,연하남,능력녀,걸크러쉬,달달물,잔잔물,치유물,드라마,개그물,힐링물","19금 피폐 로맨스 판타지 소설 속 악역, 무시무시한 마녀에 빙의했다스토리에 따르면 마녀는 자신이 키운 폭군 남주인공에게 죽는 운명다행히도 남주인공이 태어나려면 아직 200년이나 남은 상황""그럼 느긋하게 대책을 생각해볼까?""ㅡ 그러나 200년은 순식간에 지나갔고어느새 내 눈앞에서 벌벌 떨며 서 있는 7세의 어린 남주가 말했다""제가 갑자기 찾아와서 곤란해지신 거 알아요죄송해요 절 궁으로 돌려 보내셔도 괜찮아요""뭐야, 이 뽀시래기는? 어쩌면 나, 조금의 희망은 있는지도?음 우선 잔뜩 겁먹은 이 꼬마부터 달래보자 싶어내가 할 수 있는 최대한의 상냥함으로 말했다""어처구니가 없구나내가 너 같은 꼬마 하나 때문에 곤란해질 사람으로 보이느냐?그리고 어딜 돌아가겠다는 거야? 갈곳도없는주제에""""""갑자기 꼬마가 울먹이기 시작했다어라, 이게 아닌가?;;+ + + + + + + + + + + + + + + + + + + + + + + + + + + + + + + + +  빙의한 세계에서 벌어진 생존 MISSION ★   ㅡ 장차 폭군이 될 예정인 남주를 착한 아이로 키워라 #로맨스판타지 #힐링물 #육아물 #연상연하 #빙의물",https://page.kakao.com/content/56113952
악녀는 화려하게 데뷔한다,kakaopage,"지은설, 양념갈비","침팬Z, 스튜디오 담",로판,시즌 휴재,월,245.3만,9.8,84,3,3시간,"로맨스판타지,궁정로맨스,성장물,운명,역하렘,다정남,순정남,왕족/귀족,능력녀,걸크러쉬,계략녀,사이다녀,쌍방삽질,드라마,권선징악","고귀한 왕녀로 태어났지만 약혼자에게 버림받고가족에게 배신당했던 한 번의 삶“착하게 사는 것 따윈 필요 없어, 난 누구보다 화려하게 살 거야그게 설령 악녀라 불리는 일일지라도”회귀 후 복수의 서막은 바람 피운 약혼자를제 앞에 무릎 꿇리는 것부터였다그런데 머지 않아,“왕녀님 금괴가 너무 많아서 왕실 은행 창고가 모자라다고 합니다”“왕녀님 각국에서 왕녀님을 모시겠다고 아우성이에요”“왕녀님 세상에, 제국의 황제가 직접 찾아왔습니다”세상이 에르델라의 앞에 무릎을 꿇는다",https://page.kakao.com/content/60978847
타이밍,kakaopage,헤나,헤나,BL,완결,완결,95.6만,10.0,40,5,2일,"친구>연인,첫사랑,다정,미남,짝사랑,현대물","4일 동안 계속될 절친 샬롯의 화려한 결혼식 결혼식에 참석하기 위해 텍사스까지 날아온 스테판은 절대로 마주치고 싶지 않았던 10년의 악연인 샬롯의 오빠 랜드와 재회하게 되는데, 랜드의 태도가 이상하다?",https://page.kakao.com/content/52349685
스텔라를 위하여,kakaopage,소화기,나나소,로판,완결,완결,73.6만,9.9,92,5,3일,"로맨틱코미디,애잔물,친구>연인,소꿉친구,다정녀,까칠녀,외유내강,자상녀,로맨스판타지,까칠남,나쁜남자,재벌남,타임슬립,상처남,능력남","죽어야 전생으로 돌아갈 수 있는 그녀와 그녀의 죽음을 막으려 회귀한 남주의 애틋한 로맨스소설 속 남주 아르케인과 여주 스텔라를 위하여 죽을 운명인 조연 데이나 현실 세계로 돌아가려면 이 역할에 최선을 다해 죽어주는 수밖에… 그런데, 남주가 왜 갑자기 나한테 미친 듯이 집착을 하냐고 게다가 일부러 원작과 반대로 움직이는 건 단순히 기분 탓인가?“ 다시는 나 때문에 널 죽게 내버려 두지 않을 거야, 데이나”",https://page.kakao.com/content/57350565
너하고만 하고 싶은,kakaopage,반아빈,밥,로맨스,완결,완결,369.2만,9.9,58,3,1일,"현대로맨스,재회물,우연한만남,운명,다정남,순정남,재벌남,엉뚱발랄녀,순정녀,다정녀,달달물,로맨틱코미디,치유물,드라마,힐링물","믿었던 남자 친구의 배신을 뒤로하고 무턱대고 찾아간 한강누가 봐도 괜찮아 보이지 않아서일까,처음 보는 사이임에도 다정한 손길을 건네온 낯선 남자왜인지 그의 도움이 싫지만은 않은데그렇게 스쳐 지나가는 인연에 불과할 줄 알았건만,바다 건너 중국에서 운명처럼 재회하게 된 두 사람새내기 동화 작가 서여린과 최강 그룹 후계자 정연석,선남선녀가 선보이는 심쿵 달달 로맨스",https://page.kakao.com/content/60194204
늑대지만 해치지 않아요,kakaopage,"누날, 개물, 주주",옆집언니,로판,완결,완결,367.8만,9.9,101,6,3일,"로맨스판타지,성장물,수인물,첫사랑,소유욕/독점욕,짝사랑남,직진남,대형견남,순정남,외유내강,순진녀,상처녀,다정녀,소꿉친구,달달물","사자 혈족이자 정치 명문으로 유명한 레오파르디 가문에서 양이 태어났다고?‘루시, 8대조 할머니께서 양이셨단다…’육식 동물 혈족 사이에서 마음 둘 곳 없이 외롭게 살아가던 루시평소처럼 파티에서 홀로 놀던 그녀에게 반짝이는 은발 사이로 귀가 쫑긋 솟은 로만이 다가온다그러던 어느 날, 로만의 비밀이 루시에게 커다란 배신감을 안기는데“야, 너 개라며? 개라며”이루어질 수 없는 운명의 둘은 과연 맺어질 수 있을까?",https://page.kakao.com/content/57375032
처형당할 운명을 바꿔 보겠습니다,kakaopage,후라이,이서,로판,완결,완결,216.4만,9.7,65,4,3시간,"로맨스판타지,회귀물,첫사랑,운명,상처남,순정남,왕족/귀족,후회남,츤데레남,엉뚱발랄녀,외유내강,직진녀,상처녀,애잔물","황태자비로서의 첫날밤내 손에 들린 단검은 남편의 피로 붉게 물들어 있었다평생 나를 냉대해 오던 남자의 뜨거운 피가황태자를 시해한 죄로 처형당하던 그 순간,다시 태어난다면 절대 그의 아내가 되지 않겠노라 다짐했다그렇게 주어진 또 한 번의 기회나는 모든 걸 되돌리려 한다이 구역의 미친 영애가 되어서라도그런데 뭐지? 왜 자꾸 다들 나를 찬양하는 거야?“내 악혼녀가 되길 거부한다면 내가 직접 그대를 황태자비로 삼겠다”게다가 날 냉대하던 황태자는 왜 이러는거야?",https://page.kakao.com/content/61376257
러브 WiFi-궁,kakaopage,조아,긴유,로맨스,완결,완결,135.3만,9.8,50,3,3시간,"퓨전사극,성장물,차원이동물,우연한만남,까칠남,다정남,순정남,왕족/귀족,츤데레남,대형견남,엉뚱발랄녀,외유내강,삼각관계,달달물,로맨틱코미디","""조선에서 와이파이가 터졌다""왕을 꼬셔 후궁이 돼야 하는 궁녀 '소향'과성공작을 만들어야 하는 웹툰 작가 '태풍'의200년을 넘나드는 밀당 소통 로맨스",https://page.kakao.com/content/60908046
나혼자 어그로성 레벨업,kakaopage,Chong2,Xiabao,판타지,완결,완결,42.8만,7.8,240,6,3일,게임,연애도 한번도 못해본 박희웅은 어느 날 많은 사람들을 구하고 죽게 되었는데 3개월 전으로 타임슬립이 되어버렸다 착한 일을 하다가 죽었는데 부자로 빙의된 것도 아니고 왜 고작 3개월 전으로 이동한 것일까?그런데 보상인지 뭔지 미션을 부여 받게 되고 미션을 완수할 때 마다 칭호와 능력치를 가지게 된다 첫 미션은 고백 100번 거절 당하기부터 시작하는데…,https://page.kakao.com/content/59530272
스위치,kakaopage,지뚱,김동찬,액션,완결,완결,474.9만,9.6,106,3,1일,"학원물,학원,학생,복수,생존",5명의 일진들에게 괴롭힘을 당하던 최백호는폭력에 굴복해 비굴한 웃음을 지으며힘겨운 중학 시절을 보내고 있었다어느날 일진들의 폭력에 죽음의 공포를 느끼게 된 최백호는눈앞이 흐려지고 기억이 사라지는 '스위치 온' 상태가 되어5명의 일진들을 모두 쓰러뜨리게 되고그날부터일진들의 셔틀이었던 최백호는몰려다니는 놈들만 보면 혼자 달려들어 무자비하게 패 버리는일진들의 저승사자가 되고 일진들에게 공포의 대상이 된다절대강자 도창수가 나타나기 전까지는,https://page.kakao.com/content/58212190
소드마스터로 회귀,kakaopage,혜룡(이야기나무),콩달,판타지,휴재,휴재,310만,9.6,40,3,1일,"전쟁,회귀,영웅/신화,마계,천재,노력,성장,검사,용병,신,만능","환관으로 일생을 제국을 위해 살아왔지만 음모로 인해 역적으로 몰려 죽게 된 유마‘한번만 더 다시 기회가 주어진다면’최후의 순간이 다가왔다고 생각한 순간, 유마는 16살의 과거로 회귀하게 된다꿈? 아니야, 정말로 난 과거로 돌아온 거야 그렇다면 내가 이번생에 가장 먼저 할 일 그 것은 바로‘이번 생 만큼은 절대 환관이 되지말자’비록 전생은 기구한 환관의 삶이었더라도 이번 생만큼 창대할지니운명의 장난으로 환관이 되었던 유마는 그 운명의 이끌림으로 과거로 회귀를 하고,과거의 비극과 잘못들을 바로 잡아나가기 시작한다세상의 운명을 움직이게 된 유마의 파천황이 드디어 막을 연다",https://page.kakao.com/content/61335525
집착남주의 계약직 약혼자입니다,kakaopage,,마루코믹스,로판,완결,완결,216.2만,9.8,88,3,3일,"로맨스판타지,오해물,착각물,빙의물,시한부,역하렘,소유욕/독점욕,능력남,유혹남,집착남,능력녀,외유내강,계략녀,계약관계,로맨틱코미디","피폐 BL 소설 속 쫄딱 망하는 가문의 비련 한 시한부 엑스트라로 환생했다여기서 문제는 두 가지였다첫 번째, 시한부 엑스트라인 내가 죽어야 본격적인 원작 이야기가 시작된다는 것두 번째, 원작대로 죽는다면 내 인생엔 이전에도, 앞으로도 행복이란 눈 씻고 찾아볼 수 없다는 것""그래, 어차피 죽는 거 남은 생이라도 편하게 즐겨보자""""그러기 위해서는 일단 이 가문을 벗어나서 돈을 벌어야 하는데…""하필 그때, 원작이 시작되기 전 집착 광공이 사업 때문에 약혼자를 찾고 있었던 것이 떠올랐다***""약혼녀가 필요하시다는 거 알고 있습니다 제가 약혼해 드릴게요""""제가 갑작스러운 영애의 계약 약혼 제안을 받아들여야 할 이유가 있습니까?""""남색가인 당신에게 필요한 여성 약혼자를 제가 완벽하게 연기할 수 있으니까요""주인공을 건드리는 게 좀 걸리지만 괜찮을 거라 생각했다무려 피폐 BL 속 집착 광공이 여자인 나한텐 관심 있을 리는 절대,절대로 없을 테니까",https://page.kakao.com/content/59211832
외나무다리에 꽃을 뿌려주세요,kakaopage,꿀비,유령용,로맨스,완결,완결,143.1만,9.5,81,4,3시간,"현대로맨스,착각물,사내연애,오피스물,짝사랑,까칠남,츤데레남,존댓말남,철벽남,순진녀,순정녀,다정녀,짝사랑녀,달달물,로맨틱코미디","""첫눈에 반한 남자가 쌍둥이 언니의 원수?""쌍둥이 언니 대신 출근한 회사에서 꿈에 그리던 이상형을 만났다그런데 뭐? 이 사람이 언니의 철천지원수라고?외나무다리에서 만난 나의 이상형내 앞날에 과연 꽃길이 펼쳐질 수 있을까?-본 작품은 스토리숲의 빌리버스(Villiverse) 세계관 작품입니다""빌리버스""란 village(마을)+universe(세계관)의 합성어로 실존하는 마을을 모티브하여 새로운 웹툰 세계관을 창조합니다빌리버스는 로맨스, 로판, BL, 드라마 등 다양한 장르를 넘나들 예정입니다카카오페이지에 빌리버스를 검색하여 더 많은 작품을 즐겨보세요",https://page.kakao.com/content/59595367
블랙아웃,kakaopage,,번암,드라마,완결,완결,66.9만,9.8,43,4,1일,추리물,"한 장의 사진으로 미래를 볼 수 있는 세상이 왔다 미래발전공사 인화팀의 윤시우는 사진 속 인물의 죽음을 의미하는 사진,'블랙아웃'을 인화하고 만다 충격적인 인화 결과그 인물의 미래를 바꾸기 위해 윤시우는 비밀스러운 파견직 제안을 받아들이고,VIP의 인화를 전담하며 지금까지 은폐되어왔던미래 사진의 비밀에 접근하게 되는데… 과연 윤시우는 암전된 미래를 바꿀 수 있을까",https://page.kakao.com/content/60515924
정령의 펜던트,kakaopage,,빅피,판타지,완결,완결,"3,066.3만",10.0,210,20,3시간,"학원,성장,정령,정령술사,왕족/귀족,정통","제국의 살아 있는 전설, 란데르트 공작의 유일한 아들 바율어려서부터 환시와 환청을 겪으며 일상 생활에 어려움을 겪던 바율은아버지의 강권으로 뒤늦게 캐링스턴 아카데미에 입학하게 된다집을 나오기 전의 우려와는 달리 바율은 아카데미 생활을 하며따듯하고 개성 강한 친구들을 만나 조금씩 마음의 문을 열게 되고,그곳에서 환시로만 알고 있었던 존재가 사라진 줄 알았던 정령임을 알게 되며바율의 생활은 새로운 국면을 맞이하게 되는데……",https://page.kakao.com/content/53096912
이블헌터,kakaopage,김블루,김블루,액션,완결,완결,166.5만,9.9,91,3,2일,"초능력,격투","어느 날, 세상이 바뀌었다인간 세상에 인간이 아닌 다른 존재, 악마들이 나타나기 시작했다인간들은 생존하기 위해 퇴마 단체와 함께 '이블헌터'라는 존재들을 키워 악마들에게 대항하였다악마로부터 위협받는 시대, '이블헌터' 소속의 그들의 활약이 펼쳐진다",https://page.kakao.com/content/55463596
오늘이 내일에게,kakaopage,문득,다옴,로맨스,연재중,월,154.4만,9.7,63,3,3시간,"현대로맨스,재회물,성장물,연예계물,우연한만남,트라우마,상처남,순정남,능력녀,엉뚱발랄녀,걸크러쉬,까칠녀,삼각관계,로맨틱코미디,드라마",18년 전 세간의 주목을 받았던 '한성 아파트 붕괴 사건'에서 기적적으로 살아남은 두 명의 어린 생존자 둘은 그날의 사건을 계기로 전혀 다른 삶을 살아간다 내일은 없다는 생각으로 제대로 된 '오늘'을 사는 여자와 죽음이 두려워 자체적으로 '히키코모리'가 된 남자 18년 후 우연한 계기로 만나게 되는 두 사람은 과연 하나 뿐인 오늘을 잘 살아낼 수 있을까,https://page.kakao.com/content/60865537
예쁜 애 옆에 예쁜 애,kakaopage,Ruda,쵸디,로판,휴재,휴재,179.9만,9.7,50,3,1일,"로맨스판타지,빙의물,여주판타지,첫사랑,운명,왕족/귀족,능력남,능력녀,평범녀,계약관계,기억상실,소꿉친구,달달물,로맨틱코미디,잔잔물","소설 '달의 소녀가 남겨준 사랑' 속 악녀 로제타 클리프에 빙의한 홍장미그녀는 서브녀인 클라리사를 학대하다 결국 클라리사의 오빠인 테런에게 죽음을 맞이하는 운명을 가지게 된다 구 홍장미, 현 로제타는 자신의 예정된 죽음을 벗어나기 위해 인생을 개척하려하지만뭐? 클라리사가 직접 나를 부른다고? 심지어 오빠는 나보고 계약 결혼까지 하자고 말하네?개척과 운명, 그 사이 어딘가를 헤매는 로제타는 오늘도 고생 속에 살아간다",https://page.kakao.com/content/60775036
교랑의경,kakaopage,"수영, 백일",고양이과장,드라마,시즌 휴재,연,38.6만,10.0,52,7,3시간,동양풍,"[매월 5일,15일, 25일 연재]“저 아이는 바보가 아니던가?”바보라는 이유로 가문에서 버림 받았던 소녀, 정교랑벼락이 치던 어느 날, 새로운 영혼으로 깨어난다 바보였던 그녀는 신비한 의술로 죽어가는 이들을 구하며 그녀를 이용하려는 이들을 물리치고 원하는 것을 하나씩 이루는데……은혜는 더 큰 은혜로 보답하고 원한은 몇 배로 되갚은 교랑의 대담하고 통쾌한 인생 여정 동양 판타지 로맨스 <교랑의경>",https://page.kakao.com/content/60078000
국민사형투표,kakaopage,엄세윤,정이품,드라마,완결,완결,"2,164.8만",9.9,64,6,3시간,"스릴러,범죄,복수,스릴 넘치는",어느 날 당신에게 도착한 국민사형투표 문자 당신의 선택은?,https://page.kakao.com/content/47740473
컨빨,kakaopage,윌로우드,나인하우,판타지,휴재,휴재,191.7만,9.5,34,3,1일,"게임,깽판,먼치킨,천재,성장,격투가,용사,스포츠 선수","'저는 오늘 이 자리를 빌려 모든 대회와 경기에서 은퇴하려 합니다'최강의 격투가라는 권좌에 오른 영민을 기다리던 것은 오로지 지루함뿐이었다‘나를 두근거리게 만들 무언가가 필요해’그런 그에게 참지 못 할 도발이 들어온다‘권영민 선수‥‥ 물론 대단한 분입니다 하지만 파이널 사가에서는 통하지 않을 겁니다’‘어쭈? 이놈봐라?’‘너 게임 개못하잖아’를 시전당한 영민은 결국 참지 못하고 가상현실게임, 파이널 사가를 시작하게 되는데-엣? 현실에선 격투기 최강자였던 내가, 게임 속 에서는 뉴비?-정보도, 경험도, 기반 지식도 부족한 영민은 무작정 게임을 시작하게되고‘이게 다 뭐지? 아 모르겠다 일단 해봐’몸이 강하면 머리가 편해진다를 실천하며 바닥부터 강해지는 영민은 파이널사가에서 ‘리안’으로서의 삶을 살아나가기 시작한다",https://page.kakao.com/content/61506119
SSS급 로맨스 단편선,kakaopage,앤트스튜디오,앤트스튜디오,로판,시즌 휴재,월,182.7만,10.0,55,3,1일,"로맨틱코미디,드라마,짝사랑,능력녀,로맨스판타지,여주판타지,왕족/귀족,카리스마남,걸크러쉬,여공남수,배틀연애,개그물","500년 전, 마계와의 접경지에 인간들의 왕국이 세워진 후부터왕국과 마계는 영토를 둔 전쟁을 계속해 왔다그리고 시간이 흘러 왕국에는 영웅의 후예인 공주님이 태어났다그러나 성검의 간택을 받은 공주님은 무시무시한 무력을 앞세운 폭군이었는데…늘 갑옷 차림으로 전쟁터를 누비고, 수틀리면 검부터 휘두르고, 사람을 발받침으로 쓴다는 소문까지 도는말그대로 천상천하 유아독존 공주님그러던 어느 날, 평화로운 왕궁에 위기가 찾아온다소풍 나가듯 마족 토벌에 갔던 공주가 처음으로 드레스를 입고 왕궁에 들이닥친 것이다“아바마마, 저, 결혼할래요”대체 어떤 불쌍한 녀석이 이 망나니 공주에게 걸렸을꼬?“바로 마왕이에요”왕국은 무사히 평화를 지킬 수 있을까?SSS급 로맨스 단편선 중 첫 번째 작품",https://page.kakao.com/content/60213137
공작 부인의 은밀한 집필,kakaopage,버터,지요,로판,시즌 휴재,월,239.3만,9.8,69,3,1일,"로맨스판타지,가상시대물,운명,츤데레남,다정녀,달달물,로맨틱코미디,잔잔물,힐링물","오랜 시간 글을 써오면서 이렇게 열혈 독자를 만난 것은 처음이었다‘내가 필인 걸 말할 수는 없지만 뭐라도 해주고 싶어’엘리샤는 드레스를 잡고 있던 손을 슬그머니 뻗었다“음, 내가 악수……해 줄까요?”“네……?”“아니면, 안아줄까요?”그 순간, 레사의 동공이 사정없이 흔들리기 시작했다* 남자주인공: 레사 블라크 아르문트 – <리턴 나이트> 작가 '필'의 열혈 팬 우연히 서점에서 만난 엘리샤의 모습에 호기심을 느끼고 정략 결혼을 결심한다* 여자주인공: 엘리샤 로즈 베버 – 제국 최고의 인기 작가 '필' 부모님의 결혼 압박으로 <리턴 나이트>를 쓰다가 무기한 중단에 들어간다* 이럴 때 보세요: 소확행 사랑 이야기가 보고 싶을 때* 배경/분야: 서양풍/로맨스판타지* 작품 키워드: #판타지물 #서양풍 #왕족/귀족 #정략결혼 #선결혼후연애 #츤데레남 #존댓말남 #다정녀 #외유내강 #단행본 #달달물 #",https://page.kakao.com/content/60000788
대치동 클래스,kakaopage,팀 이프(드림웹툰),팀 이프(드림웹툰),드라마,시즌 휴재,월,50.1만,9.8,29,4,1일,"현대물,학원물,일상물,성장물,입시,일상,회귀/타임슬립,사제지간,잔잔한,이야기중심,전문직,남주중심","'사학 비리 폭로' 실패로 명문 고등학교 교사에서 허름한 학원 강사로 전락한 강명문자신의 과거를 후회하던 나날, 어떤 사건에 의해 초임 교사 시절로 회귀하게 되는데지금까지 쌓은 입시 노하우를 토대로 최고의 교사가 되기 위한 그의 고군분투가 시작된다",https://page.kakao.com/content/61778913
쥐구멍 볕 들 날,kakaopage,여내,창식,로맨스,완결,완결,128.1만,9.9,56,3,3시간,"현대로맨스,성장물,막장,우연한만남,다정남,순정남,존댓말남,대형견남,순진남,평범녀,사이다녀,다정녀,달달물,드라마,권선징악","빛나는 20대를 빚 갚느라 다 보냈다겨우 다 갚았더니, 또 새로운 빚이 생겼다지긋지긋한 세상과 작별하기 위해 찾아간 다리 위에서자신처럼 극단적인 선택을 하려는 남자와 마주친 예나소동 끝에 자살에 실패한 두 사람은서로의 사정이 아주 조금 궁금해졌다""예나 씨는 왜 죽으려고 했어요?""""빚 갚을 돈이 없어서요""""그 빚, 제가 갚아 줄까요?""햇살처럼 따스한 남자, 주원의 목소리춥고 어둡기만 했던 예나의 삶에도드디어 볕 들 날이 찾아온 것일까?",https://page.kakao.com/content/60345457
패왕의 별,kakaopage,위드칸,위드칸,무협,시즌 휴재,월,996.1만,9.6,122,3,3시간,,"강렬하고 붉은 패왕의 별이 떴다그 별의 정기를 받고 태어난 아이는 자라나 패왕이 되고천하(天下)를 지배하게 된다는 전설의 별미천한 자리에서 가장 높은 곳에 오르려는 자, 천류영“내 그릇의 크기는 나도 몰라”“아직까지 그릇을 채울 만큼 담아본 적이 없거든”거침없는 전진으로 패왕을 소유하려는 자, 백운회 “어차피 내가 갈 곳은 무림밖에 없다”“기왕이면 패왕이 되어 보는 것도 나쁘지는 않겠군”아름다움과 강함을 지닌 독보적인 여고수, 독고설 “패왕성의 주인이 반드시 남자라는 법은 없지”“그러니 나도 가능성이 있어”의문어린 과거와 무공의 깊이를 알 수 없는 자, 풍운 “아무도 모른다”“내 몸 속에 감춰진 강력한 무공을”하나의 패왕(覇王)하나의 자리를 놓고 벌이는 치열한 야망과 사랑 그리고 긴박하게 펼쳐지는 수많은 지략과 배신과연 붉은 패왕성의 주인은 누가 될 것인가?천하를 격동시키는 그들의 이야기가 이제 시작된다",https://page.kakao.com/content/58884852
애아빠를 찾습니다,kakaopage,어궁이,DXD Animation,로판,시즌 휴재,월,4.9만,9.4,46,3,,"로맨스판타지,육아물,원나잇,속도위반,막장,여주판타지,역하렘,능글남,다정남,바람둥이,나쁜남자,왕족/귀족,연하남,능력녀,걸크러쉬","로트와일러 가문의 막내 영애 리시안은 많은 사람들의 축하를 받으며 성년식을 거하게 보내고 홀로 침대에서 깨어난다정신차리고 주변을 둘러보니 널부러진 옷들로 너저분한 방바닥, 그리고 발가벗은 이 꼴은'아 사고 쳤다' 그녀가 기억나는 것은 지난 밤의 모르는 남자의 온기 뿐하룻밤의 사고인 줄 알았으나 얼마 후 리시안은 새로운 생명을 가진 것을 알게 되었는데애아빠 후보는 총 세 명1번 오랜 소꿉친구, 2번 황태자, 3번 아는 동생과연 그날 밤의 남자, 그리고 애아빠는 누구일까?",https://page.kakao.com/content/61936759
SSS급 그림쟁이 소환사,kakaopage,용용이,CREAM호빵,판타지,완결,완결,52.6만,7.8,35,36,,"차원이동,귀환,생존,이능력",어느 날 갑작스럽게 발생한 지진으로 이세계로 떨어진 “신진호” 와 회사 동료들…알고 보니 이세계는 친형이 그린 웹툰과 모든 내용이 똑같은 세계였다 오랜 무명작가로 잇단 차기작 실패로 좌절하고 자신의 작품을 비관하며 어디론가 사라져버린 형…형의 웹툰 속 세계관과 스토리를 잘 알고 있는 진호만이 이세계를 제대로 공략할 수 있다이에 진호는 회사 동료들과 함께 이세계를 탈출하여 원래 세계로 돌아가는 것과 사라진 형의 행방이 두 마리 토끼를 한꺼번에 해결하고자 여행을 떠난다,https://page.kakao.com/content/60675587
천재 영업사원이 되었다,kakaopage,STUDIO107(울트라미디어),STUDIO107(울트라미디어),드라마,완결,완결,350.1만,9.9,71,0,1일,"현대물,권선징악,성장물,회사원,초능력,노블코믹,분량많은,이야기중심","만년 열등 영업사원, 천재 영업사원이 되다메디컬 영업사원 '지훈'은 매사 근면 성실한 자세로 영업하지만, 온갖 로비와 불법행위로 영업 성과를 독차지하는 '최 과장'에게 매번 뒤처진다그럼에도 나쁜 유혹에 흔들리지 않고 진심으로 상대를 대하는 지훈에게 아주 특별한 능력이 발현되는데…다른 사람들의 속마음이 들리기 시작했다?",https://page.kakao.com/content/59603360
태양을 삼킨꽃,kakaopage,"오성영, 염",신소,로판,연재중,금,197만,9.8,57,3,1일,"로맨스판타지,초월적존재,첫사랑,왕족/귀족,냉정남,카리스마남,무심녀,능력녀,철벽녀,경쟁구도,운명,궁정로맨스,환생물","위대한 대마법사 아마르잔그런 그가 오래전부터 품고 있던 염원이 있었으니…바로 신이 되고자 하는 열망이었다""누구도 나를 내려다보지 못하게 하리라""하지만 신이 되기에 무언가 부족했던 것일까?오만한 신계는 그에게 문을 열어주지 않았다결여된 무언가를 찾아라비범한 아마르잔의 삶에서 얻지 못한 것이 있다면,그 반대로 평범한 인생을 살리라그렇게 대마법사의 영혼은 이슬을 머금은 듯한 은발과 사파이어처럼 투명한 눈동자아름다운 소녀, <슈리아 아델트>로 다시 태어나게 된다그런데, 자꾸만 내 계획을 방해하는 저 녀석은 뭐지?전생에서도 현생에서도 아마르잔에게 없는특별하고 고귀한 태생을 가진 황태자 <렌카이저>질투심에 불타오르는 슈리아그런데 슈리아를 바라보는 황태자의 눈빛이 조금 이상하다""저자를 지켜봐야겠…, 그냥 죽일까?""",https://page.kakao.com/content/61320736
천추강호,kakaopage,황성,황성,무협,완결,완결,159만,9.7,170,2,3시간,,"천추강호를 꿈꾸는 천하제일가가문에 드리운 음모의 싹이 트면서,어둠의 운명과 강호 혈풍이 불기 시작한다너는 무엇에 운명을 걸 것인가?내가 천하제일가 적통 후계라고?전혀 관심 없어그런 후광이 없어도 지금까지 잘 살아왔고, 앞으로도 그럴 거야내 인생은 내가 선택하는 거니까",https://page.kakao.com/content/61755300
내 짝꿍은 뱀파이어!,kakaopage,식인붕어,식인붕어,로맨스,연재중,월,93.2만,10.0,35,36,,"현대로맨스,학원물,오해물,첫사랑,까칠남,다정남,엉뚱발랄녀,계약관계,삼각관계,로맨틱코미디","""네? 제가요? 뱀파이어 여왕이요?""뱀파이어와 인간이 공존하는 세상에평범한 인간인 '한예슬'은 말도 안 되는 실수로뱀파이어들만 다니는 '백세고등학교'에 지원하게 된다인간인 걸 들키지 않기 위해 머리도 염색하고 렌즈도 꼈지만너무 과했던 걸까? 다들 나를 전설에나 나오는'순혈' 뱀파이어로 보고 여왕으로 떠받든다이왕 이렇게 된 거 1년 뒤에 전학 가기 전까지완벽한 뱀파이어 여왕을 연기해 주마라는 심정으로 다짐하기도 무색하게화장실에서 찬결에게 인간이란 걸 들키게 된다찬결과 엮일수록 계속해서 이상한 일들에휘말리는 인간 한예슬은 뱀파이어들이 득실대는이 뱀파이어 학교에서 무사히 1년을 마치고 전학 갈 수 있을까?",https://page.kakao.com/content/61985749
사장님의 특별지시,kakaopage,박한나,지나,로맨스,시즌 휴재,월,"1,464.3만",9.9,81,4,3일,,"화장품업계 신흥강자 G 코스메틱 사장 최정우뛰어난 업무 처리 능력과 미모를 가진 그녀의 비서, 신수현어느 날, 난데없이 사장의 특별한 지시가 떨어졌다“신 비서, 나랑 결혼해줘”복사해줘, 자료 정리해줘, 일정 체크해줘, 처럼 여상하게 내려온 상사의 지시밤마다 사장에게 보내지 못한 사직레터를 새로 쓰고 또 쓰며 모으던우리의 조신남 수현은 이제 사표를 낼 때가 되었다고 생각하지만…이 결혼, 조건이 너무 끝내주잖아?두 사람의 오피스&신혼살이 예측불허 연애담",https://page.kakao.com/content/58144564
유혹은 화끈하게,kakaopage,김수오,"몬몬, 마로제이(연출)",로맨스,완결,완결,22.3만,9.6,71,3,3일,"현대로맨스,사내연애,철벽녀,재벌남,로맨틱코미디",잡지사 나-베스트의 입사 3개월차 신입사원 무성희누구라도 사랑에 빠져버릴 만큼 미인이지만 그녀는 철벽녀다그런 그녀가 자기에게 호감을 가졌다고 착각을 하게 된 극도의 자뻑 편집장이자 대표 나제일'오늘 부터 한 달 동안 무성희 씨를 유혹하겠다'고 선언한다30일간의 카운트다운 시작자뻑 나제일은 철벽녀 무성희를 유혹할 수 있을까…,https://page.kakao.com/content/59130161
교룡의 주인,kakaopage,,박래모(Terapin),로판,시즌 휴재,월,137.1만,9.7,51,3,3일,"로맨스판타지,궁정로맨스,가상시대물,신화물,운명,인외존재,시한부,짝사랑남,존댓말남,철벽남,외유내강,철벽녀,계약관계,갑을관계,치유물","""심장에 여의주를 품은 왕이 용과 함께 다스리는 곳, 예락그리고 세자에게 자신의 심장을 바쳐야 하는 왕족, ‘마니’이번 대의 ‘마니’ 유리서란은 맹약식 날 자신의 교룡에게 세 번의 명령만 내리고자유를 주겠다는 약속을 한다그럼에도 다들 그녀를 외면하는 가운데,유일하게 나선 단 한 명의 교룡“이름이 무엇이냐?”“여울입니다”“내 교룡(蛟龍)이 된 것을 후회하지 않도록 해 주마”약속대로 궁 밖의 세상으로 떠나려는 여울에게서란은 서간을 보내 달라는 첫 번째 명령을 내린다그리고 11년 후,마니식을 앞두고 돌아온 여울에게 내린 두 번째 명령“내게 바다를 보여 줘”그렇게 그녀의 일생 중 가장 긴 여행이 시작되었다그 여행의 끝에서 그녀가 내릴 마지막 명령은 과연 무엇일까?""---------------------------------------------------------<본 저작물은 문화포털에서 제공한 전통문양을 활용했습니다>",https://page.kakao.com/content/60436204
지옥락,kakaopage,카쿠 유지,카쿠 유지,액션,완결,완결,3.8만,10.0,127,1,,,"최강의 닌자로서 이름을 떨쳤지만 탈주닌자로서 붙잡히게 된 가비마루는, 참수 집행인인 ‘야마다 아사에몬 사기리’로부터 무죄 방면이 될 수 있는 조건을 제안 받는다그 조건은 극락정토라고 소문이 난 땅에서 ‘불로불사의 선약’을 손에 넣는 것…삶과 죽음을 깨닫는 인법 낭만 활극, 개막──── JIGOKURAKU © 2018 by Yuji Kaku/SHUEISHA Inc",https://page.kakao.com/content/60889923
수라전설 독룡,kakaopage,,영광(앤트스튜디오),무협,휴재,휴재,"2,560.4만",9.9,135,14,1일,"복수,무림,성장,독",유구한 역사를 자랑하는 약문(藥門)들의 잇따른 멸문지화시체가 산처럼 쌓이고 피가 바다처럼 흐르는절망의 지옥에서 마침내 수라(修羅)가 눈을 뜬다- 하나도 남김없이 모두 죽일 것이다놈들을 전부 죽일 때까지 절대로 끝내지 않아약문 백화절곡의 유일한 생존자 진자강먼 훗날 강호 무림사에 전설로 기록될한 사내의 고독한 복수행이 시작된다,https://page.kakao.com/content/56599549
악녀에게 반하지 마세요,kakaopage,정해진,숭치,로판,완결,완결,140.8만,9.4,60,3,3일,"로맨스판타지,빙의물,여주판타지,까칠남,왕족/귀족,카리스마남,능력녀,걸크러쉬,사이다녀,우월녀,털털녀,라이벌/앙숙,달달물,드라마",눈을 떠보니 제국 최악의 악녀 이그나 라크벨라에 빙의했다고? 심지어 집안이 쫄딱 망했어? 하지만 걱정 마시라 내 재능으로 다시 일어설 뿐이니까 비호감 1위인 몰락한 악녀에서 제국 최고의 인기인이 되기까지의 이야기,https://page.kakao.com/content/59737966
이 봄을 갖고 싶다,kakaopage,황미리,황미리,로맨스,완결,완결,"3,193.9만",9.7,151,7,1일,,이 남자가 내 맘에 들어오는 순간불안하고 어색하고 화가 났다가도간지럽고 두근두근거린다밀어내고 밀어내도계속 다가오는 당신내 불안과 두려움이숨 막힐 듯 조여 온다는 걸당신은 알까? 지금껏 여자와의 관계에 있어서는 늘 내가 우위에 있었는데어째서 너는 잡힐 듯 잡히지 않으면서폭풍처럼 날 흔드는 거지?안고 싶다만지고 싶다가지고 싶다이 여린 여자를 내 걸로 만들고 싶다미친놈 이런 상황에서도 가지고 싶다니차 준우 너 진짜 미쳐도 단단히 미쳤구나,https://page.kakao.com/content/54508643
펜친소,kakaopage,바다다,바다다,로맨스,완결,완결,491,10.0,16,3,,,"통신과 기계의 발달로 SNS로 전세계 사람들과 소통하는 게 기본이 된 지금, 고등학교 3학년인 성실은 10년동안 얼굴도 모르는 친구인 제시와 펜팔을 이어오고 있었다 수능 스트레스에 성실은 제시에게 홧김에 만나자 제안을 하고, 놀랍게도 흔쾌히 한국으로 만나러 오겠다고 답을 보낸 제시 기다리던 약속의 날, 공항으로 온 성실은 노란 후드티를 입고 제시의 모습을 상상하며 기다렸지만 나타난 제시는 다름아닌 남자였다 하지만 성실이 알고 있던 제시는 동갑내기 여자아이였는데…?",https://page.kakao.com/content/61681172
당신의 죽음을 바칠 시간,kakaopage,게챠,아시스,로판,휴재,휴재,344.3만,9.9,81,3,1일,"로맨스판타지,성장물,빙의물,왕족/귀족,연하남,츤데레남,능력남,능력녀,자상녀,외유내강,걸크러쉬,순정남,상처남,집착남,존댓말남","마흔 살이었던 일리안이 눈을 뜨고 본 것은 작아진 손이었다늙은 용병이었던 그녀는 10년을 거슬러 열두 살의 어린아이,헤이븐 윈터가 되어 있었다우선 망해가는 가문도 다시 세워야 하고,과거로 돌아온 김에 이전 생에서 지키지 못한 것들도 지켜내야겠다그런데… 이전 생에서 거슬리던 녀석이 이번 생에서도 눈에 밟힌다?""너는 일리안 하인리히가 아니니까""도대체 과거의 나는 너에게 뭐였던 거야",https://page.kakao.com/content/59990686
뱀파이어의 아들들,kakaopage,,아가,드라마,시즌 휴재,월,216.7만,10.0,39,4,1일,,인간들과 함께 살아가는 뱀파이어 가족흡혈 욕망에서 자유로워지는 방법은바로 진정한 사랑♡♡♡ 아들1 차지성우등생-명문대-대기업 코스를 걸어온 엄친아오래 사귄 여친과 사내 비밀연애 중 아들2 차유성잘나가는 쇼핑몰 사장 겸 모델3개월마다 여친이 바뀌는 바람둥이 아들3 차혜성세상에서 게임이 제일 좋은 막내뱀파이어 피를 가장 진하게 물려받은 탓에 홈스쿨링 중 사랑을 믿지만 현실에 부딪치는 지성사랑을 믿지 않지만 외로움은 싫은 유성사랑을 알지 못하는 천방지축 혜성 <뱀파이어의 아들들>은 인간들 사이에서 행복해질 수 있을 것인가,https://page.kakao.com/content/60645694
연생대딩,kakaopage,뱅기,순정,로맨스,완결,완결,81.3만,9.9,52,3,3일,"현대로맨스,캠퍼스물,성장물,운명,다정남,순정남,능력녀,삼각관계,친구>연인,달달물","7년차 아이돌 장수 연습생 시은은 현실을 직시하고 앞날을 위한 플랜B를 생각하게 된다시은은 지은이란 이름으로 바꾸고, 평범한 대학 생활을 꿈꾸며 대학에 진학하게 되는데",https://page.kakao.com/content/60081337
은행의 공녀님,kakaopage,송송,퍄프리카가루,로판,시즌 휴재,월,108.3만,9.9,27,3,1일,"로맨스판타지,타임슬립,재회물,회귀물,첫사랑,트라우마,능글남,왕족/귀족,카리스마남,후회남,능력남,짝사랑남,집착남,능력녀,뇌섹녀","""사교계의 꽃이자 요정의 현신이라 불리던 아름다운 공녀 아드리아나사랑하는 남자를 만나 행복한 삶을 꿈꿨던 그녀는 음모에 휘말려 가족을 잃고 남편의 불륜 상대에 의해 비참한 죽음을 맞는다드디어 이 고통이 끝났다는 해방감이 무색하게 눈을 뜬 그녀는 8년 전의 과거로 돌아와 있었다“그 비참한 삶을 또다시 반복할 수는 없어”가문을 둘러싼 음모를 밝히기 위해 정체를 숨기고 가문 소유의 은행으로 숨어 들어가는 아드리아나 겨우 들어간 은행은 다 무너져 가는 분점이었고, 손님은 지지리도 없다 게다가 은행의 호위는 과거에 인연이 있었던 수상한 소드마스터라니?과연 아드리아나는 이번 삶에선 행복하게 살 수 있을까?""",https://page.kakao.com/content/61262517
금복이 이야기,kakaopage,공삼,공삼,드라마,완결,완결,796.5만,10.0,113,2,3시간,"동양풍,일상물,힐링물,일상,동물,귀여운,이야기중심,잔잔한","[조선시대 금빛 복을 부르는 작은 검은 고양이]조선시대, 불길하다 여겨 구박받던 검은 고양이를 유일하게 감싸준 선비 고양이를 구원하고, 고양이에게 구원받다 착하고 돈 많고 잘생겼지만 몸이 약해 외로웠던 선비 의균은 우연히 만난 길 잃은 고양이에게 금복이라는 이름을 붙여준다 금복이는 밤마다 소년으로 변하는 기이한 고양이로, 자신을 거둬준 의균에게 은혜를 갚기 위해 냥냥분투하는데…",https://page.kakao.com/content/58502023
남의 사랑 이야기,kakaopage,사란,사란,로맨스,완결,완결,52.2만,9.7,51,5,3시간,,"내 인생에 사랑은 사치일까일 잘하고, 능력 있고, 이성적인 '선아'는자기감정에 유독 서툴다 특히 연애 감정남들은 좋아 죽는다는 그 사랑이 대체 뭔지, 어떤 기분인지공감 못 하면서도 한 번도 겪어보지 못한 진솔한 사랑에놓을 수 없는 환상과 부담을 갖고 있는데건너 건너 소개로 만났던 남자친구가 바람을 피워 헤어지게 된 날,예상치 못한 새로운 만남을 갖게 된다과연 이번에는?",https://page.kakao.com/content/61345283
쥐뿔도 없는 회귀,kakaopage,강아지마스터,강아지마스터,판타지,시즌 휴재,금,333.4만,9.8,62,3,3일,,"이세계 '에리아'에 소환된 평범한 중학생 이성민아무런 재능도 기연도 없이 오로지 살아남기 위해 갖은 고초를 겪으며 십수년을 버티지만, 결국 비참하게 목숨을 잃고 만다그러나 죽기 전, 우연히 손에 얻은 '전생의 돌'에 의해 과거로 회귀하게 되고다시금 새로운 삶을 손에 얻게 된다그러나 여전히 재능도 뭣도 없는 쥐뿔도 없는 인생범접할 수 없는 천재들에게 번번이 높은 벽을 느끼고강한 열등감에 시달리지만,포기하지 않고 굳은 의지와 결심으로 한 걸음씩 나아간다""어떻게든 발버둥 쳐서라도, 전생보다 나은 삶을 살겠어""인기 웹소설 <쥐뿔도 없는 회귀> 웹툰화",https://page.kakao.com/content/59061428
모시던 아가씨가 도련님이 되어버렸다,kakaopage,시그마,시그마,로판,완결,완결,"3,635.9만",10.0,119,3,3일,,"조연에 빙의한 지 9년 차, 모시던 아가씨가 도련님이 되어 찾아왔다*원작 여주인공의 시녀 생활을 청산한 지도 4년웬 잘생긴 남자가 찾아왔다그것도, 내가 모시던 아가씨를 닮은 남자가“약속을 지키러 왔어, 블레아 나와 평생을 함께하겠다고 했잖아”“설마… 아가씨?”순간, 남자의 붉은 눈에 이채가 돌았다코앞까지 다가온 그가 고개를 기울여 내 머리카락에 입 맞췄다그리고 속삭였다아주 다정하고 아름다운 목소리로“이젠 도련님이라 불러야지”……네?*원작대로라면 여주인공, 클로이는 후회에 찌든 가족들을 거느리고남주인공 후보들과 해피라이프를 즐길 수 있었다하지만 연재 중지되었던 원작 소설에는 큰 비밀이 있었으니……여주인공이 알고 보니 남자라면 어떻게 되는 거지?“크… 클로드, 가족들에게 가보지 않아도 괜찮아요?”“말했잖아 필요 없어”“그럼 저번에 그 남자분들은……”“지금 내 앞에서 다른 남자 이야기를 하겠다고?”…그 남자들이 원래 당신이랑 이어져야 했을 남주인공들인데요“나는 너만 있으면 돼 다른 건 알 바 아냐”가족 후회물의 주인공께서 모든 걸 다 뻥 차 버리고 내 곁에 있겠다고 선언했다“그러니, 블레아 너도 나만 보는 거야”전에 없이 다정한 눈 속에 집착이 가득했다*********************로판 화제작 태비의별 작가님의 <모시던 아가씨가 도련님이 되어버렸다> 본격 웹툰화빙의된 하녀 블레아와 츤데레 클로이의 티키타카 찐케미를 만나보세요*********************",https://page.kakao.com/content/55249956
그 책에 마음을 주지 마세요,kakaopage,문시현,임조조,로판,시즌 휴재,월,966.5만,10.0,79,7,3시간,"로맨스판타지,피폐물,빙의물,운명,집착남,무심녀,걸크러쉬","로맨스 피폐 소설 「루스벨라의 빛」엑스트라인 황제의 여덟 번째 황녀로 환생에 새로운 삶을 꿈꾸던 아실리 로제,그런 그녀의 앞에 미래를 예지하는 일기장이 나타나는데……「너에게 난 어떤 의미인가?질문이 끝나자 황태자님이 예쁘게 웃더니, 날 죽였다」피도 눈물도 없는 황태자에게 살해당할 미래만을 예고하는 일기장불행히도 아실리는 죽어도 죽어도 다시 살아나 계속 살해당했다반복되는 죽음 속에서 천천히 미소를 잃고 변해가는 아실리도무지 피할 길이 없는 죽음, 이 미래를 피해 생존할 수 있을까?한데 어째서인지 메말라 갈수록 아실리 곁에는 사랑을 갈구하는 남자들이 모여드는데……“제가 오라버니에게 무엇을 줄 수 있는데요?”“이름을 불러 봐”이 사랑은 모두가 진짜일까?“사랑합니다 당신을 갖고 싶은 욕심은 사랑이 아닙니까?”다가오는 남자들의 진심은?“웃기지 마 내 삶은 내 거야”",https://page.kakao.com/content/57177092
아파도 하고 싶은,kakaopage,김인정,김인정,로맨스,완결,완결,"2,514.7만",10.0,74,7,2일,"현대로맨스,동거물,짝사랑,첫사랑,상처남,자상녀,계약관계,잔잔물,치유물,드라마,애잔물","‘그’를 아주 오랫동안 짝사랑해왔다하지만, 그에게 하연은 여자가 아니었다 좋게 봐야 같은 동아리 후배, 더 나아가서는 같은 직장에 다니는 여자애 그냥 그 정도그랬던 그가 결혼을 한다?“선봐서 곧 결혼할 거야 되도록 이른 시일 내에”모르는 여자와의 계약 결혼을 할거라는 남자의 말에 하연은 오랫동안 간직했던 감정을 억누르지 못했다 “꼭 하셔야 한다면… 저랑 해요, 그 결혼”서투룬 유혹, 남자의 단단한 등에 매달려 뜨거운 입술을 겹쳤다발칙한 후배의 도발 선배는 화를 낼까 아니면 미쳤다고 비웃을까 그러나 남자의 입에서 나온 말은 예상외의 것이었다“할 거면 제대로 해야지” <아파도 하고 싶은>",https://page.kakao.com/content/55140699
장봉행,kakaopage,무후경연,유자양면,무협,연재중,월,342.1만,9.7,204,7,2일,"검,술법","30년 전, 사람의 마음을 조종할 수 있는 4자루의 요도(妖刀)가 무림에 뿌려지면서 수많은 사람들의 목숨을 빼앗았다 30년 뒤, 기이한 살인사건들이 여러 건 일어나고 그 사건들 배후에는 요도가 있다는 소문이 돌기 시작한다 평범한 대장장이 소년이었던 주인공 배열은 어느 날, 한 강호 문파에 검을 배달하러 갔다가 기이한 장면을 목격한다 그것은 바로 한 마을 청년이 괴물의 모습을 한 채 한 자루의 칼을 휘두르며 문파 장문인의 여제자와 싸우고 있는 모습이었다 4자루의 요도와 4대문파, 무공을 수련한 적도 없는 배열은 그 소용돌이 속에서 살아남을 수 있을까?",https://page.kakao.com/content/53504913
부드러운 폭군,kakaopage,,스푼코믹스,로판,완결,완결,230.4만,9.5,90,3,3일,"로맨스판타지,중세물,나쁜남자,왕족/귀족,차도남,능력남,평범녀,순진녀,다정녀,정략결혼,드라마","거대한 제국 란시아의 황제, 카알 라킨잔혹한 성품의 황제로 인해 그의 하렘에서는 언제나 피의 비가 내린다또 한 명의 후궁이 그의 손에 죽어 나가고그 자리를 채우게 된 노스앤드 영주의 딸 에리카 코르잔혹한 황제와 한없이 연약해 보이는 소녀, 에리카를 보고 사람들은 모두 그녀가이 하렘에서 오래 살아남지 못할 것이라 예측하지만, 모두의 예상과는 달리 에리카는 점차 카알 라킨의 뒤틀린 표면 아래에 다른 모습이 숨어 있다는 것을 알게 되고카알 또한 나약해 보였던 에리카와 지내며, 자신의 상처가 아물어 가는 것을 느낀다그렇게 그들은 서로에게 애틋함을 느껴 가지만 황제와 그의 약혼녀라는 그들의 신분은 그들을그저 사랑을 느껴가는 연인 관계로 내버려 두지 않는데…",https://page.kakao.com/content/58761025
일레나 에보이 관찰일지,kakaopage,,도롱,로판,완결,완결,"2,673",10.0,101,3,,"짝사랑,첫사랑,로맨스판타지,짝사랑남,순정남,능력남,능력녀,철벽녀,친구>연인,달달물,힐링물,오해물","태생부터 고귀한 황족 출신에, 명석한 두뇌,게다가 웃음 한 번으로 사람을 홀릴 만큼 뛰어난 미모의 소유자요한 엘도라도 페르탄그런 요한이 아카데미 수석 입학생이 되는 건 너무나 당연했다일레나 에보이가 나타나기 전까지는""요한, 솔직히 말해 봐 너 일레나 에보이한테 관심 있지?""""…누구한테 진 건 처음이니까""완벽한 인생에 차석이라는 있을 수 없는 일이 일어났으니마음이 어지러운 게 당연한지도 몰랐다 그런데…'왜 자꾸 일레나의 발자취만 좇게 되는 걸까적은 잘 관찰해야 하니까? 만약 그게 아니라면…'",https://page.kakao.com/content/63955017
미친남녀,kakaopage,FCS,6cc,드라마,완결,완결,54.8만,9.6,61,4,1일,"권선징악,성장물,요리능력물,음식/요리,초월적존재,초능력,요리사,이종족,여주중심",사람을 죽였다는 누명과 함께 미친 여자 취급을 받는 전직 한식 최고의 셰프 해오름요리사 자격증도 없는 자신을 터무니 없는 돈을 주며 고용하겠다는 미친남자 윤달에게 제대로 걸렸다그에게 이끌려 도착한 식당 '식사예절' 에서 셰프로 다시 일한다는 일말의 기대감을 갖지만첫 손님이 죽은 사람일 줄은 상상도 못했다,https://page.kakao.com/content/59572719
나쁜 아내,kakaopage,모연,모연,로맨스,완결,완결,443.3만,9.9,65,3,3일,"현대로맨스,사내연애,오피스물,다정남,상처남,순정남,연하남,재벌남,존댓말남,직진남,능력녀,걸크러쉬,사이다녀,계약관계,드라마","늦은 밤, 팀장의 지시에 회사로 향한 은상부탁받은 서류를 찾던 중 탕비실에서 야릇한 소리를 듣게 된다 그러나 그 소리의 주인공이 자신의 남자친구라는 것을 알게 된다 충격적인 상황 속에서 그녀를 구해 준 것은 사장인 경우였다 그 후 경우의 도움으로 남자친구가 퇴사하고, 이별로 모든 일이 끝났다고 생각한 은상 하지만 그날 밤 일이 사내에 퍼지며 당사자로 몰릴 위기에 놓인다 그러자 경우는 그녀를 위기에서 구해 주겠다며 황당한 제안을 해오는데 “법적인 아내가 되어 준다면, 원하는 모든 것을 해 드리죠”모두를 속이고 원하는 것을 얻기 위해 계약된, 사랑 없는 부부생활 은상은 제게 주어진 역할 대로 철저히 나쁜 아내를 연기한다 그러나 경우는 자꾸 계약 이상의 감정을 부딪쳐 오는데…… 은상은 과연, 끝까지 ‘나쁜 아내’를 연기해 낼 수 있을까?",https://page.kakao.com/content/59214798
폭군의 필드,kakaopage,,캡슐,판타지,완결,완결,92.8만,9.8,50,3,1일,,"“네가 그러고도 국가대표냐 내가 해도 너보다는 잘하겠다”“답답하면 네가 한번 넣어보든가”응원하는 축구팀의 부진한 플레이에 울화통이 터진 프로레슬러 정호철축구 선수에 도발에 그대로 축구장에 난입하여 날린 슛 한방이 인생을 바꾸다거대하게 사고 친 정호철에게 돌아온 것은 구치소 행이 아닌, 구단의 입단 제의이젠 링 위가 아닌 레슬러가 아닌,축구장의 폭군으로 군림한다",https://page.kakao.com/content/57800905
유월의 복숭아,kakaopage,,38,로판,완결,완결,448.2만,9.9,48,4,3일,"로맨스판타지,회귀물,다정남,엉뚱발랄녀,로맨틱코미디","레아는 행복한 결혼을 꿈꿔왔다 두번이나 회귀를 했지만 두번 모두 행복한 결혼 생활은 시원하게 말아먹었고, 세번째 회귀를 했을 때 더는 결혼 따위 하지 않을 거라 결심을 했다 그렇게 굳게 다짐을 했는데도 결혼 전 잠깐 이야기를 나눴던 줄리앙이라는 남자가 자꾸 눈에 밟힌다 잘생긴 얼굴과 친절한 면모로 다가온 줄리앙의 청혼에 결국 흔들리게 되어 서약서를 쓰고 다시 결혼을 하게 되었다 결혼 후 줄리앙의 저택에서 신혼생활을 즐기던 중 줄리앙의 숨겨왔던 비밀의 방을 호기심에 들어가게 되면서 몰랐던 자신의 흔적을 발견하게 된다",https://page.kakao.com/content/59481128
그라티아,kakaopage,상민,기현,판타지,완결,완결,8.3만,10.0,235,24,3시간,"이종족,초능력,성직자,마교,전쟁,영웅/신화,선계","예수가 창조했다고 알려진 무한한 힘을 지닌 '권능의 열쇠'10년 전, 그것을 얻기 위해 나타난대악마 사탄으로 인해 뉴욕이 붕괴하고,살아남은 유일한 생존자, 전설의 엑소시스트 진오기는악마에게 빼앗긴 권능의 열쇠를 찾아 전 세계를 돌아다닌다열쇠의 흔적을 쫓아 서울에 도달한 진오기는씩씩한 소녀 길가온을 만나고,반 년 전에 자살로 죽은 친구 귀신을 지키는가온에게서 엑소시스트 가능성을 본다진오기를 만난 후,친구를 지키지 못했다는 죄책감을 지니고 있던 가온도소중한 사람을 지키기 위해 엑소시스트가 되기로 결심한다",https://page.kakao.com/content/62863733
빌런으로 이직하다,kakaopage,열문,"만도라, 연강",무협,완결,완결,134.3만,9.3,264,10,2일,"퓨전,깽판,먼치킨,복수,빙의,성장,시스템,천재,플레이어","사람을 구하려다 되려 배신당해 죽게 된, 주인공 그는 다음 생이 있다면 나쁘게 살리라 결심한다그렇게 죽음 후에 모든 것이 끝난 줄 알았지만, 그는 내공이 있는 세계의 소혁이라는 청년에게 빙의된다 자신을 '빌런 시스템'이라고 소개하는 목소리가 그의 목숨을 살리고 능력을 부여하기 시작했다 그는 과연 소혁의 몸으로 이 세계에서 시스템을 이용해 최강이 될 수 있을까?",https://page.kakao.com/content/56704884
낮에 뜨는 별,kakaopage,채은,고다고,로맨스,완결,완결,718.7만,10.0,77,3,3일,"현대로맨스,연예계물,오빠,능력남,자상녀,순진녀,상처녀,나이차커플,달달물,드라마,힐링물","대한민국 최고의 톱스타 강승현,7년째 중고 신인 황유라의 드라마틱 로맨스연기 하나만으로 성공하고자 했으나, 7년째 무명배우 신세인 황유라 그녀는 믿었던 남자친구에게 뒤통수를 맞는다 양다리를 걸치던 그가 유라를 잔인하게 차 버리고 더 좋은 배경의 여자와 결혼한 것이후 유라는 대작 냄새 폴폴 풍기는 영화의 단역을 맡게 되지만, 그녀의 고난은 끝나지 않는다 한겨울에 바다에 빠져야 하는 촬영에, 빽으로 주연을 차지한 전 남자친구와의 재회까지?결국 유라는 촬영장 구석에서 눈물 콧물을 쏟고 만다그때, 흥행 보증수표로 불리는 톱스타 강승현이 그녀를 발견하는데“내 방에서 자”“저, 그런 애 아닙니다”영화 촬영과 함께 시작되는 두 사람만의 비밀스럽고 간지러운 로맨스",https://page.kakao.com/content/55452896
무권,kakaopage,,하연,무협,휴재,휴재,157.4만,8.6,300,3,2일,"무림,생존,성장,조력자","영혼을 육체에 부여하는 힘, 무혼그러한 무혼을 구체화하여 여러 가지 능력을 사용해 전투에 임하는 자, '무권사'무문 북원(武門 北院) 장문인의 직속 제자인 영무는 동료와 함께모두가 탐내는 보물 '귀정부'를 탈취한 배신자를 잡고 귀정부를 되찾아오라는 임무를 받게 된다귀정부의 행방에 대한 단서를 포착한 그때, 그들에게 엄청난 시련이 닥쳐오는데…",https://page.kakao.com/content/53577125
범이 내려왔다,kakaopage,"블루라인 스튜디오, 스튜디오 그리고, 블루라인 스튜디오, 스튜디오 그리고","블루라인 스튜디오, 블루라인 스튜디오",액션,시즌 휴재,월,134.4만,9.5,50,3,1일,,"세상만사가 귀찮은 고2인 하선그는 이 세상에 존재하는 조금 특별한 존재인'초월자'를 알아볼 수 있는 능력을 갖고 있다 별다를 것 없는 일상을 보내던 어느 날 갑작스러운 초월자들의 습격을 받고 죽을 위기에 처하게 되는데이 충격으로 인해 하선이 가지고 있던 목걸이가 깨지고, 그 안에 봉인돼 있던 범이 모습을 드러내 하선을 구한다 범의 등장으로 인해 하선은 생활의 큰 변화를 맞이하게 되고그의 새로운 힘을 탐내는 불청객들로 하루하루가 바빠진다과연 하선과 범, 이 둘은 힘을 합쳐 그들을 쫓는 적들을 물리치고 과거의 비밀을 파헤칠 수 있을까? * * *[ ‘범이 내려왔다’는 그랜드크로스 유니버스 스토리입니다 ]웹소설_<방송 천재 도사 전우치>웹소설_<죽음의 신, 하 변호사>웹소설_<신 우렁각시전>웹툰_<오 필승 김과장>* * *",https://page.kakao.com/content/59439137
백합 하우스,kakaopage,정민,이부용,드라마,연재중,월,143.9만,9.9,64,4,3일,"미스터리,스릴러,추리물,현대물,범죄,작가,고퀄리티,기묘한,무서운,분량많은,스릴 넘치는,여주중심,이야기중심,연쇄살인,음모","여성전용원룸, 생각지도 못한 좋은 조건에, 꿈에 그리던 최고의 자취방을 얻었다이사한 첫날 밤,쿵 천장이 내려앉을 것만 같은 큰 소리에 잠이 깼다첫날부터 이웃과 감정 상하기는 하지만,이건 좀 너무한 거 아닌가?윗층에 올라가자, 열린 문 안으로 바닥에 쓰러진 여자가 보인다이사한 첫날 밤, 윗층 여자가 자살했다",https://page.kakao.com/content/60096304
8클래스 마법사의 회귀,kakaopage,,테스,판타지,완결,완결,"3,004.9만",9.9,82,4,3일,"퓨전,복수,회귀,먼치킨,천재,노력,성장,마법사","황제 라그나르와 통일 제국을 위해 손에 피를 묻히길 수십 년나는 고향으로 돌아가 속죄하며 죽은 듯이 살고자 했다그러나,“자네는 언제든지 나를, 나의 제국을 집어삼킬 수 있는 8클래스의 대마법사”“그런 괴물을 어찌 살려둘 수가 있겠나?”친구이자 주군이었던 라그나르에게 배신당하고 죽음의 문턱을 넘기 직전,시간 마법의 주문이 새겨진 단검을 심장에 찔러 넣었다‘내가 원했던 참회란, 모든 것을 되돌려놓는 것’인류 최초의 8클래스 마법사 이안 페이지그가 30년 전 과거로 돌아왔다",https://page.kakao.com/content/57140255
데드맨31,kakaopage,,신월,드라마,시즌 휴재,월,188.9만,10.0,84,3,3일,"추리물,판타지물,현대물,기억상실,범죄,전문직,초능력,재회물,짝사랑,첫사랑,경찰,탐정,노블코믹,이야기중심","수명을 거래하는 불사의 탐정 데드맨31일 안에 하나씩,고객만족을 최우선으로 만족하지 않더라도 만족시켜드립니다",https://page.kakao.com/content/57563035
마법사를 위한 동화,kakaopage,나종민,요하치(Yohachi),로판,완결,완결,46.2만,5.2,58,3,3일,"로맨스판타지,여주판타지,인외존재,상처녀,기억상실","[저도 당신같은 마법사가 될 수 있나요?]일곱 살에 가족을 잃고, 혼자가 된 소녀뒷골목에서 잠든 후 깨어나니 이미 그녀는 열 살이었다사라진 3년의 시간 유일한 기억은 누군가의 말 한마디뿐<아즈릴 아스테라 그것을 당신의 이름으로 합시다>그 후 다시 노예로, 귀족가의 매 맞는 아이로고통스러운 나날을 보내던 아즈릴은가장 비극적인 순간에 가장 절실했던 존재를 만난다“왜 이렇게 살고 있습니까?”그녀에게 이름을 지어 준 지평선의 마법사, 레마 레쉬트 그리고“저도 레마 같은 마법사가 될 수 있나요?”“당신이 마법사가 되면, 언젠가 제가 당신을 죽이게 될 겁니다”어떤 끝을 맞이할지는 알 수 없다그럼에도 아즈릴은 레마의 진실을, 그리고 진심을 알기 위해 기꺼이 그와 함께하기로 한다행복한 동화 같은 결말을 위해서",https://page.kakao.com/content/58974724
핸드메이드,kakaopage,,냔,로판,완결,완결,361.4만,9.9,85,3,3일,,"대한민국, 89세의 할머니는 이승에서 천수를 누리고고통 없는 좋은 곳에서 편히 쉴 줄 알았지만?""빨리 일어나서 옷 챙겨 입고, 일해""열다섯 살, 윈스턴 자작가의 하녀로 회귀한 할미, 아니 하미뛰어난 손재주로 자작가 사람들 모두 그녀에게 입덕하는데잘생긴데다 잔망도 쩌는 도련님, 카시안이 괴롭혀 오지만정신은 89세인 하미의 눈에는 그저 손자같아 '오구오구' 귀여울 뿐그러던 중, 그녀는 한 점쟁이로부터 회귀의 비밀을 듣게 되는데실과 바늘만 있으면 뭐든 만들어 내는,먼치킨 하녀의 우당탕 핸드메이드 인생",https://page.kakao.com/content/57903146
베이비 드래곤,kakaopage,,"도파라, 소홍",로판,완결,완결,924.3만,9.6,81,4,1일,,"19살 왕따 여고생 ‘나희주’의 기억을 갖고 다시 드래곤으로 환생한 ‘에일린 드 샤이아’처음으로 겪어 본 누구도 범접할 수 없는 강한 힘과 주변인들의 대가 없는 사랑과 친절이 너무 좋아 행복하기만 하다어떤 이는 그녀를 가지기 위해, 어떤 이는 그녀를 없애기 위해 필사의 노력을 기울이게 되는데",https://page.kakao.com/content/57736511
"답장을 주세요, 왕자님",kakaopage,티바,쭈냐,로판,완결,완결,7.1만,9.9,85,5,1일,"로맨스판타지,차원이동물,다정남,왕족/귀족,순정남,조신남,자상녀,외유내강,엉뚱발랄녀,로맨틱코미디,달달물,힐링물","코델리아 그레이 22살의 꿈많은 신입 편집자 동화책<공주와 기사>의 후속작 원고를 받으러 골동품 상점에 갔다가, 우연히 얻게 된 서책 보관함으로 동화 속 왕자님 아치와 편지를 주고받는다 소설 속 주인공과 대화를 나누게 된 일이 꿈만 같은 코델리아 자신이 사는 세상 속 미래를 알고 있는 코델리아의 조언이 절실한 아치 왕자 두 사람이 서책 보관함을 통해 주고받는 편지는 여름밤이 새는 줄도 모르고 계속되는데*원작: 유폴히 [웹소설] 답장을 주세요, 왕자님",https://page.kakao.com/content/63193754
천하제일 표사,kakaopage,"정재, 장담",류사,무협,휴재,휴재,215.8만,9.5,52,3,1일,,어느 날 천하제일인이 사라졌다그리고 산골 소년 소운 앞에 나타난 노인치매에 걸려 자신을 기억 못 하는데소운은 노인을 어릴 때 사라진 스승으로 알고정성스럽게 모시며 무공을 배운다육 년 후정신을 차리고 사라진 스승을 찾기 위해 소운은 풍천표국의 표사가 되고은혜를 베푼 소국주와 표국의 친구들과 뭉쳐서천하제일 표국을 만들기 위한 대장정을 시작하는데,https://page.kakao.com/content/58493971
슈퍼 큐브: 최강 고딩이 되는 법,kakaopage,SLSS,SLSS,액션,연재중,금,125.2만,9.6,367,8,2일,"시스템,천재,노력,성장,조력자,격투가,용사,이능력,초능력,무공,학생","평범한 고등학생이었던 한태오는 자신이 짝사랑하던 여자애도 자신을 좋아한다는 걸 알게 된다 하지만 그녀를 마음에 들어하는 일진에게 찍혀 그만 강에 빠지게 되는데그 강바닥에서 우연인듯 운명인듯 큐브 하나를 줍게 되었는데, 그 큐브가 그에게 비범한 능력을 가져다 줄 줄이야 신비한 큐브의 능력이 하나 둘씩 밝혀지고 평범했던 그의 일상이 조금씩 뒤틀리기 시작한다지구에서 가장 평범했던 고등학생 '한태오',그는 과연 세계 최강 고등학생이 될 수 있을까?",https://page.kakao.com/content/56608347
간신이 나라를 살림,kakaopage,써드리오,Azul,판타지,완결,완결,166.7만,9.8,50,3,1일,"차원이동,생존,빙의,영웅/신화,노력,성장,조력자,용병,용사,신,만능","금은보화가 있었는데요…? 없었습니다적군의 침공이 있건 말건 대신들이 도망가는 틈을 타 호시탐탐 노리던 황금 앞에 냉큼 달려간 간신사망 확률을 저울질해가며 투항하려던 찰나에본능적으로(?) 몸을 날려 여왕 대신 화살에 맞아 죽음을 맞이한다“충신이여, 당신이 마지막 희망입니다”최후의 충신에게 주어지는 단 한 번의 기회,과거로 돌아가 망국을 재건해야 한다",https://page.kakao.com/content/59078106
혈맥신공,kakaopage,섬프로젝트,섬프로젝트,무협,완결,완결,34.1만,9.2,106,4,1일,"정통,귀환,먼치킨,복수,성장,천재,검","역천의 혈맥을 타고난 용진우천무전의 음모에 몰려 죽을 위기에 처하지만,타고난 혈맥을 각성하여 순식간에 무공을 회복하고, 아무도 따라올 수 없는 속도로 무섭게 성장한다사라진 아버지의 종적을 쫓기로 결심한 그는피 묻은 검을 한 손에 쥐고 앞으로 나아가는데",https://page.kakao.com/content/58265741
그 악녀를 조심하세요!,kakaopage,열매,푸른칸나,로판,완결,완결,"4,672.6만",10.0,128,3,1일,"로맨스판타지,빙의물,여주판타지,수인물,능력녀,걸크러쉬,직진녀,악녀,뇌섹녀,라이벌/앙숙,배틀연애,로맨틱코미디,개그물,힐링물,권선징악","소설 속 희대의 악녀에 빙의했다 싫냐고? 아니? 좋은데?공작영애 = 돈 많은 백수인 것을 내가 마다할 리가 꿀이나 빨면서 여유롭게 살기 딱 좋지 않은가? 원작같은 건 다 떨쳐버리고 나의 삶을 사는거야그렇게 다짐했던 내가 이 몸에 빙의한지 얼마 되지 않아 목격한 것은 나의 약혼남이자 원작의 남주인공인 '황태자 이안'의 불륜 현장이었다 내가 아닌 다른 여자를 품에 안고 시시덕거리는 그를 보며 나는 눈물……따윈 개뿔, 나오지도 않더라 내 눈물은 비싸서 저런 쓰레기에게 흘리기엔 아깝거든 눈물 대신 깊은 빡침을 담은 목소리로 물었다""전하는 개자식인가요?""고구마밭에 떨어진 역대급 사이다 여주 환장하는 원작을 뒤집어 엎기위한 걸크러쉬 그녀이유? 여주가 똥차같은 남주들에게 휘둘리기엔 너무 아까웠거든원작 여주에게 꼬이는 똥차들을 치우는 그녀와, 그녀만을 바라보는 늑댕이 한마리의 이야기",https://page.kakao.com/content/54439672
천마님의 베이커리,kakaopage,,랑파,드라마,시즌 휴재,수,241.3만,9.8,42,3,1일,,"중원을 제패하고 천마로 군림한지 수십년,마침내 현대로 돌아왔다아버지를 도와 베이커리에서 일하기 시작했다심안을 개방해 레시피를 파악하고,환골탈태를 통해 반죽에 최적화 된 골격을 만든다중원최강의 천마, 무공으로 최강의 제빵사가 된다",https://page.kakao.com/content/58721167
그림자 달,kakaopage,루하,루하,로맨스,완결,완결,131.1만,9.8,54,5,1일,"시대/역사로맨스,동양풍,까칠남,뇌섹녀,성장물,먼치킨","[카카오페이지X케나즈 ㅋㅋㅋ웹툰 아카데미 데뷔반 1기 선정작]21세기 천재 도예가 '서청진'은 500년 전 과거 조선의 양갓집 규수 '이영화'로 빙의한다 그런데 뭐라고?곧 임진왜란이 일어난다고? 현대로 돌아가기 위해, 생존을 위해 알고 있는 역사 지식을 총동원해 부와 인맥을 늘려가던 이영화그런데 왜 역사에서 멀어지려면 멀어질수록 왜 역사적 인물들이 다가오는 거야?",https://page.kakao.com/content/60241863
전생하니 내 딸이 마왕,kakaopage,신직수,이재석,판타지,완결,완결,13.3만,8.8,50,4,3일,"차원이동,라이트노벨,환생,육아,이능력,마왕,법조인","눈에 넣어도 아깝지 않은 딸 하나를 바라보며 근근이 먹고 살던 국선 변호사 지혁불의의 교통사고로 딸과 함께 목숨을 잃은 지혁은 신에게 부탁한다“다 필요 없다니까요 그냥 제 딸만 다시 보면 돼요”그렇게 끈질긴 부탁 끝에 관찰력과 설득력이라는 능력을 얻은 채 새로운 세상에 도착하고, 지혁은 스스로가 마왕의 집사이자 변호사라는 사실을 알게 된다그리고 마침내 마왕과 대면하게 되는데……“소은아…”놀랍게도 마왕은 딸의 모습을 하고 있었다선대 마왕의 사치와 향락으로 몰락한 마왕성용사들의 습격 매일같이 쏟아지는 몬스터들의 항의딸을 지켜낼 수 있는 건 오로지 지혁뿐이다",https://page.kakao.com/content/59465425
천인의 신부,kakaopage,문솔,희명,로판,완결,완결,"1,172.3만",9.9,101,4,2일,,"“나는 네 남편이 될 자다”채나라의 적통 공주인 ‘채연’은 어린 시절 황후인 어머니를 일찍 여의고, 황제에게 사랑받는 총비 ‘고 귀비’에게 목숨을 위협당하며 궁에서 살아왔다자신, 그리고 사랑해 마지않는 동생 ‘성종’의 운명을 바꾸기 위해 천인의 신부가 되기로 마음먹은 채연은 제천 의식을 올리고 사당으로 향한다 하지만 고 귀비는 채연이 천인의 신부가 되어 새로운 권위를 얻는 것을 저지하고자 병사들을 보내 채연을 쫓는데… 사당으로 향하던 채연이 고 귀비의 병사들에게 붙잡히려던 찰나, 날개를 단 남자가 나타나 채연을 구해준다 ‘네 남편이 될 자’라고 소개한 그 남자는 병사들을 따돌리고는 채연을 데리고 가버리고, 채연은 정신을 잃는다 다음 날 채연이 눈을 뜬 곳은 낯선 침대였는데…목숨을 바쳐서라도 운명을 바꾸려는 공주,그리고 천 년 전 사랑하던 연인을 잃고 외로이 살아가던 천인과의 3년간의 계약 혼인천인의 신부 ⓒ 문솔, 희명 / 학산문화사",https://page.kakao.com/content/55705058
월요일이 사라졌다,kakaopage,,콩가,드라마,시즌 휴재,월,79.7만,9.9,60,3,3일,"판타지물,현대물,일상,초능력,썸,회사원,고퀄리티,기묘한,이야기중심,일상물","모든 직장인이 그렇듯, 월요일을 무지하게 싫어하는 진 한일요일 밤 자고 난 뒤 출근했는데, 월요일이 아닌 화요일이었다통째로 사라진 월요일의 기억 그런데 제대로 사고를 쳤다 직장내 최고 퀸카 여사원에게 공개적으로 고백을 해 버린 것그리고 다시 또 돌아온 다음 주 평일이번에도 일요일에 잠이 든 그는 화요일에 일어나 버렸다?진짜로 월요일의 기억이 사라져 버린 상태이번에는 회사 대표에게 기가 막힌 프로젝트 건의를 해서 온 회사를 발칵 뒤집어 놓았다이렇게 월요일이 될 때마다 또 다른 자신이 깨어나 하나씩 큰 사고를 치는 주인공 진 한하나같이 비싼 차를 산다던지, 미모의 여직원에게 용감히 대쉬해 연애에 골인한다던지, 소심한 성격 탓에 속으로만 간직하던 기획안을 용감하게 건의한다던지, 자신의 ‘워너비’ 성향을 마음껏 발산한다그러면서 자연스레 사람들은 월요일의 그를 기대하게 되고,진 한 본인도 차츰 자신감을 얻어가게 되는데",https://page.kakao.com/content/58151153
계시록,kakaopage,연상호,최규석,드라마,시즌 휴재,일,141.6만,9.8,28,4,2일,,대규모 아파트 단지가 공사 중인 지방의 한 도시 그곳에 교회를 개척하라는 사명을 가지고 있는 성민찬 목사 하지만 사명처럼 신도 수는 늘지 않는다 그러던 어느 날 교회를 찾아온 권양래 새 신자인 줄 알고 기뻐하는 성민찬 목사 하지만 그는 발목에 전자 발찌를 찬 전과자였다 성민찬 목사는 아내로부터 아들이 어린이집에서 실종되었다는 소식을 접한다그리고 민찬의 앞에는 양래가 범인이라는 계시가 내려진다,https://page.kakao.com/content/59248216
강호표사,kakaopage,OZi,OZi,무협,연재중,월,631.8만,9.7,164,77,3시간,"정통,객잔무협,무림,표국,협객","가난한 시골마을, 부모의 얼굴도 모른 채 가난한 삶을 이어가던 이름 없는 소년이 있었다힘과 권력에 취한 무림인들의 분쟁은 소년의 마을까지 싸움터로 만들어 버렸고,불타버린 마을에서 홀로 죽어가던 소년은 의문의 노 고수에게 목숨을 구원받는다일찍이 타락한 무림에 환멸을 느껴 강호를 등진 노 고수는 소년에게 자신의 진원 진기를 물려주고,그 대가로 자신을 도와 허름한 표국 '협도 표국'의 표사로서 약자를 도울 것을 부탁한다수년의 시간이 흘러 장성한 소년은 천하에 그 연고가 없다 하여'무영'(無影)이란 이름을 얻고, 협도 표국의 표사로서 성장한다하지만, 대가를 바라지 않고 고통받는 백성들을 위한 표행만을 고집하는 사부와 달리 무영의 관심은 그저 돈벌이와 안빈낙도의 삶뿐인데과연 무영은 사부의 바람대로 '강호협객'으로 거듭날 수 있을 것인가?속물근성 가득하고 의협심과는 담쌓은 표사 '무영'의 강호 표행기",https://page.kakao.com/content/54878314
드라코런,kakaopage,범귄,범귄,판타지,완결,완결,955.2만,9.9,161,7,2일,,"""라노, 더 빨리""어릴 적 TV를 보며 드래곤 라이더의 꿈을 키우던 '해리'는절벽 끝에 매달린 드래곤 '사포'의 알을 구조하여 집으로 데려오고,해리네 헛간에서 부화한 새끼 드래곤 '라노'는레벨은 낮지만 해리의 최고의 단짝이 된다4성 드래곤을 지닌 '레이'가 양치기 드래곤을 괴롭하는 것을 발견한 해리는즉석에서 레이와 경주를 겨루게 되고,네오 최고의 왕립 팬드래곤 아카데미 강사 '내네트'가 지나가던 중 이를 발견하여아카데미 스카우트 초대장을 걸고 정식 경주를 제안한다""이번 기수 중에서 내 후계를 뽑을 생각이네""한편 최고의 권위와 영예를 지닌 불의 기사 '갤러헤드'는자신의 뒤를 이을 후계자를 비밀리에 정하기로 하고,미숙하지만 무한한 가능성을 지닌 해리를 눈여겨 보게 되는데…갓 라이더 세계에 입문한 해리와 아가 드래곤 라노둘이 저 드넓은 하늘을 가장 빠르게 나는 그날까지 드라코런draco-run-------------------------------------*매주 금요일 00시에 연재됩니다*",https://page.kakao.com/content/52531025
버려진 아내에게 새 남편이 생겼습니다,kakaopage,랍스타,랍스타,로판,완결,완결,729.5만,10.0,76,4,2일,"로맨스판타지,성장물,복수물,가상시대물,다정남,왕족/귀족,상처녀,신분차이,애잔물","[전 남편에게 치욕적으로 버림받은 클로에 앞에 새로운 남자가 나타난다]“아내 판매로군”클로에는 강압적이고 폭력적이었던 남편에게 결국 버림받는다그것도 치욕적인 ‘아내 판매’로허름하고 비좁은 술집, 그리고 술집보다 더 별볼일 없는 남자들 앞에서클로에가 삼백 레안에 팔려나갈 위기에 처했을 때,오만 레안이라는 거금을 내건 정체 모를 남자, 애쉬 브리니클이 나타난다",https://page.kakao.com/content/58360926
요기도 괴물이 있다,kakaopage,얌치,얌치,드라마,완결,완결,134.9만,9.9,100,3,3시간,"판타지물,신령,초월적존재,학생,기묘한",미스테리·호러 매니아 “성하”와 태권도 유단자 “차빈”남매 둘만 남아있는 집안에 갑작스레 기이한 괴물이 등장한다괴물에게 쫓겨 달아나다 동백나무 아래에서 만나게 된 꽃미남 도사 “요한”셋의 이상한 동거가 시작된다전국적으로 일어나는 미스터리한 현상을 파해치며 만나게 되는 사연 많은 요괴들그들은 왜 갑자기 이렇게 사연이 많아진 걸까?그들은 왜 인간들을 공격하는걸까?본격 힐링판타지드라마<요기도 괴물이 있다>,https://page.kakao.com/content/57726828
