이름,작가/그림,장르,요일,추천수,별점(총),별점(화),총화수,댓글,줄거리,이미지,플랫폼,첫화링크,업데이트
독보소요,,"무협,중국",월,41,"[3.5, 135]","[5.0, 5.0, 5.0, 5.0, 5.0, 5.0, 5.0, 5.0, 5.0, 5.0, 5.0, 5.0, 5.0, 5.0, 5.0, 5.0, 5.0, 5.0, 5.0, 5.0, 5.0, 5.0, 5.0, 5.0, 5.0, 5.0, 5.0, 5.0, 5.0, 5.0, 5.0, 5.0, 5.0, 5.0, 5.0, 5.0, 5.0, 5.0, 5.0, 5.0, 5.0, 5.0, 5.0, 5.0, 5.0, 5.0, 5.0, 5.0, 5.0, 5.0, 5.0, 5.0, 5.0, 5.0, 5.0, 5.0, 5.0, 5.0, 5.0, 5.0, 5.0, 5.0, 5.0, 5.0, 5.0, 5.0, 5.0, 5.0, 5.0, 5.0, 5.0, 5.0, 5.0, 5.0, 5.0, 5.0, 5.0, 5.0, 5.0, 5.0, 5.0, 5.0, 5.0, 5.0, 5.0, 5.0, 5.0, 5.0, 4.5, 4.0, 4.0, 4.0, 3.7, 3.3, 3.0, 3.0, 3.0, 3.0, 3.0, 3.0, 2.3, 1.0, 1.0, 1.0, 0.0, 0.0, 0.0, 0.0, 0.0, 0.0, 0.0, 0.0, 0.0, 0.0, 0.0, 0.0, 0.0, 0.0, 0.0, 0.0, 0.0, 0.0, 0.0, 0.0, 0.0, 0.0, 0.0, 0.0, 0.0, 0.0, 0.0, 0.0, 0.0, 0.0, 0.0, 0.0, 0.0, 0.0, 0.0, 0.0, 0.0, 0.0, 0.0, 0.0, 0.0, 0.0, 0.0, 0.0, 0.0, 0.0, 0.0, 0.0, 0.0, 0.0, 0.0, 0.0, 0.0, 0.0, 0.0, 0.0, 0.0, 0.0, 0.0, 0.0, 0.0, 0.0, 0.0, 0.0, 0.0, 0.0, 0.0, 0.0, 0.0, 0.0, 0.0, 0.0, 0.0, 0.0, 0.0, 0.0, 0.0, 0.0, 0.0, 0.0, 0.0, 0.0, 0.0, 0.0, 0.0, 0.0, 0.0, 0.0, 0.0, 0.0, 0.0, 0.0, 0.0, 0.0, 0.0, 0.0, 0.0, 0.0, 0.0, 0.0, 0.0, 0.0, 0.0, 0.0, 0.0, 0.0, 0.0, 0.0, 0.0, 0.0, 0.0, 0.0, 0.0, 0.0, 0.0, 0.0, 0.0, 0.0, 0.0, 0.0, 0.0, 0.0, 0.0, 0.0, 0.0, 0.0, 0.0, 0.0, 0.0, 0.0, 0.0, 0.0, 0.0, 0.0, 0.0, 0.0, 0.0, 0.0, 0.0, 0.0, 0.0, 0.0, 0.0, 0.0, 0.0, 0.0, 0.0, 0.0, 0.0, 0.0, 0.0, 0.0, 0.0, 0.0, 0.0, 0.0, 0.0, 0.0, 0.0, 0.0, 0.0, 0.0, 0.0, 0.0, 0.0, 0.0, 0.0, 0.0, 0.0, 0.0, 0.0, 0.0, 0.0, 0.0, 0.0, 0.0, 0.0, 0.0, 0.0, 0.0, 0.0, 0.0, 0.0, 0.0, 0.0, 0.0, 0.0, 0.0, 0.0, 0.0, 0.0, 0.0, 0.0, 0.0, 0.0, 0.0, 0.0, 0.0, 0.0, 0.0, 0.0, 0.0, 0.0, 0.0, 0.0, 0.0, 0.0, 0.0, 0.0, 0.0, 0.0, 0.0, 0.0, 0.0, 0.0, 0.0, 0.0, 0.0, 0.0, 0.0, 0.0, 0.0, 0.0, 0.0, 0.0, 0.0, 0.0, 0.0, 0.0, 0.0, 0.0, 0.0, 0.0, 0.0, 0.0, 0.0]",340,"['a', 'b', 'c']","하늘에서 뚝 떨어진 사내, 강지훈! 안 씨 가문의 아가씨, 안지연의 데릴사위가 되다?! 낯선 땅에 떨어지자마자 혼례를 올리게 된 지훈은 천화종의 장로에게 목숨을 위협받게 된다. 기지를 발휘해 아수라장을 빠져나갔지만 사방에 위험이 도사리고 있는 그에게 믿을 건 수련 뿐!",src/img/독보소요.png,,,"[Timestamp('2024-04-11 00:00:00'), Timestamp('2021-03-09 00:00:00')]"
흑막 약혼자가 내 꽃길을 방해한다,,"판타지,로맨스",월,42,"[3.7, 15]","[5.0, 5.0, 5.0, 5.0, 5.0, 5.0, 5.0, 5.0, 5.0, 5.0, 4.0, 4.0, 3.7, 3.5, 3.0, 2.6, 0.0, 0.0, 0.0, 0.0, 0.0, 0.0, 0.0, 0.0, 0.0, 0.0, 0.0]",27,"['a', 'b', 'c']","신탁을 잘못 해석해 탄생한 가짜 성녀. 제국을 속인 사기꾼. 가문에서도 버림받고, 진짜 성녀를 시기해 온갖 악행을 저지르다 죽는 악녀. 그게 원작에서의 내 역할이었다. 책 속에 환생했다는 것을 알게 된 후, 나는 결심했다 이 나라에서는 도저히 더럽고 치사해서 못 살겠다. 답은 망명뿐이야! 망명을 위해서는 범죄 혐의가 있어서는 안 되었기에, 나는 꽃길을 목표로 그저 착하게 살았다. 아무도 죽이지 않고, 아무도 시기하지 않고. 그런데, 뭔가 이상하다. 원작에서 나를 조롱해서, 내 손에 죽던 엑스트라들의 사고 소식이 매일같이 들려 온다. 이번엔 내가 안 그랬는데...?",src/img/흑막약혼자가내꽃길을방해한다.png,,,"[Timestamp('2024-04-10 00:00:00'), Timestamp('2024-02-16 00:00:00')]"
공녀고 나발이고 집에 간다고,,드라마,월,26,"[4.2, 15]","[5.0, 5.0, 5.0, 5.0, 5.0, 5.0, 5.0, 5.0, 5.0, 5.0, 5.0, 5.0, 4.5, 4.0, 0.0, 0.0, 0.0, 0.0, 0.0, 0.0]",20,"['a', 'b', 'c']","로또에 당첨된 걸 확인하고 회사를 때려치우려고 했는데! 판타지 세상 속 공녀의 몸으로 들어와 버렸다. 당첨금 수령 기간은 1년. 무슨 수를 써서라도 그 전까진 집에 돌아가야 한다. 17억아, 엄마 금방 갈게. 기다려!! 아니, 그런데 이 가족들이 왜 이래? “널 사랑한단다.” 저 아저씨 딸 아닌데요. “내 동생, 우리 막내. 다칠 수 있으니까 내가 들어 줄게.” 그게 나를 들어 올린다는 뜻이었어? 뭐야, 이 거대 불곰은. “한 번만 더 내 동생에게 까불었다간, 쥐도 새도 모르게 없애 주지.” 넌 얼굴도 예쁜 애가 무슨 말을 그렇게 험악하게 하니. “너는 좀 아프지 마라.” 나한테 신경 꺼. 뭔 오빠들이 이렇게 많아. 저 공녀 아니라고요! 나 좀 내버려 둬. 집에 가게!",src/img/공녀고나발이고집에간다고.png,,,"[Timestamp('2024-04-10 00:00:00'), Timestamp('2024-04-10 00:00:00')]"
웨어울프 : 향기에 이끌린 늑대들,,"판타지,로맨스,드라마",월,7,"[2.8, 4]","[5.0, 5.0, 5.0, 5.0, 4.0, 4.0, 4.0, 3.0, 3.0, 3.0, 3.0, 3.0, 0.0, 0.0, 0.0, 0.0, 0.0, 0.0, 0.0, 0.0, 0.0, 0.0, 0.0, 0.0, 0.0, 0.0, 0.0, 0.0, 0.0, 0.0, 0.0, 0.0, 0.0, 0.0, 0.0, 0.0, 0.0, 0.0, 0.0, 0.0, 0.0]",41,"['a', 'b', 'c']","남편과 사별한 후 홀로 어린 딸을 돌보는 싱글맘 올리비아. 그녀는 희귀병을 앓는 딸을 살리기 위해 제약회사 테라큐어로 향하고, 그곳의 CEO인 데미안 브라운이 지난밤 자신과 함께한 남자임을 알게 된다. ""평생 일해서라도 비용은 다 지불할게요."" ""평생 일해도 어려울 것 같은데?"" ""그럼 뭐든 줄게요. 영혼이든 몸이든 줄 수 있는 건 전부!"" 비밀을 가진 남자와 위험한 만남을 이어가는 올리비아. 그런 올리비아에게 늑대인간 데미안은 속절없이 끌리게 되는데….",src/img/웨어울프향기에이끌린늑대들.png,,,"[Timestamp('2024-04-09 00:00:00'), Timestamp('2023-10-18 00:00:00')]"
황제와 함께 타락하겠습니다,,"판타지,로맨스",월,121,"[3.7, 63]","[5.0, 5.0, 5.0, 5.0, 5.0, 5.0, 5.0, 5.0, 5.0, 5.0, 5.0, 5.0, 5.0, 5.0, 5.0, 5.0, 5.0, 5.0, 5.0, 5.0, 5.0, 5.0, 5.0, 5.0, 5.0, 5.0, 5.0, 5.0, 5.0, 5.0, 5.0, 5.0, 5.0, 5.0, 5.0, 5.0, 5.0, 5.0, 5.0, 5.0, 5.0, 5.0, 5.0, 5.0, 5.0, 5.0, 5.0, 5.0, 5.0, 5.0, 5.0, 5.0, 5.0, 5.0, 5.0, 5.0, 5.0, 5.0, 5.0, 5.0, 4.8, 4.6, 4.5, 4.5, 4.5, 4.5, 4.5, 4.4, 4.3, 4.3, 4.3, 4.0, 4.0, 4.0, 4.0, 3.7, 3.7, 3.7, 3.4, 3.0, 3.0, 3.0, 2.7, 1.0, 0.0, 0.0, 0.0, 0.0, 0.0, 0.0, 0.0, 0.0, 0.0, 0.0, 0.0]",95,"['a', 'b', 'c']","""너도 타락하는 거다. 그럼 모든 것을 이루어 주지."" 만약 그때 그의 손을 맞잡고 얌전히 정부가 되었다면, 나도 조금은 연명할 수 있었을까. 적어도 눈이 도려내지는 아픔은 몰랐겠지. ""거절하겠어. 난 조국을 배신하지 않아."" 10년이라는 시간을 회귀해 당신의 옆에 섰을 때 비로소 깨달았다. 추락할 대로 추락한 우리는 아주 많이 닮아 있었고, 그게 당신이 내게 손을 내민 이유였다는 걸.",src/img/황제와함께타락하겠습니다.png,,,"[Timestamp('2024-04-09 00:00:00'), Timestamp('2022-10-11 00:00:00')]"
나는 될 놈이다,,"판타지,액션,드라마,한국",월,210,"[2.9, 78]","[5.0, 5.0, 5.0, 5.0, 5.0, 5.0, 5.0, 5.0, 5.0, 5.0, 5.0, 5.0, 5.0, 5.0, 5.0, 5.0, 5.0, 5.0, 5.0, 5.0, 5.0, 5.0, 5.0, 5.0, 5.0, 5.0, 5.0, 5.0, 5.0, 5.0, 5.0, 5.0, 5.0, 5.0, 5.0, 5.0, 5.0, 5.0, 5.0, 5.0, 5.0, 5.0, 5.0, 5.0, 5.0, 5.0, 5.0, 5.0, 5.0, 5.0, 5.0, 5.0, 5.0, 5.0, 5.0, 5.0, 5.0, 5.0, 5.0, 5.0, 5.0, 5.0, 5.0, 5.0, 5.0, 5.0, 5.0, 5.0, 5.0, 5.0, 5.0, 5.0, 5.0, 5.0, 5.0, 5.0, 5.0, 5.0, 5.0, 5.0, 5.0, 5.0, 5.0, 5.0, 5.0, 5.0, 5.0, 5.0, 5.0, 5.0, 5.0, 5.0, 5.0, 5.0, 5.0, 5.0, 5.0, 5.0, 5.0, 5.0, 5.0, 5.0, 5.0, 5.0, 5.0, 5.0, 5.0, 5.0, 5.0, 5.0, 5.0, 5.0, 5.0, 5.0, 5.0, 5.0, 5.0, 5.0, 5.0, 5.0, 5.0, 5.0, 5.0, 5.0, 5.0, 5.0, 5.0, 5.0, 5.0, 5.0, 5.0, 5.0, 5.0, 5.0, 5.0, 5.0, 5.0, 5.0, 5.0, 5.0, 4.9, 4.9, 4.9, 4.9, 4.9, 4.9, 4.9, 4.9, 4.9, 4.9, 4.8, 4.8, 4.8, 4.8, 4.8, 4.8, 4.8, 4.8, 4.8, 4.7, 4.7, 4.7, 4.7, 4.7, 4.7, 4.6, 4.6, 4.5, 4.5, 4.5, 4.5, 4.5, 4.5, 4.5, 4.5, 4.5, 4.4, 4.4, 4.4, 4.4, 4.3, 4.3, 4.3, 4.2, 4.0, 4.0, 4.0, 4.0, 4.0, 4.0, 3.7, 3.4, 3.0, 3.0, 3.0, 3.0, 3.0, 3.0, 3.0, 3.0, 3.0, 0.0, 0.0, 0.0, 0.0, 0.0, 0.0, 0.0, 0.0]",209,"['a', 'b', 'c']","처음부터 평범하게 강한 직업은 키워봤자 재미가 없잖아? 약한 직업을 키워야 하는 재미가 있지! 타고난, 축복 받은 재능! 그러나 변태 같은 취향! 스스로 어려운 길을 고르려고 했지만 세상은 그를 가만히 두지 않았다! “뭔 전설 직업이야? 싫어, 인마! 취소! 취소!” 뭘 해도 될놈은 된다. 될놈 김태현의 게임 정복기!",src/img/나는될놈이다.png,,,"[Timestamp('2024-04-09 00:00:00'), Timestamp('2019-08-12 00:00:00')]"
토마토가 돼라!,,"로맨스,드라마",월,10,"[5.0, 3]","[5.0, 5.0, 5.0, 2.7, 0.0, 0.0, 0.0, 0.0, 0.0, 0.0, 0.0, 0.0, 0.0, 0.0, 0.0, 0.0, 0.0, 0.0, 0.0, 0.0, 0.0, 0.0, 0.0, 0.0, 0.0, 0.0, 0.0, 0.0, 0.0, 0.0, 0.0, 0.0, 0.0, 0.0, 0.0, 0.0, 0.0, 0.0, 0.0, 0.0, 0.0, 0.0, 0.0, 0.0, 0.0, 0.0, 0.0, 0.0, 0.0, 0.0, 0.0, 0.0, 0.0, 0.0, 0.0, 0.0, 0.0, 0.0, 0.0, 0.0, 0.0, 0.0]",62,"['a', 'b', 'c']",껄렁한 겉모습으로 인해 음험한 소문을 몰고 다니는 시골 토박이 전학생 신이석은 첫눈에 반한 전교 1등 수재 조해주의 앙큼한 비밀을 목격하게 되고... 그에 대한 의문은 점차 눈덩이처럼 불어나기만 한다. 겉만 번지르르 붉고 속은 흰 사과 같은 조해주에게 진성 토마토 신이석의 짝사랑 폭격이 시작된다!,src/img/토마토가돼라.png,,,"[Timestamp('2024-04-09 00:00:00'), Timestamp('2024-04-09 00:00:00')]"
마왕의 아이로 살아남는 법,,"판타지,로맨스",월,102,"[3.3, 46]","[5.0, 5.0, 5.0, 5.0, 5.0, 5.0, 5.0, 5.0, 5.0, 5.0, 5.0, 5.0, 5.0, 5.0, 5.0, 5.0, 5.0, 5.0, 5.0, 5.0, 5.0, 5.0, 5.0, 5.0, 5.0, 5.0, 5.0, 5.0, 5.0, 5.0, 5.0, 5.0, 5.0, 5.0, 4.3, 4.2, 3.7, 2.7, 1.0, 1.0, 0.0, 0.0, 0.0, 0.0, 0.0, 0.0, 0.0, 0.0, 0.0, 0.0]",50,"['a', 'b', 'c']","세상이 멸망했다. 또다시. 천 번에 가까운 회귀를 거듭하며 세계 멸망을 막아 보고자 아무리 용을 써도, 나는 결코 결말을 바꿀 수 없었다. 이제는 지친다. 회귀도 지긋지긋하다. 이번에는 몇 살로 회귀할까. 회귀 따위, 다시는 하고 싶지 않은데. “으다앙.” 잠깐! 뭐야, 이 목소리는! 뭐야, 이 단풍잎처럼 작은 손은! “누가 이런 갓난아기를 갖다 버린 거야?” 이번 생은 갓난아기로 회귀해 버렸다! 그것도 세계를 수천 번 멸망시키고 있는 장본인인, 루카스의 저택 앞에서! 갓난아기라니! 팔도, 목도 제대로 못 가누는 갓난아기라니! 아니지, 잠시 진정하고 생각해 보자. 이번 생이야말로 루카스 곁을 밀착 감시하면서 세계 멸망을 막을 수 있는 엄청난 기회일지도 모른다. 날 경계하고 긴장해라, 루카스. 이번엔 네놈이 이 세계를 멸망시키지 못하도록 할 테니까! 나는 소리를 높여 악랄하게 깔깔 웃었다. 아하하하하. 아하하하하! “까르르르.” “어머나. 우리 아기님은 웃음소리도 귀여우시네.”",src/img/마왕의아이로살아남는법.png,,,"[Timestamp('2024-04-09 00:00:00'), Timestamp('2023-01-08 00:00:00')]"
마황귀환록,,"판타지,액션,중국",월,70,"[3.1, 78]","[5.0, 5.0, 5.0, 5.0, 5.0, 5.0, 5.0, 5.0, 5.0, 5.0, 5.0, 5.0, 5.0, 5.0, 5.0, 5.0, 5.0, 5.0, 5.0, 5.0, 5.0, 5.0, 5.0, 5.0, 5.0, 5.0, 5.0, 5.0, 5.0, 5.0, 5.0, 5.0, 5.0, 5.0, 5.0, 5.0, 5.0, 5.0, 5.0, 5.0, 5.0, 5.0, 5.0, 5.0, 5.0, 5.0, 5.0, 5.0, 5.0, 5.0, 5.0, 5.0, 5.0, 5.0, 5.0, 5.0, 5.0, 5.0, 5.0, 5.0, 5.0, 5.0, 5.0, 5.0, 5.0, 5.0, 5.0, 5.0, 5.0, 5.0, 5.0, 5.0, 5.0, 5.0, 5.0, 5.0, 5.0, 5.0, 5.0, 5.0, 5.0, 5.0, 5.0, 5.0, 5.0, 5.0, 5.0, 5.0, 5.0, 5.0, 5.0, 5.0, 5.0, 5.0, 5.0, 4.8, 4.8, 4.6, 4.5, 4.5, 4.5, 4.5, 4.4, 4.4, 4.4, 4.3, 4.3, 4.3, 4.3, 4.3, 4.2, 4.2, 4.1, 4.0, 4.0, 4.0, 4.0, 4.0, 4.0, 4.0, 4.0, 4.0, 4.0, 4.0, 4.0, 4.0, 3.9, 3.8, 3.8, 3.7, 3.7, 3.7, 3.7, 3.7, 3.7, 3.7, 3.7, 3.6, 3.5, 3.5, 3.5, 3.5, 3.3, 3.3, 3.2, 3.0, 3.0, 3.0, 3.0, 3.0, 3.0, 3.0, 3.0, 3.0, 3.0, 3.0, 3.0, 3.0, 3.0, 3.0, 3.0, 2.9, 2.5, 2.5, 2.5, 2.3, 2.3, 2.3, 2.3, 2.3, 2.3, 2.0, 2.0, 2.0, 2.0, 2.0, 1.0, 1.0, 1.0, 1.0, 1.0, 1.0, 1.0, 1.0, 1.0, 1.0, 1.0, 1.0, 1.0, 1.0, 1.0, 1.0, 1.0, 1.0, 1.0, 1.0, 1.0, 1.0, 1.0, 1.0, 1.0, 1.0, 1.0, 0.0, 0.0, 0.0, 0.0, 0.0, 0.0, 0.0, 0.0, 0.0, 0.0, 0.0, 0.0, 0.0, 0.0, 0.0, 0.0, 0.0, 0.0, 0.0, 0.0, 0.0, 0.0, 0.0, 0.0, 0.0, 0.0, 0.0, 0.0, 0.0, 0.0, 0.0, 0.0, 0.0, 0.0, 0.0, 0.0, 0.0, 0.0, 0.0, 0.0, 0.0, 0.0, 0.0, 0.0, 0.0, 0.0, 0.0, 0.0, 0.0, 0.0, 0.0, 0.0, 0.0]",256,"['a', 'b', 'c']","""한 때, 구유 대제라 불리었던 적소 대왕, 고천랑 선계와 마계 그리고 저승까지 평정했던 그였지만 천계의 벌을 받아 죽을 위기에 놓이게 된다 하지만, 자신의 법보였던 적멸고옥 덕분에 살아남게 되었고 적염령에서 깨어났을 때, 그가 천계의 벌을 받음으로부터 몇 백년의 세월이 지난 뒤였다 본래의 힘을 잃고 인간이 된 그였지만 자신을 벌한 천계에 복수하기 위해 여정을 떠난다 """,src/img/마황귀환록.png,,,"[Timestamp('2024-04-09 00:00:00'), Timestamp('2021-03-08 00:00:00')]"
100만 년 만에 귀환하다,,"판타지,액션,개그,중국",월,28,"[2.5, 35]","[5.0, 5.0, 5.0, 5.0, 5.0, 5.0, 5.0, 5.0, 5.0, 5.0, 5.0, 5.0, 5.0, 5.0, 5.0, 5.0, 5.0, 5.0, 5.0, 5.0, 5.0, 5.0, 5.0, 5.0, 5.0, 5.0, 5.0, 5.0, 5.0, 5.0, 5.0, 5.0, 5.0, 5.0, 5.0, 5.0, 5.0, 5.0, 5.0, 5.0, 5.0, 5.0, 5.0, 5.0, 5.0, 5.0, 5.0, 5.0, 5.0, 5.0, 5.0, 5.0, 5.0, 5.0, 5.0, 5.0, 5.0, 5.0, 5.0, 5.0, 5.0, 5.0, 5.0, 5.0, 5.0, 5.0, 5.0, 5.0, 5.0, 5.0, 5.0, 5.0, 5.0, 5.0, 5.0, 5.0, 5.0, 5.0, 5.0, 5.0, 5.0, 5.0, 5.0, 5.0, 5.0, 5.0, 5.0, 5.0, 5.0, 5.0, 5.0, 5.0, 5.0, 5.0, 5.0, 5.0, 5.0, 5.0, 5.0, 5.0, 5.0, 5.0, 5.0, 5.0, 5.0, 5.0, 5.0, 5.0, 5.0, 5.0, 5.0, 5.0, 5.0, 5.0, 5.0, 5.0, 5.0, 5.0, 5.0, 5.0, 5.0, 5.0, 5.0, 5.0, 5.0, 5.0, 5.0, 5.0, 5.0, 5.0, 5.0, 5.0, 5.0, 5.0, 5.0, 5.0, 5.0, 5.0, 5.0, 5.0, 5.0, 5.0, 5.0, 5.0, 5.0, 5.0, 5.0, 5.0, 5.0, 5.0, 5.0, 5.0, 5.0, 5.0, 5.0, 5.0, 5.0, 5.0, 5.0, 5.0, 5.0, 5.0, 5.0, 5.0, 5.0, 5.0, 5.0, 5.0, 5.0, 5.0, 5.0, 5.0, 5.0, 5.0, 5.0, 5.0, 5.0, 5.0, 5.0, 5.0, 5.0, 5.0, 5.0, 5.0, 5.0, 5.0, 4.5, 4.3, 4.3, 4.3, 4.2, 4.0, 4.0, 4.0, 4.0, 4.0, 4.0, 3.8, 3.7, 3.7, 3.7, 3.5, 3.5, 3.5, 3.0, 3.0, 3.0, 3.0, 3.0, 2.7, 1.0, 1.0, 0.0, 0.0, 0.0, 0.0]",216,"['a', 'b', 'c']","멀고도 아득한 세월, 백만 년 대륙이 갈라지고 끝없는 전쟁이 일어나는 동안 마강진은 속박의 땅에 갇혀있었다 해방되어 세상에 나온 그는 제자들이 그의 몸을 되찾기 위해 목숨을 내걸었다는 것을 알 수 있었고, 이에 복수를 다짐한다 우선 근처 문파에 의탁해 수련하며 실력을 기르기로 하는데, 마침 근처에 자신의 제자가 세운 문파, 영계종이 있다는 사실을 알게된다 제자가 없는 세월 동안 몰락 직전까지 간 영계종 마강진은 먼저 영계종으로 들어가 그곳을 부흥시키기로 한다 그러면서 그는 갇혀 있던 세월 동안의 실마리를 차근차근 풀어나가기 시작하는데",src/img/100만년만에귀환하다.png,,,"[Timestamp('2024-04-09 00:00:00'), Timestamp('2022-07-04 00:00:00')]"
사상 최강 남주,,"판타지,액션,중국",월,25,"[2.1, 28]","[5.0, 5.0, 5.0, 5.0, 5.0, 5.0, 5.0, 5.0, 5.0, 5.0, 5.0, 5.0, 5.0, 5.0, 5.0, 5.0, 5.0, 5.0, 5.0, 5.0, 5.0, 5.0, 5.0, 5.0, 5.0, 5.0, 5.0, 5.0, 5.0, 5.0, 5.0, 5.0, 5.0, 5.0, 5.0, 5.0, 5.0, 5.0, 5.0, 5.0, 5.0, 5.0, 5.0, 5.0, 5.0, 5.0, 5.0, 5.0, 5.0, 5.0, 5.0, 5.0, 5.0, 5.0, 5.0, 5.0, 5.0, 5.0, 5.0, 5.0, 5.0, 5.0, 5.0, 5.0, 5.0, 5.0, 5.0, 5.0, 5.0, 5.0, 5.0, 5.0, 5.0, 5.0, 5.0, 5.0, 5.0, 5.0, 5.0, 5.0, 5.0, 5.0, 5.0, 5.0, 5.0, 5.0, 5.0, 5.0, 5.0, 5.0, 5.0, 5.0, 5.0, 5.0, 5.0, 5.0, 5.0, 5.0, 5.0, 5.0, 5.0, 5.0, 5.0, 5.0, 5.0, 5.0, 5.0, 5.0, 5.0, 5.0, 5.0, 5.0, 5.0, 5.0, 5.0, 5.0, 5.0, 5.0, 5.0, 5.0, 5.0, 5.0, 5.0, 5.0, 5.0, 5.0, 4.5, 4.5, 4.0, 4.0, 4.0, 3.3, 3.0, 3.0, 3.0, 3.0, 3.0, 3.0, 3.0, 3.0, 3.0, 3.0, 3.0, 2.5, 1.0, 1.0, 1.0, 0.0, 0.0, 0.0, 0.0, 0.0, 0.0, 0.0, 0.0, 0.0, 0.0, 0.0, 0.0, 0.0, 0.0, 0.0, 0.0, 0.0, 0.0, 0.0, 0.0, 0.0, 0.0, 0.0, 0.0, 0.0, 0.0, 0.0, 0.0, 0.0, 0.0, 0.0, 0.0, 0.0, 0.0, 0.0, 0.0, 0.0, 0.0, 0.0, 0.0, 0.0, 0.0, 0.0, 0.0, 0.0, 0.0, 0.0, 0.0, 0.0, 0.0, 0.0, 0.0, 0.0, 0.0, 0.0, 0.0, 0.0, 0.0, 0.0, 0.0, 0.0, 0.0, 0.0, 0.0, 0.0, 0.0, 0.0, 0.0, 0.0, 0.0, 0.0, 0.0, 0.0, 0.0, 0.0, 0.0, 0.0, 0.0, 0.0, 0.0, 0.0, 0.0, 0.0, 0.0]",231,"['a', 'b', 'c']","이세계 무협 세계관에 빙의한 주인공, 조강유. 그는 빙의하자마자 99번의 납치, 32번의 죽을 고비를 넘긴다. 갖은 위기 속에서 겨우 목숨을 부지한 그는 우연히 '소요문(逍謠門)'에 들어가게 되고… ""그런데, 알고보니 내가 이세계 최강자!?"" 라는 설정처럼 엄청난 자질을 갖고 있다는 걸 깨닫게 되는데…!",src/img/사상최강남주.png,,,"[Timestamp('2024-04-09 00:00:00'), Timestamp('2022-03-12 00:00:00')]"
환생불사,,"액션,개그,무협,중국",월,20,"[1.5, 15]","[5.0, 5.0, 5.0, 5.0, 5.0, 5.0, 5.0, 5.0, 5.0, 5.0, 5.0, 5.0, 5.0, 5.0, 5.0, 5.0, 5.0, 5.0, 5.0, 5.0, 5.0, 5.0, 5.0, 5.0, 5.0, 5.0, 5.0, 5.0, 3.5, 3.0, 3.0, 2.0, 2.0, 2.0, 2.0, 2.0, 1.7, 1.0, 1.0, 1.0, 0.0, 0.0, 0.0, 0.0, 0.0, 0.0, 0.0, 0.0, 0.0, 0.0, 0.0, 0.0, 0.0, 0.0, 0.0, 0.0, 0.0, 0.0, 0.0, 0.0, 0.0, 0.0, 0.0, 0.0, 0.0, 0.0, 0.0, 0.0, 0.0, 0.0, 0.0, 0.0, 0.0, 0.0, 0.0, 0.0, 0.0, 0.0, 0.0, 0.0, 0.0, 0.0, 0.0, 0.0, 0.0, 0.0, 0.0, 0.0, 0.0, 0.0, 0.0, 0.0, 0.0, 0.0, 0.0, 0.0, 0.0, 0.0, 0.0, 0.0, 0.0, 0.0, 0.0, 0.0, 0.0, 0.0, 0.0, 0.0, 0.0, 0.0, 0.0, 0.0, 0.0, 0.0, 0.0, 0.0, 0.0, 0.0, 0.0, 0.0, 0.0, 0.0, 0.0, 0.0, 0.0, 0.0, 0.0, 0.0, 0.0, 0.0, 0.0, 0.0, 0.0, 0.0, 0.0, 0.0, 0.0, 0.0, 0.0, 0.0, 0.0, 0.0, 0.0, 0.0, 0.0, 0.0, 0.0, 0.0, 0.0, 0.0, 0.0, 0.0]",152,"['a', 'b', 'c']","과로사로 죽어버린 줄만 알았는데 눈을 떠보니 웬 무협 세계가!? 이대로 새 인생을 사는가 싶었더니 자칭 '잉여승천 시스템'이 나타나 열심히 살지 말고 잉여롭게 살다 죽어야만 다음 생에 최강이 될 수 있단다. 단, 고의적인 사망은 제외. 안 돼! 최강이 되어 삼천 후궁들을 맞이하려 했더니만! 잠깐, 그렇다는 건... 피치 못하게 죽으면 돼! 좋아. 그럼 어디 한번 열심히 죽어보자!",src/img/환생불사.png,,,"[Timestamp('2024-04-09 00:00:00'), Timestamp('2023-01-17 00:00:00')]"
묵향 다크레이디,,"판타지,무협,한국",월,621,"[3.5, 181]","[5.0, 5.0, 5.0, 5.0, 5.0, 5.0, 5.0, 5.0, 5.0, 5.0, 5.0, 5.0, 5.0, 5.0, 5.0, 5.0, 5.0, 5.0, 5.0, 5.0, 5.0, 5.0, 5.0, 5.0, 5.0, 5.0, 5.0, 5.0, 5.0, 5.0, 5.0, 5.0, 5.0, 5.0, 5.0, 5.0, 5.0, 5.0, 5.0, 5.0, 5.0, 5.0, 5.0, 5.0, 5.0, 5.0, 5.0, 5.0, 5.0, 5.0, 5.0, 5.0, 5.0, 5.0, 5.0, 5.0, 5.0, 5.0, 5.0, 5.0, 5.0, 5.0, 5.0, 5.0, 5.0, 5.0, 5.0, 5.0, 5.0, 5.0, 5.0, 5.0, 5.0, 5.0, 5.0, 5.0, 4.9, 4.9, 4.9, 4.9, 4.9, 4.9, 4.9, 4.9, 4.9, 4.9, 4.9, 4.9, 4.9, 4.9, 4.9, 4.9, 4.9, 4.9, 4.9, 4.9, 4.9, 4.9, 4.9, 4.9, 4.9, 4.9, 4.9, 4.9, 4.9, 4.9, 4.9, 4.9, 4.9, 4.9, 4.9, 4.9, 4.9, 4.9, 4.9, 4.8, 4.8, 4.8, 4.8, 4.8, 4.8, 4.8, 4.8, 4.8, 4.8, 4.8, 4.8, 4.8, 4.8, 4.8, 4.8, 4.8, 4.8, 4.8, 4.8, 4.8, 4.8, 4.8, 4.8, 4.7, 4.7, 4.7, 4.7, 4.7, 4.7, 4.7, 4.7, 4.7, 4.7, 4.7, 4.7, 4.7, 4.7, 4.7, 4.7, 4.7, 4.7, 4.7, 4.7, 4.7, 4.7, 4.7, 4.7, 4.7, 4.7, 4.6, 4.6, 4.6, 4.6, 4.6, 4.6, 4.6, 4.6, 4.6, 4.6, 4.6, 4.5, 4.5, 4.5, 4.5, 4.5, 4.5, 4.5, 4.5, 4.5, 4.5, 4.5, 4.5, 4.4, 4.4, 4.4, 4.4, 4.3, 4.3, 4.3, 4.3, 4.3, 4.2, 4.2, 4.2, 4.2, 4.1, 4.1, 4.1, 4.1, 4.0, 4.0, 4.0, 4.0, 3.9, 3.9, 3.7, 3.7, 3.6, 3.5]",215,"['a', 'b', 'c']",무협소설과 판타지문학을 접목시킨 기념비적인 장르소설인 [묵향]이 드디어 웹툰화!!  탈마의 경지에 오른 '묵향'을 죽일 수 없었던 장인걸과 혈교의 합작 부대는 결국 술법을 부려 그를 판타지 세계로 보내 버리고 만다. 그렇게 옷도 검도 잃고 맨몸으로 낯선 곳에 떨어지게 된 묵향의 이야기가 웹툰 [묵향 다크레이디]의 시작이다.,src/img/묵향다크레이디.png,,,"[Timestamp('2024-04-09 00:00:00'), Timestamp('2019-07-08 00:00:00')]"
좀비묵시록 82-08,,액션,월,58,"[3.4, 34]","[5.0, 5.0, 5.0, 5.0, 5.0, 5.0, 5.0, 5.0, 5.0, 5.0, 5.0, 5.0, 5.0, 5.0, 5.0, 5.0, 5.0, 5.0, 5.0, 5.0, 5.0, 5.0, 5.0, 5.0, 5.0, 5.0, 5.0, 4.3, 4.0, 4.0, 3.8, 3.8, 3.7, 3.7, 3.0, 3.0, 3.0, 2.0, 1.0, 0.0, 0.0, 0.0, 0.0, 0.0, 0.0]",45,"['a', 'b', 'c']",탕-! 의문의 선박 속 '그것'으로부터 시작된 괴이한 전염병은 서울을 죽음의 도시로 만들어버린다.,src/img/좀비묵시록8208.png,,,"[Timestamp('2024-04-07 00:00:00'), Timestamp('2023-09-03 00:00:00')]"
"계모인데, 죽음을 피하는 게 너무 쉽다",,"판타지,로맨스",월,42,"[2.9, 26]","[5.0, 5.0, 5.0, 5.0, 5.0, 5.0, 5.0, 5.0, 5.0, 5.0, 5.0, 5.0, 5.0, 4.8, 4.0, 3.8, 3.0, 3.0, 1.5, 1.0, 1.0, 0.0, 0.0, 0.0, 0.0, 0.0, 0.0, 0.0]",28,"['a', 'b', 'c']","빵을 굽던 오븐이 폭발하며 자신을 찾아온 가정폭력범 아버지와 함께 죽음을 맞이한 나는 읽고 있던 소설 속에서 눈을 떴다. ""죄... 죄송합니다. 어...머니. 아, 프지 않아요."" 어린 시절 남주 '히르아'를 학대하지만 결국 훗날 황제가 되어 돌아온 히르아의 손에 사형당하고 마는 악역 계모 '르엘라'의 몸에! 히르아가 계모의 품을 떠나 행복하게 지낼 수 있도록 원작에서 그의 대부가 되어줬던 '라시아스 위페르' 공작을 만나 계약결혼은 제안하는데... “계약 결혼 말고 진짜 결혼은 안 됩니까?” “어, 어머니랑 같이 자도 돼요?” 1년 후 둘만 남기고 떠나겠다는 계획과는 다르게 어쩐지 공작과 히르아가 나에게 집착하기 시작하는데...!",src/img/계모인데죽음을피하는게너무쉽다.png,,,"[Timestamp('2024-04-08 00:00:00'), Timestamp('2024-01-23 00:00:00')]"
겨울성의 아기 죄수님,,"판타지,로맨스",월,113,"[4.4, 37]","[5.0, 5.0, 5.0, 5.0, 5.0, 5.0, 5.0, 5.0, 5.0, 5.0, 5.0, 5.0, 5.0, 5.0, 5.0, 5.0, 5.0, 5.0, 5.0, 5.0, 5.0, 5.0, 5.0, 5.0, 5.0, 4.9, 4.7, 4.5, 4.3]",29,"['a', 'b', 'c']","나라는 패망하고, 왕족들이 모두 처형되던 날 밤. 당연히 자신도 죽을 것이라 생각했던 클라리스는 뜻밖의 말을 듣게 된다. ""열여덟이 되지 않은 자를 사형에 처할 수는 없다. 대신 네가 열여덟이 되는 날, 나는 너를 죽일 것이다."" 그렇게 클라리스에게 주어진 십 년이라는 시간. 클라리스는 '죄수'의 신분으로서 북부로 향한다. 그리고 딱 한 가지를 대공에게 부탁하는데……. ""저, 이 친구를 데려가도 괜찮을까요? 제 유일한 친구예요."" 클라리스가 내민 것은 다름아닌 돌멩이인데? 새로이 시작된 북부에서의 삶! 그런데 이 '죄수'로서의 생활이 자꾸만 좋아진다……?",src/img/겨울성의아기죄수님.png,,,"[Timestamp('2024-04-08 00:00:00'), Timestamp('2024-02-04 00:00:00')]"
불멸의 투귀,,"판타지,액션",월,43,"[3.5, 35]","[5.0, 5.0, 5.0, 5.0, 5.0, 5.0, 5.0, 5.0, 5.0, 5.0, 5.0, 5.0, 5.0, 5.0, 5.0, 5.0, 5.0, 5.0, 5.0, 5.0, 5.0, 5.0, 5.0, 5.0, 5.0, 5.0, 5.0, 5.0, 5.0, 5.0, 5.0, 5.0, 5.0, 5.0, 5.0, 5.0, 5.0, 5.0, 5.0, 5.0, 5.0, 5.0, 5.0, 5.0, 5.0, 5.0, 5.0, 5.0, 5.0, 5.0, 5.0, 5.0, 5.0, 5.0, 5.0, 5.0, 5.0, 5.0, 5.0, 5.0, 5.0, 5.0, 5.0, 5.0, 5.0, 5.0, 5.0, 5.0, 5.0, 5.0, 5.0, 5.0, 5.0, 4.9, 4.8, 4.8, 4.6, 4.6, 0.0, 0.0, 0.0, 0.0, 0.0, 0.0, 0.0, 0.0, 0.0, 0.0, 0.0, 0.0, 0.0, 0.0, 0.0, 0.0, 0.0, 0.0, 0.0, 0.0, 0.0, 0.0, 0.0, 0.0, 0.0, 0.0, 0.0]",105,"['a', 'b', 'c']","차가운 한랭지옥의 아귀가 이승으로 넘어와 사람들을 잡아먹는 시대. 하늘의 최고신 제석천과 그 아래의 사천왕이 지옥의 아귀로부터 세상을 지킨다. 한데 그 최고신 제석천이 주인공 “나수아”의 동생을 자신이 아꼈던 이의 환생자라며 데려가려는데 나수아가 옷깃을 잡으며 이를 막아서자 그것에 불쾌함을 느낀 제석천은 나수아의 팔을 잘라버린다. 나수아의 하늘에 대한 원한이 한랭지옥의 반대편인 뜨거운 초열지옥에 닿았고, 나수아는 초열아귀의 팔을 갖게 되는데... 사람도 아귀도 아니게 된 나수아. 동생을 되찾기 위해 지옥과 싸우는 하늘에게 맞서려 한다.",src/img/불멸의투귀.png,,,"[Timestamp('2024-04-08 00:00:00'), Timestamp('2022-04-14 00:00:00')]"
악녀는 두 번 산다,,"판타지,로맨스,한국",월,531,"[4.3, 142]","[5.0, 5.0, 5.0, 5.0, 5.0, 5.0, 5.0, 5.0, 5.0, 5.0, 5.0, 5.0, 5.0, 5.0, 5.0, 5.0, 5.0, 5.0, 5.0, 5.0, 5.0, 5.0, 5.0, 5.0, 5.0, 5.0, 5.0, 5.0, 5.0, 5.0, 5.0, 5.0, 5.0, 5.0, 5.0, 5.0, 5.0, 5.0, 5.0, 5.0, 5.0, 5.0, 5.0, 5.0, 5.0, 5.0, 5.0, 5.0, 5.0, 5.0, 5.0, 5.0, 5.0, 5.0, 5.0, 5.0, 5.0, 5.0, 5.0, 5.0, 5.0, 5.0, 5.0, 5.0, 5.0, 5.0, 5.0, 5.0, 5.0, 5.0, 5.0, 5.0, 5.0, 5.0, 5.0, 5.0, 5.0, 5.0, 5.0, 5.0, 5.0, 5.0, 5.0, 5.0, 5.0, 5.0, 5.0, 5.0, 5.0, 5.0, 5.0, 5.0, 5.0, 5.0, 5.0, 5.0, 5.0, 5.0, 5.0, 5.0, 5.0, 5.0, 5.0, 5.0, 5.0, 5.0, 5.0, 5.0, 5.0, 5.0, 5.0, 5.0, 5.0, 5.0, 5.0, 5.0, 5.0, 5.0, 5.0, 5.0, 5.0, 5.0, 5.0, 5.0, 5.0, 5.0, 5.0, 5.0, 5.0, 5.0, 5.0, 5.0, 5.0, 5.0, 5.0, 5.0, 5.0, 5.0, 5.0, 5.0, 5.0, 5.0, 5.0, 5.0, 5.0, 5.0, 5.0, 5.0, 5.0, 5.0, 5.0, 5.0, 5.0, 4.9, 4.9, 4.9, 4.9, 4.9, 4.8, 4.8, 4.8, 4.8, 4.8, 4.8, 4.8, 4.8, 4.8, 4.8, 4.8, 4.7, 4.7, 4.6, 4.6, 4.5, 4.5, 4.5, 4.5, 4.4, 4.4, 4.4, 4.4, 4.4, 4.3, 4.3, 4.0, 4.0, 4.0, 4.0, 3.8, 3.7, 3.6, 3.5, 3.4]",193,"['a', 'b', 'c']","모략의 천재, 황제를 만들다! ""오빠가 잘되어야 너도 잘되는 거야."" 온갖 악행을 저질러 오빠를 황제로 만들었다. 하지만 아르티제아의 헌신은 배신으로 돌아왔다. 죽음의 문턱에서 그녀에게 구원의 손을 내민 것은, 정의로운 숙적 세드릭 대공뿐이었다. “계책을 내라.” “…….” “이 상황을 뒤집을 수 있는 인물을 나는 그대 외에는 떠올리지 못하겠어. 로산 후작.” “…….” “나에게는 그대의 힘이 필요하다.” 이미 기울어진 세력 판도를 뒤집고 도탄에 빠진 제국을 구할 계책은 없다. 그러나 방법은 있다. 모든 것이 잘못되기 이전으로 시간을 돌리는 것. 피의 눈물과 함께 그녀는 자신의 몸을 바쳐 고대마법으로 시간을 돌린다. 이번에는, 실패하지 않으리라. 죽지 않고 18세로 회귀한 아르티제아는 세드릭 대공을 위한 악녀가 될 것을 결심한다. “저에게 청혼해 주십시오. 당신을 황제로 만들어 드리겠습니다.” 악마에게 무릎을 꿇은 대가로, 당신은 당신 대신 손을 더럽힐 악마를 얻을 것입니다.",src/img/악녀는두번산다.png,,,"[Timestamp('2024-04-08 00:00:00'), Timestamp('2020-06-03 00:00:00')]"
내가 왜 킬러?!,,"개그,드라마",월,4,"[2.5, 4]","[1.0, 0.0, 0.0, 0.0, 0.0, 0.0, 0.0, 0.0, 0.0, 0.0, 0.0, 0.0, 0.0, 0.0, 0.0, 0.0]",16,"['a', 'b', 'c']","뜻하지 않게 언더커버 요원이 된 '조', 본래 목표였던 사무직으로 옮겨가기 위해선 이번 임무를 완수해야 한다. 바로 범죄조직 산하의 극악무도한 킬러 집단 '들개들' 잠입수사! 무시무시한 킬러들에게서 정보를 빼내기 위해 같은 킬러로 위장하고 숨어들었지만 어째선지 조의 킬러로서의 명망이 점점 높아지는데.. 우당탕탕 코믹 잠입수사기!",src/img/내가왜킬러.png,,,"[Timestamp('2024-04-08 00:00:00'), Timestamp('2023-12-31 00:00:00')]"
수상한 다이어트 클럽,,드라마,월,2,"[5.0, 1]","[5.0, 0.0, 0.0, 0.0, 0.0, 0.0, 0.0]",7,"['a', 'b', 'c']","모태 통통 ‘고양순’은 부모님의 등쌀에 못이겨 박박사 다이어트 클럽에 입소한다. 어딘가 수상해 보이는 박박사지만, 그녀의 이력 만큼은 누구보다 확실하다. 성공률 100%를 자랑하는 이곳의 퇴소 조건은 단 하나, ‘목표 체중을 다 감량해야만 하는 것!' 과연 100kg가 넘는 양순 역시 다이어트에 성공, 웃으며 이곳을 나설 수 있을까?!",src/img/수상한다이어트클럽.png,,,"[Timestamp('2024-04-08 00:00:00'), Timestamp('2024-03-31 00:00:00')]"
신은 주사위 놀이를 하는가?,,"판타지,액션",월,80,"[3.6, 52]","[5.0, 5.0, 5.0, 5.0, 5.0, 5.0, 5.0, 5.0, 5.0, 5.0, 5.0, 5.0, 5.0, 5.0, 5.0, 5.0, 4.8, 4.5, 4.4, 4.3, 4.2, 4.1, 4.0, 4.0, 3.7, 3.3, 3.0, 1.5, 1.0, 1.0, 1.0, 0.0, 0.0, 0.0, 0.0, 0.0, 0.0]",37,"['a', 'b', 'c']","어느날 갑자기 신들의 게임에 소환된 도시 최율은 첫지급 보상으로 모든 게임의 공략을 보여주는 '독식의 제물 크라시나 서'를 습득한다. 그러나, 아이템의 능력은 공략을 공유한 모든 이들의 보상을 독식하는 것! 양날 검의 아이템을 얻은 최율은 이 게임에서 끝까지 살아남을 수 있을 것인가!",src/img/신은주사위놀이를하는가.png,,,"[Timestamp('2024-04-08 00:00:00'), Timestamp('2023-10-22 00:00:00')]"
프로페서,,드라마,월,3,"[4.0, 5]","[5.0, 5.0, 5.0, 4.0, 4.0, 0.0, 0.0, 0.0]",8,"['a', 'b', 'c']","천덕꾸러기, 낙제생, 3류대 출신 타이틀을 가지고 있는 대학원생 박민우. 그런 민우는 어느 날 보존 서고에서 의문의 상자를 발견하게 된다. 상자 속에 든 건 독일어가 적힌 의문의 종이와 안경, 그리고 만년필. 민우는 누군가 두고 간 분실물이라 생각하고, 분실물을 맡아 주기로 한다. 그리고 그날 밤, 민우의 꿈에 한 남자가 나타나는데…",src/img/프로페서.png,,,"[Timestamp('2024-04-08 00:00:00'), Timestamp('2024-03-25 00:00:00')]"
달이 뜨지 않는 도시,,미스터리,월,1,"[5.0, 2]","[5.0, 5.0, 0.0, 0.0, 0.0]",5,"['a', 'b', 'c']","불행한 삶을 사는 여고생 하정의 유일한 낙은 인플루언서 ‘달달룬’의 일상을 훔쳐보는 것이다. 하정은 그녀에게 집착 수준의 애정을 갖고 집안 월패드까지 해킹해서 아주 사적인 삶조차 샅샅이 훔쳐본다. 평소와 같이 달달룬의 방을 훔쳐보던 어느날. 하정은 달달룬의 죽음을 목격하게 되고, 다음날 죽은 그녀의 몸에 빙의된 자신을 발견하게 되는데…. 2023 지상최대공모전 1기 우수상 수상작.",src/img/달이뜨지않는도시.png,,,"[Timestamp('2024-04-08 00:00:00'), Timestamp('2024-04-07 00:00:00')]"
칼가는 소녀,,"드라마,한국",월,37,"[4.0, 22]","[5.0, 5.0, 5.0, 5.0, 5.0, 5.0, 5.0, 5.0, 5.0, 5.0, 5.0, 5.0, 5.0, 5.0, 5.0, 5.0, 5.0, 5.0, 5.0, 5.0, 5.0, 5.0, 5.0, 5.0, 5.0, 5.0, 5.0, 5.0, 5.0, 5.0, 5.0, 5.0, 5.0, 5.0, 5.0, 5.0, 5.0, 5.0, 5.0, 5.0, 4.5, 4.3, 4.0, 4.0, 3.0, 3.0, 3.0, 1.0, 1.0, 0.0, 0.0, 0.0, 0.0, 0.0, 0.0, 0.0, 0.0, 0.0, 0.0, 0.0, 0.0, 0.0, 0.0, 0.0, 0.0, 0.0, 0.0, 0.0, 0.0, 0.0, 0.0, 0.0, 0.0, 0.0, 0.0, 0.0, 0.0, 0.0, 0.0, 0.0, 0.0, 0.0, 0.0, 0.0, 0.0, 0.0, 0.0, 0.0, 0.0, 0.0, 0.0, 0.0, 0.0, 0.0, 0.0, 0.0, 0.0, 0.0, 0.0, 0.0, 0.0, 0.0, 0.0, 0.0, 0.0, 0.0, 0.0, 0.0, 0.0, 0.0, 0.0, 0.0, 0.0, 0.0, 0.0, 0.0, 0.0, 0.0, 0.0, 0.0, 0.0, 0.0, 0.0, 0.0, 0.0, 0.0, 0.0, 0.0, 0.0, 0.0, 0.0, 0.0, 0.0, 0.0, 0.0, 0.0, 0.0, 0.0, 0.0, 0.0, 0.0, 0.0, 0.0, 0.0, 0.0, 0.0, 0.0, 0.0, 0.0, 0.0, 0.0, 0.0, 0.0, 0.0, 0.0, 0.0, 0.0, 0.0, 0.0, 0.0, 0.0, 0.0, 0.0, 0.0, 0.0, 0.0, 0.0, 0.0, 0.0, 0.0, 0.0, 0.0, 0.0, 0.0, 0.0, 0.0, 0.0, 0.0, 0.0, 0.0, 0.0, 0.0, 0.0, 0.0, 0.0, 0.0, 0.0, 0.0, 0.0, 0.0, 0.0]",191,"['a', 'b', 'c']",치사율 100%의 인싸 희귀병 소녀 '사랑' 누구보다 차분하고 두려움 없는 같은 반 소녀 '은조' 두 소녀가 가슴 속 칼을 품고 세상을 향한 복수를 꿈꾼다,src/img/칼가는소녀.png,,,"[Timestamp('2024-04-08 00:00:00'), Timestamp('2019-07-21 00:00:00')]"
북부 공작님을 유혹하겠습니다,,"판타지,로맨스,드라마",월,233,"[3.7, 105]","[5.0, 5.0, 5.0, 5.0, 5.0, 5.0, 5.0, 5.0, 5.0, 5.0, 5.0, 5.0, 5.0, 5.0, 5.0, 5.0, 5.0, 5.0, 5.0, 5.0, 5.0, 5.0, 5.0, 5.0, 5.0, 5.0, 5.0, 5.0, 5.0, 5.0, 5.0, 5.0, 5.0, 5.0, 5.0, 5.0, 5.0, 5.0, 5.0, 5.0, 5.0, 5.0, 5.0, 5.0, 5.0, 5.0, 4.9, 4.7, 4.6, 4.5, 4.5, 4.5, 4.0, 3.5, 3.0, 3.0, 1.0, 0.0, 0.0, 0.0, 0.0, 0.0, 0.0, 0.0, 0.0, 0.0, 0.0, 0.0, 0.0, 0.0, 0.0, 0.0, 0.0, 0.0, 0.0, 0.0, 0.0, 0.0]",78,"['a', 'b', 'c']","“내 애인인 척 사교계에 들어가.” 전 세계에서 주목하는 톱스타, 셀리나는 촬영 중 갑작스러운 사고로 북부 공작의 땅에 차원 이동한다. 마수에게서 목숨을 구해준 북부 공작, 칼시온은 셀리나에게 자신의 애인인 척 사교계에 들어가 정보를 입수하라는 계약을 제시하는데..",src/img/북부공작님을유혹하겠습니다.png,,,"[Timestamp('2024-04-08 00:00:00'), Timestamp('2022-05-08 00:00:00')]"
헬크래프트,,"판타지,액션",월,39,"[3.0, 35]","[5.0, 5.0, 5.0, 5.0, 5.0, 5.0, 5.0, 5.0, 5.0, 5.0, 5.0, 5.0, 5.0, 5.0, 5.0, 5.0, 5.0, 5.0, 5.0, 5.0, 5.0, 5.0, 5.0, 5.0, 5.0, 5.0, 5.0, 4.7, 4.5, 4.3, 4.2, 4.0, 4.0, 4.0, 3.7, 3.7, 3.0, 3.0, 3.0, 2.5, 1.9, 1.0, 1.0, 0.0, 0.0, 0.0, 0.0, 0.0, 0.0, 0.0, 0.0, 0.0, 0.0, 0.0, 0.0, 0.0, 0.0, 0.0, 0.0, 0.0, 0.0, 0.0, 0.0, 0.0, 0.0]",65,"['a', 'b', 'c']","세상에 배신당해 방구석으로 도망친 고등학생 염승기. 새로운 지옥의 주인으로 지목된 대악마 바함무르크. 바함무르크는 자신의 지옥 제작자로서 염승기를 선택하고, 지옥 제작의 대가로 염승기에게 수감자를 고를 권리를 준다. 복수를 위해 악마와 손을 잡은 염승기, 그렇게 윈윈의 관계로 끝날 줄 알았는데... 갑자기 시작된 데스게임- 살아남기 위해선 지옥에 보내라!",src/img/헬크래프트.png,,,"[Timestamp('2024-04-08 00:00:00'), Timestamp('2022-09-18 00:00:00')]"
인섹터,,"판타지,액션",월,52,"[4.1, 37]","[5.0, 5.0, 5.0, 5.0, 5.0, 5.0, 5.0, 5.0, 5.0, 5.0, 5.0, 5.0, 5.0, 5.0, 5.0, 5.0, 5.0, 5.0, 5.0, 5.0, 5.0, 5.0, 5.0, 5.0, 5.0, 4.7, 4.5, 4.0, 3.5, 3.0, 3.0, 1.0, 0.0, 0.0, 0.0, 0.0, 0.0, 0.0, 0.0, 0.0, 0.0, 0.0, 0.0, 0.0, 0.0, 0.0, 0.0, 0.0, 0.0, 0.0, 0.0, 0.0, 0.0, 0.0, 0.0, 0.0, 0.0, 0.0, 0.0, 0.0, 0.0, 0.0, 0.0, 0.0, 0.0, 0.0, 0.0, 0.0, 0.0]",69,"['a', 'b', 'c']","어느 날 학교에서 담임교사가 <공벌레 인섹터 내라해치>가 되어 반 아이들을 무차별적으로 살해한 사건이 벌어진다. 그때 나타난 검은 개미, 그는 반 아이들을 구하게 되고 이 사건을 시작으로 언론과 SNS로 퍼져 인섹터의 존재는 더 이상 도시 괴담 수준의 이야기가 아니게 된다. 결국, 정부는 비밀리에 임무를 수행하던 인섹터 퇴치반 버그리퍼를 내세우고 생존자의 증언에 따라 검은 개미를 뒤쫓게 되는데, 검은 개미의 정체는 몸속에 개미 집이 지어진 채 살아가는 평범한 학생 가미성. 그저 몸속 개미들에게 먹히지 않기 위해 인섹터의 대항마로 변신하여 내키지 않는 싸움을 한다.",src/img/인섹터.png,,,"[Timestamp('2024-04-08 00:00:00'), Timestamp('2022-10-31 00:00:00')]"
시한부의 아이까지 뺏으려 합니다,,"판타지,로맨스",월,44,"[2.5, 25]","[5.0, 5.0, 5.0, 5.0, 5.0, 4.5, 4.0, 4.0, 2.0, 2.0, 2.0, 1.3, 1.0, 1.0, 0.0, 0.0, 0.0, 0.0, 0.0, 0.0, 0.0, 0.0, 0.0, 0.0, 0.0, 0.0, 0.0, 0.0, 0.0, 0.0, 0.0, 0.0, 0.0, 0.0, 0.0, 0.0, 0.0, 0.0, 0.0, 0.0]",40,"['a', 'b', 'c']","“아이에게 시한부 어머니를 남겨줄 생각이에요?” 부모님의 유품인 마법 거울이 보여준 미래는 참담했다. 아이를 낳고 나는 시한부가 되고, 남편의 정부가 아이를 두고 떠나라고 종용하는 미래. 아직 우린 결혼조차 하지 않았으니 불행한 미래도 피할 수 있을 거야.",src/img/시한부의아이까지뺏으려합니다.png,,,"[Timestamp('2024-04-08 00:00:00'), Timestamp('2023-08-27 00:00:00')]"
제국 제일의 상속녀가 되었습니다,,"판타지,로맨스",월,34,"[2.8, 18]","[5.0, 5.0, 5.0, 5.0, 5.0, 5.0, 5.0, 4.0, 4.0, 4.0, 3.0, 0.0, 0.0, 0.0, 0.0, 0.0, 0.0, 0.0, 0.0, 0.0, 0.0, 0.0, 0.0, 0.0, 0.0, 0.0, 0.0, 0.0, 0.0, 0.0, 0.0, 0.0, 0.0, 0.0, 0.0, 0.0, 0.0, 0.0]",38,"['a', 'b', 'c']","사람들이 기피하는 백색병에 걸려 힘겹게 살던 '에스텔'. 어느 날 주인공 '세리아'의 등장으로 전생을 떠올려 자신이 소설 속 엑스트라에게 빙의된 것임을 깨닫는다. 어렸을 적 하녀의 아이와 바뀌었단 이유로 집에서 쫓겨난 에스텔은 발루아가 형제들의 도움으로 목숨을 건지게 되고, 본래라면 세리아와 이어지는 남주인공 '클로드'와 엮이기 시작하는데...",src/img/제국제일의상속녀가되었습니다.png,,,"[Timestamp('2024-04-08 00:00:00'), Timestamp('2023-09-03 00:00:00')]"
공녀님의 꽃밭에는 그들이 산다,,"판타지,로맨스",월,40,"[3.2, 29]","[5.0, 5.0, 5.0, 5.0, 5.0, 5.0, 5.0, 5.0, 5.0, 5.0, 5.0, 5.0, 5.0, 5.0, 5.0, 5.0, 4.5, 4.5, 4.0, 2.0, 1.0, 1.0, 1.0, 0.0, 0.0, 0.0]",26,"['a', 'b', 'c']","가족의 사랑을 받고 싶어 새로 얻게 된 삶에 사랑을 바랬다. 그런데 웬걸?! 정령왕의 인장 덕에 정령사의 자질을 갖고 태어났는데... 부모님과 두 오라버니들은 한없는 애정을 퍼붓고, 기사단은 제발 호위로 뽑아달라며 졸졸 따라다니기 일쑤다. 게다가..""네 가벼운 바람은 내 간절한 염원이라는 것을 왜 몰라줄까."" 동(東) 마계 지배자인 제 2악마는 시선 한번 달라 애원하고,",src/img/공녀님의꽃밭에는그들이산다.png,,,"[Timestamp('2024-04-08 00:00:00'), Timestamp('2023-11-23 00:00:00')]"
"사랑, 그거 어떻게 하는 건데",,"로맨스,드라마",월,12,"[5.0, 3]","[5.0, 5.0, 5.0, 5.0, 5.0, 5.0, 5.0, 5.0, 5.0, 5.0, 5.0, 5.0, 5.0, 0.0]",14,"['a', 'b', 'c']","베스트셀러 작가 이시원. 그가 쓴 범죄 스릴러 소설 <밧줄>에 나온 것과 똑같은 수법의 살인 사건이 현실에서 일어난다. 피해자가 나왔고, 범인은 아직 잡히지 않았다. 시원은 죄책감과 트라우마로 스릴러 대신 로맨스를 쓰겠다고 마음 먹는데... '이시원이 로맨스라고...? 매 소설마다 사람 다섯은 죽이는 그 이시원이?' 결국 시원은 '사랑'을 배우기 위해 오랜 친구 소담에게 연애 제안을 한다.",src/img/사랑그거어떻게하는건데.png,,,"[Timestamp('2024-04-08 00:00:00'), Timestamp('2024-02-11 00:00:00')]"
별난식당,,드라마,월,49,"[3.4, 15]","[5.0, 5.0, 5.0, 5.0, 5.0, 5.0, 5.0, 5.0, 5.0, 5.0, 5.0, 5.0, 5.0, 5.0, 5.0, 5.0, 5.0, 5.0, 5.0, 5.0, 5.0, 5.0, 5.0, 5.0, 5.0, 5.0, 5.0, 5.0, 5.0, 5.0, 5.0, 5.0, 5.0, 5.0, 5.0, 5.0, 5.0, 5.0, 5.0, 5.0, 5.0, 5.0, 5.0, 5.0, 5.0, 5.0, 5.0, 5.0, 5.0, 5.0, 5.0, 5.0, 5.0, 5.0, 5.0, 5.0, 4.7, 4.6, 4.3, 3.7, 0.0, 0.0]",62,"['a', 'b', 'c']","<요리GO>의 새로운 이야기,<별난식당>. 특급호텔에서 최연소 팀장에 오르며 승승장구하던 주인공 한별은 퇴사를 하고 작은 식당을 차린다. 그 식당의 이름은 '별난식당'. 별난식당은 상권이라고는 찾아볼 수 없는, 서울에서 제일 가난한 동네인 부자동에 위치해 있다. 또한 메뉴도 별나다. 바로 메뉴가 없기 때문이다. 메뉴가 없이 한별 셰프가 그때그때 제철 식재료를 이용해 요리를 만드는 식당이다. 이 식당의 특별한 점은 요리를 먹는 손님이 마음까지 위로 받는다는 것. 한별 셰프는 대체 어떠한 방법으로 마음의 상처가 있는 많은 손님들을 요리로 치유하는 것일까?",src/img/별난식당.png,,,"[Timestamp('2024-04-08 00:00:00'), Timestamp('2023-02-12 00:00:00')]"
진주,,액션,월,13,"[4.0, 8]","[5.0, 5.0, 5.0, 5.0, 5.0, 5.0, 5.0, 5.0, 5.0, 5.0, 5.0, 5.0, 5.0, 5.0, 4.8, 2.0, 1.0, 0.0, 0.0, 0.0, 0.0, 0.0, 0.0, 0.0, 0.0, 0.0, 0.0, 0.0]",28,"['a', 'b', 'c']","<통>, <독고>, <블러드레인> 백두 작가의 화제의 신작! 퇴역한 전국구 주먹 ‘진주현’은 안암 판정을 받고 고향 진주로 내려가 ‘현진주’를 만나 난생 처음 평범한 삶을 꿈꾼다. 그러나 과거 몸담았던 뒷세계와의 지독한 악연은 그의 삶을 송두리째 흔들기 시작하는데...",src/img/진주.png,,,"[Timestamp('2024-04-08 00:00:00'), Timestamp('2023-11-23 00:00:00')]"
링 오브 가디언,,"판타지,액션,중국",월,20,"[1.7, 34]","[5.0, 5.0, 5.0, 5.0, 5.0, 5.0, 5.0, 5.0, 5.0, 5.0, 5.0, 5.0, 5.0, 5.0, 5.0, 5.0, 5.0, 5.0, 5.0, 5.0, 5.0, 5.0, 5.0, 5.0, 5.0, 5.0, 5.0, 5.0, 5.0, 5.0, 5.0, 5.0, 5.0, 5.0, 5.0, 5.0, 5.0, 5.0, 5.0, 5.0, 5.0, 5.0, 5.0, 5.0, 5.0, 5.0, 5.0, 5.0, 5.0, 5.0, 5.0, 5.0, 5.0, 5.0, 5.0, 5.0, 5.0, 5.0, 5.0, 5.0, 5.0, 5.0, 5.0, 5.0, 5.0, 5.0, 5.0, 5.0, 5.0, 5.0, 5.0, 5.0, 5.0, 4.5, 4.5, 4.5, 4.5, 4.5, 4.3, 4.0, 4.0, 4.0, 4.0, 4.0, 4.0, 4.0, 4.0, 4.0, 4.0, 4.0, 4.0, 4.0, 4.0, 4.0, 4.0, 4.0, 4.0, 4.0, 4.0, 4.0, 4.0, 4.0, 4.0, 4.0, 4.0, 4.0, 3.7, 3.7, 3.5, 3.0, 3.0, 3.0, 3.0, 3.0, 3.0, 3.0, 3.0, 3.0, 3.0, 3.0, 3.0, 3.0, 3.0, 3.0, 3.0, 2.0, 2.0, 1.0, 1.0, 1.0, 1.0, 1.0, 0.0, 0.0, 0.0, 0.0, 0.0, 0.0, 0.0, 0.0, 0.0, 0.0, 0.0, 0.0, 0.0, 0.0, 0.0, 0.0, 0.0, 0.0, 0.0, 0.0, 0.0, 0.0, 0.0, 0.0, 0.0, 0.0, 0.0, 0.0, 0.0, 0.0, 0.0, 0.0, 0.0, 0.0, 0.0, 0.0, 0.0, 0.0, 0.0, 0.0, 0.0, 0.0, 0.0, 0.0, 0.0, 0.0, 0.0, 0.0, 0.0, 0.0, 0.0, 0.0, 0.0, 0.0, 0.0, 0.0, 0.0, 0.0, 0.0, 0.0, 0.0, 0.0, 0.0, 0.0, 0.0, 0.0, 0.0, 0.0, 0.0, 0.0, 0.0, 0.0, 0.0, 0.0, 0.0, 0.0, 0.0, 0.0, 0.0, 0.0, 0.0, 0.0, 0.0, 0.0, 0.0, 0.0, 0.0, 0.0, 0.0, 0.0, 0.0, 0.0, 0.0, 0.0, 0.0, 0.0, 0.0, 0.0, 0.0, 0.0, 0.0, 0.0, 0.0, 0.0, 0.0, 0.0, 0.0, 0.0, 0.0, 0.0, 0.0, 0.0, 0.0, 0.0, 0.0, 0.0, 0.0, 0.0, 0.0, 0.0, 0.0, 0.0, 0.0, 0.0, 0.0, 0.0, 0.0, 0.0, 0.0, 0.0, 0.0, 0.0, 0.0, 0.0, 0.0, 0.0, 0.0, 0.0, 0.0, 0.0, 0.0, 0.0, 0.0, 0.0, 0.0, 0.0, 0.0, 0.0, 0.0, 0.0, 0.0, 0.0, 0.0, 0.0, 0.0, 0.0, 0.0, 0.0, 0.0, 0.0, 0.0, 0.0, 0.0, 0.0, 0.0, 0.0, 0.0, 0.0, 0.0, 0.0, 0.0, 0.0, 0.0, 0.0, 0.0, 0.0, 0.0, 0.0, 0.0, 0.0, 0.0, 0.0, 0.0, 0.0, 0.0, 0.0, 0.0, 0.0, 0.0, 0.0, 0.0, 0.0, 0.0, 0.0, 0.0, 0.0, 0.0, 0.0, 0.0, 0.0, 0.0, 0.0, 0.0, 0.0, 0.0, 0.0, 0.0, 0.0, 0.0, 0.0, 0.0, 0.0, 0.0, 0.0, 0.0, 0.0, 0.0, 0.0, 0.0, 0.0, 0.0, 0.0, 0.0, 0.0]",356,"['a', 'b', 'c']","""자신을 지원해 주고 보호해 줄 부모도 없이 아득바득 아르바이트와 장학금으로 생계를 유지하고 있던 김우혁 어느 날 우혁은 한 반지를 줍게 된다 하지만 쓸데없는 것에 시간을 쏟을 여유가 없어 버리고 가려던 찰나 [ 앞으로 16시간 내로 지구에 생화확적 바이러스가 폭발해 좀비가 창궐하게 됩니다 넘버 제로, 인류를 구원하십시오 ] 라는 반지의 허무맹랑한 말에 우혁의 인생은 완전히 뒤바뀌어버린다 우혁은 과연 좀비들을 모두 물리치고 인류를 구할 수 있을까? """,src/img/링오브가디언.png,,,"[Timestamp('2024-04-08 00:00:00'), Timestamp('2021-07-18 00:00:00')]"
어웨이크닝: 회귀 플레이어,,"판타지,액션,중국",월,80,"[3.0, 66]","[5.0, 5.0, 5.0, 5.0, 5.0, 5.0, 5.0, 5.0, 5.0, 5.0, 5.0, 5.0, 5.0, 5.0, 5.0, 5.0, 5.0, 5.0, 5.0, 5.0, 5.0, 5.0, 5.0, 5.0, 5.0, 5.0, 5.0, 5.0, 5.0, 5.0, 5.0, 5.0, 5.0, 5.0, 5.0, 5.0, 5.0, 5.0, 5.0, 5.0, 5.0, 5.0, 5.0, 5.0, 5.0, 5.0, 5.0, 5.0, 5.0, 5.0, 5.0, 5.0, 5.0, 5.0, 5.0, 5.0, 5.0, 5.0, 5.0, 5.0, 5.0, 5.0, 5.0, 5.0, 5.0, 5.0, 5.0, 5.0, 5.0, 5.0, 4.7, 4.7, 4.7, 4.7, 4.7, 4.7, 4.6, 4.5, 4.5, 4.5, 4.5, 4.3, 4.3, 4.3, 4.3, 4.1, 4.0, 4.0, 4.0, 4.0, 4.0, 4.0, 4.0, 4.0, 4.0, 4.0, 4.0, 3.8, 3.7, 3.7, 3.7, 3.7, 3.7, 3.7, 3.7, 3.0, 3.0, 3.0, 3.0, 3.0, 3.0, 3.0, 3.0, 2.5, 2.0, 2.0, 2.0, 1.3, 1.0, 0.0, 0.0, 0.0, 0.0, 0.0, 0.0, 0.0, 0.0, 0.0, 0.0, 0.0, 0.0, 0.0, 0.0, 0.0, 0.0, 0.0, 0.0, 0.0, 0.0, 0.0, 0.0, 0.0, 0.0, 0.0, 0.0, 0.0, 0.0, 0.0, 0.0, 0.0, 0.0, 0.0, 0.0, 0.0, 0.0, 0.0, 0.0, 0.0, 0.0, 0.0, 0.0, 0.0, 0.0, 0.0]",164,"['a', 'b', 'c']","때는 2060년, 가상현실 MMORPG 게임 [스카이 필드]가 오픈하면서 세상 사람들은 이 게임에 열광하게 된다. 그 이유는 바로 이 게임에서 전직 후 [각성]이라는 것을 하게 되면 현실에서도 게임 속 스킬을 구현하는 것이 가능하였기 때문이다. 하지만, [각성]은 불가능에 가까울 정도로 힘들었기 때문에 만렙이 되어도 각성하지 못한 자들이 많았다. 게임 오픈 후 1년 늦게 시작한 주인공, 김성준은 각성자가 되기 위해 엄청난 노력과 시간을 게임에 쏟아부었고 그렇게 만렙이 되었지만 그 1년 사이에 수많은 유저들의 경쟁에서 밀려나게 되었고 게임 속에나 현실에서나 차가운 대접을 받으며 세상의 부조리함을 느끼게 된다. 그러던 어느 날, 평소처럼 파티 사냥에 참가하여 게이트로 들어가게 되는데 게이트에서 버그가 발생하는 전대미문의 사고가 발생하게 되고 김성준의 몸은 점차 사라지게 되며 자신이 어떻게 되는지도 모르는 채 계정자체가 사라지게 된다. 다시 눈을 떴을 때, 그는 자신의 캐릭터와 닮은 몸이 되어있었고 상황을 파악했을 때, 그는 [스카이 필드]가 오픈된 지 3개월 전인 시점으로 돌아가게 되었다는 사실을 알게 된다. 현실에서도 게임에서도 혼자 외로이 세상과 싸워왔던 그는 이번에야말로 만렙을 찍고 최강이 되어 '각성자'가 되기로 결심하는데...",src/img/어웨이크닝회귀플레이어.png,,,"[Timestamp('2024-04-08 00:00:00'), Timestamp('2021-12-17 00:00:00')]"
퀘스트 지상 최고의 산적,,"판타지,액션,중국",월,32,"[3.5, 38]","[5.0, 5.0, 5.0, 5.0, 5.0, 5.0, 5.0, 5.0, 5.0, 5.0, 5.0, 5.0, 5.0, 5.0, 5.0, 5.0, 5.0, 5.0, 5.0, 5.0, 5.0, 5.0, 5.0, 5.0, 5.0, 5.0, 5.0, 5.0, 5.0, 5.0, 5.0, 5.0, 5.0, 5.0, 5.0, 5.0, 5.0, 5.0, 5.0, 5.0, 5.0, 5.0, 5.0, 5.0, 5.0, 5.0, 5.0, 5.0, 5.0, 5.0, 5.0, 5.0, 5.0, 5.0, 5.0, 5.0, 5.0, 5.0, 5.0, 5.0, 5.0, 5.0, 5.0, 5.0, 5.0, 5.0, 5.0, 5.0, 5.0, 5.0, 5.0, 5.0, 5.0, 5.0, 5.0, 5.0, 5.0, 5.0, 5.0, 5.0, 5.0, 5.0, 5.0, 5.0, 5.0, 5.0, 5.0, 5.0, 5.0, 5.0, 5.0, 5.0, 5.0, 5.0, 5.0, 5.0, 5.0, 5.0, 5.0, 5.0, 5.0, 5.0, 5.0, 5.0, 5.0, 5.0, 5.0, 5.0, 5.0, 5.0, 5.0, 5.0, 5.0, 5.0, 5.0, 5.0, 5.0, 5.0, 5.0, 5.0, 5.0, 5.0, 5.0, 5.0, 5.0, 5.0, 5.0, 5.0, 5.0, 5.0, 4.8, 4.0, 4.0, 4.0, 4.0, 4.0, 4.0, 4.0, 4.0, 4.0, 3.7, 3.5, 3.0, 3.0, 3.0, 3.0, 3.0, 3.0, 2.0, 2.0, 1.0, 0.0, 0.0, 0.0, 0.0, 0.0, 0.0, 0.0, 0.0, 0.0, 0.0, 0.0, 0.0, 0.0, 0.0, 0.0, 0.0, 0.0, 0.0, 0.0, 0.0, 0.0, 0.0, 0.0, 0.0, 0.0, 0.0, 0.0, 0.0, 0.0, 0.0, 0.0, 0.0, 0.0, 0.0, 0.0, 0.0, 0.0, 0.0, 0.0, 0.0, 0.0, 0.0, 0.0, 0.0, 0.0, 0.0, 0.0, 0.0, 0.0, 0.0, 0.0, 0.0, 0.0, 0.0, 0.0, 0.0, 0.0, 0.0, 0.0, 0.0, 0.0, 0.0, 0.0, 0.0, 0.0, 0.0, 0.0, 0.0, 0.0, 0.0, 0.0, 0.0, 0.0, 0.0, 0.0, 0.0, 0.0, 0.0, 0.0, 0.0, 0.0, 0.0, 0.0, 0.0, 0.0, 0.0, 0.0, 0.0, 0.0, 0.0, 0.0, 0.0, 0.0, 0.0, 0.0, 0.0, 0.0, 0.0, 0.0, 0.0, 0.0]",252,"['a', 'b', 'c']","평범한 대학생이자 게임 매니아였던 정기준. <마인드 오브 밴디트>라는 산적이라는 컨셉을 가진 MMORPG 게임 예약구매에 당첨되어 플레이를 하던 도중, TV에서 나온 빛에 의해 정신을 잃고 쓰러진다. 그가 다시 일어났을 땐, 현실이 아닌 바로 <마인드 오브 밴디트>의 세계. 심지어 게임을 시작하자마자 멸문당할 예정인 산적단, 섬여단 두목의 아들로 깨어나게 된다. 그러던 중 시스템 안내자라는 여성이 등장하며 위기에 처한 섬여단을 부흥시키지 못하면 로그아웃, 즉 죽음을 맞이하게 된다며 퀘스트를 던져주는데... 깨어나자마자 위기에 봉착한 정기준, 게임 속 세계에서 최강의 산적이 되어 섬여단을 부흥시키기 위한 가슴 뛰는 여정이 시작된다.",src/img/퀘스트지상최고의산적.png,,,"[Timestamp('2024-04-08 00:00:00'), Timestamp('2021-08-14 00:00:00')]"
전설 헌터로 키워지는 중입니다,,"판타지,액션,중국",월,62,"[2.7, 47]","[5.0, 5.0, 5.0, 5.0, 5.0, 5.0, 5.0, 5.0, 5.0, 5.0, 5.0, 5.0, 5.0, 5.0, 5.0, 5.0, 5.0, 5.0, 5.0, 5.0, 5.0, 5.0, 5.0, 5.0, 5.0, 5.0, 5.0, 5.0, 5.0, 5.0, 5.0, 5.0, 5.0, 5.0, 5.0, 5.0, 5.0, 5.0, 5.0, 5.0, 5.0, 5.0, 5.0, 5.0, 5.0, 5.0, 5.0, 5.0, 5.0, 5.0, 5.0, 5.0, 5.0, 5.0, 5.0, 5.0, 5.0, 5.0, 5.0, 5.0, 5.0, 5.0, 5.0, 5.0, 5.0, 5.0, 5.0, 5.0, 5.0, 5.0, 5.0, 5.0, 5.0, 5.0, 5.0, 5.0, 5.0, 5.0, 5.0, 5.0, 5.0, 5.0, 5.0, 5.0, 5.0, 5.0, 5.0, 5.0, 5.0, 5.0, 5.0, 5.0, 5.0, 5.0, 5.0, 5.0, 5.0, 5.0, 5.0, 5.0, 5.0, 5.0, 5.0, 5.0, 5.0, 5.0, 5.0, 5.0, 5.0, 5.0, 5.0, 5.0, 5.0, 5.0, 5.0, 5.0, 5.0, 5.0, 5.0, 5.0, 5.0, 5.0, 5.0, 5.0, 5.0, 5.0, 4.7, 4.5, 4.5, 4.5, 4.3, 4.3, 4.3, 4.2, 4.0, 4.0, 4.0, 4.0, 4.0, 4.0, 4.0, 4.0, 3.8, 3.8, 3.8, 3.7, 3.7, 3.7, 3.7, 3.7, 3.7, 3.7, 3.5, 3.5, 3.5, 3.5, 3.4, 3.4, 3.4, 3.3, 3.0, 3.0, 3.0, 3.0, 3.0, 3.0, 3.0, 3.0, 3.0, 3.0, 3.0, 3.0, 2.7, 2.7, 2.6, 2.6, 2.3, 2.3, 2.3, 1.0, 1.0, 0.0, 0.0, 0.0, 0.0, 0.0]",186,"['a', 'b', 'c']","아버지의 누명을 벗기기 위해 ‘미끼’로 레이드를 뛰어 살아가는 차낙영 죽기 직전의 그 순간, 전설 헌터 육성 시스템이 발동했다 [플레이어와 연결 완료, 전설 헌터 육성 시스템 ARES가 발동합니다]",src/img/전설헌터로키워지는중입니다.png,,,"[Timestamp('2024-04-08 00:00:00'), Timestamp('2022-04-19 00:00:00')]"
신혼무제,,"액션,무협,중국",월,27,"[3.7, 26]","[5.0, 5.0, 5.0, 5.0, 5.0, 5.0, 5.0, 5.0, 5.0, 5.0, 5.0, 5.0, 5.0, 5.0, 5.0, 5.0, 5.0, 5.0, 5.0, 5.0, 5.0, 5.0, 5.0, 5.0, 5.0, 5.0, 5.0, 5.0, 5.0, 5.0, 5.0, 5.0, 5.0, 5.0, 5.0, 5.0, 5.0, 5.0, 5.0, 5.0, 5.0, 5.0, 5.0, 5.0, 5.0, 5.0, 5.0, 5.0, 5.0, 5.0, 5.0, 5.0, 5.0, 5.0, 5.0, 5.0, 5.0, 5.0, 5.0, 5.0, 5.0, 5.0, 5.0, 5.0, 5.0, 5.0, 5.0, 5.0, 5.0, 5.0, 5.0, 5.0, 5.0, 4.5, 4.5, 4.5, 4.3, 4.0, 4.0, 3.0, 3.0, 1.0, 0.0, 0.0, 0.0, 0.0, 0.0, 0.0, 0.0, 0.0, 0.0, 0.0, 0.0, 0.0, 0.0, 0.0, 0.0, 0.0, 0.0, 0.0, 0.0, 0.0, 0.0, 0.0, 0.0, 0.0, 0.0, 0.0, 0.0, 0.0, 0.0, 0.0, 0.0, 0.0, 0.0, 0.0, 0.0, 0.0, 0.0, 0.0, 0.0, 0.0, 0.0, 0.0, 0.0, 0.0, 0.0, 0.0, 0.0, 0.0, 0.0, 0.0, 0.0, 0.0, 0.0, 0.0, 0.0, 0.0, 0.0, 0.0, 0.0, 0.0, 0.0, 0.0, 0.0, 0.0, 0.0, 0.0, 0.0, 0.0, 0.0, 0.0, 0.0, 0.0, 0.0, 0.0, 0.0, 0.0, 0.0, 0.0, 0.0, 0.0, 0.0, 0.0, 0.0, 0.0, 0.0, 0.0, 0.0, 0.0, 0.0, 0.0, 0.0, 0.0, 0.0, 0.0, 0.0, 0.0, 0.0, 0.0, 0.0, 0.0, 0.0, 0.0, 0.0, 0.0, 0.0, 0.0, 0.0, 0.0, 0.0, 0.0, 0.0, 0.0, 0.0, 0.0, 0.0, 0.0, 0.0]",199,"['a', 'b', 'c']","""대봉 왕조의 강천 마을에 사는 소년 임찬 그가 각성한 신혼은 폐신혼으로, 뭇사람의 비웃음을 산다 그러나 그의 신혼인 ‘생사관’은 10대 신혼 중 하나로, 특별한 힘을 가진 특수 신혼이었는데 게다가, 생사관에 자신의 영혼을 숨겨두었던, 능력과 미모를 갖춘 궁천설을 만나게 되면서 그녀의 도움으로 그는 신혼 무제의 자리까지 오르게 된다 """,src/img/신혼무제.png,,,"[Timestamp('2024-04-08 00:00:00'), Timestamp('2021-07-07 00:00:00')]"
만렙돌파,,"판타지,액션,한국",월,221,"[2.4, 160]","[5.0, 5.0, 5.0, 5.0, 5.0, 5.0, 5.0, 5.0, 5.0, 5.0, 5.0, 5.0, 5.0, 5.0, 5.0, 5.0, 5.0, 5.0, 5.0, 5.0, 5.0, 5.0, 5.0, 5.0, 5.0, 5.0, 5.0, 5.0, 5.0, 5.0, 5.0, 5.0, 4.9, 4.9, 4.9, 4.8, 4.8, 4.8, 4.8, 4.8, 4.8, 4.7, 4.7, 4.7, 4.7, 4.6, 4.6, 4.6, 4.6, 4.6, 4.6, 4.6, 4.5, 4.5, 4.5, 4.5, 4.5, 4.5, 4.5, 4.4, 4.4, 4.4, 4.4, 4.4, 4.4, 4.4, 4.3, 4.3, 4.3, 4.3, 4.3, 4.3, 4.3, 4.3, 4.2, 4.2, 4.2, 4.2, 4.2, 4.2, 4.2, 4.2, 4.2, 4.2, 4.2, 4.1, 4.1, 4.1, 4.1, 4.1, 4.1, 4.1, 4.1, 4.0, 4.0, 4.0, 4.0, 4.0, 4.0, 4.0, 4.0, 3.9, 3.9, 3.9, 3.9, 3.9, 3.8, 3.8, 3.8, 3.8, 3.7, 3.7, 3.7, 3.7, 3.7, 3.7, 3.7, 3.7, 3.6, 3.5, 3.5, 3.5, 3.5, 3.5, 3.4, 3.4, 3.4, 3.3, 3.3, 3.3, 3.2, 3.0, 3.0, 3.0, 3.0, 3.0, 2.3, 2.3, 2.3, 1.9, 1.6, 1.0, 0.0, 0.0]",144,"['a', 'b', 'c']","알 수 없는 오류로 3000년간 각성 테스트에 갇힌 김기봉. 그 사이 현실에선 10년이 흘렀고, 온 세상은 몬스터와 던전으로 가득차게 되었다. 만렙으로 귀환한 김기봉의 모든 것을 원래대로 돌려놓기 위한 싸움이 시작된다!",src/img/만렙돌파.png,,,"[Timestamp('2024-04-07 00:00:00'), Timestamp('2020-12-23 00:00:00')]"
더블클릭,,"판타지,액션,한국",월,133,"[3.4, 48]","[5.0, 5.0, 5.0, 5.0, 5.0, 5.0, 5.0, 5.0, 5.0, 5.0, 5.0, 5.0, 5.0, 5.0, 5.0, 5.0, 5.0, 5.0, 5.0, 5.0, 5.0, 5.0, 5.0, 5.0, 5.0, 5.0, 5.0, 5.0, 5.0, 5.0, 5.0, 5.0, 5.0, 5.0, 5.0, 5.0, 5.0, 5.0, 5.0, 5.0, 5.0, 5.0, 5.0, 5.0, 5.0, 5.0, 5.0, 5.0, 5.0, 5.0, 5.0, 5.0, 5.0, 5.0, 5.0, 5.0, 5.0, 5.0, 5.0, 5.0, 5.0, 5.0, 5.0, 5.0, 5.0, 5.0, 5.0, 5.0, 5.0, 5.0, 5.0, 5.0, 5.0, 5.0, 5.0, 5.0, 5.0, 5.0, 5.0, 5.0, 5.0, 5.0, 5.0, 5.0, 5.0, 5.0, 5.0, 5.0, 5.0, 5.0, 5.0, 5.0, 5.0, 5.0, 5.0, 5.0, 5.0, 5.0, 5.0, 5.0, 5.0, 5.0, 5.0, 5.0, 5.0, 5.0, 5.0, 5.0, 5.0, 5.0, 5.0, 5.0, 5.0, 5.0, 4.9, 4.8, 4.8, 4.7, 4.7, 4.5, 4.3, 4.3, 4.3, 4.0, 4.0, 4.0, 4.0, 4.0, 3.7, 3.7, 3.5, 3.0, 3.0, 3.0, 3.0, 1.0, 0.0, 0.0, 0.0, 0.0, 0.0, 0.0]",142,"['a', 'b', 'c']",악명 높은 난이도를 가진 게임의 세계 랭킹 1위였던 지호.서비스 종료된 줄만 알았던 그 게임이 새롭게 돌아왔다!지호는 다시 한번 랭킹 1위를 꿈꾸며 게임 동아리에 입부한다.오랜만에 게임을 해도 살아있는 감각. 하지만 게임이 새롭게 변하면서 예상치 못한 약점이 생긴다.강한 상대를 마주할수록 열정이 끓어오르는 주인공의 프로게이머 도전기!,src/img/더블클릭.png,,,"[Timestamp('2024-04-07 00:00:00'), Timestamp('2021-09-03 00:00:00')]"
오빠집이 비어서,,로맨스,월,15,"[2.2, 14]","[5.0, 5.0, 5.0, 5.0, 5.0, 5.0, 5.0, 5.0, 5.0, 5.0, 5.0, 5.0, 5.0, 5.0, 5.0, 5.0, 5.0, 5.0, 5.0, 5.0, 5.0, 5.0, 5.0, 5.0, 5.0, 5.0, 5.0, 5.0, 5.0, 5.0, 5.0, 5.0, 5.0, 5.0, 5.0, 5.0, 5.0, 5.0, 5.0, 5.0, 5.0, 5.0, 5.0, 5.0, 5.0, 5.0, 5.0, 5.0, 5.0, 5.0, 5.0, 5.0, 5.0, 4.5, 4.5, 4.5, 4.0, 4.0, 4.0, 4.0, 4.0, 3.7, 3.0, 2.0, 1.0, 1.0, 1.0, 0.0, 0.0, 0.0, 0.0, 0.0, 0.0, 0.0, 0.0, 0.0, 0.0, 0.0, 0.0, 0.0, 0.0, 0.0, 0.0, 0.0, 0.0, 0.0, 0.0, 0.0, 0.0, 0.0, 0.0, 0.0, 0.0, 0.0, 0.0, 0.0, 0.0, 0.0, 0.0, 0.0, 0.0, 0.0, 0.0, 0.0, 0.0, 0.0, 0.0, 0.0, 0.0, 0.0, 0.0, 0.0, 0.0, 0.0, 0.0, 0.0, 0.0, 0.0, 0.0, 0.0, 0.0, 0.0, 0.0, 0.0, 0.0, 0.0, 0.0, 0.0, 0.0, 0.0, 0.0, 0.0, 0.0, 0.0, 0.0, 0.0]",136,"['a', 'b', 'c']","새엄마와 맞장 뜨고 집을 나온 재벌 3세 차은명. 세상 딱 한 명인 친구 희영에게 신세를 질 수 없게 되자, 어쩔 수 없이 희영의 둘째 오빠가 잠시 비워둔 집에 머물게 된다. 그렇게 한 달 뒤, 은명은 샤워를 하고 나오던 중 예고도 없이 집으로 돌아온 희영의 둘째 오빠를 대면하게 되고... 그런데 그 오빠의 정체가 바로바로 대한민국 탑 스타 영화배우 ‘제준영'이라고?!",src/img/오빠집이비어서.png,,,"[Timestamp('2024-04-07 00:00:00'), Timestamp('2021-10-31 00:00:00')]"
윈드브레이커,,"드라마,한국",월,207,"[2.8, 37]","[5.0, 5.0, 5.0, 5.0, 5.0, 5.0, 5.0, 5.0, 5.0, 5.0, 5.0, 5.0, 5.0, 5.0, 5.0, 5.0, 5.0, 5.0, 5.0, 5.0, 5.0, 5.0, 5.0, 5.0, 5.0, 5.0, 5.0, 5.0, 5.0, 5.0, 5.0, 5.0, 5.0, 5.0, 5.0, 5.0, 5.0, 5.0, 5.0, 5.0, 5.0, 5.0, 5.0, 5.0, 5.0, 5.0, 5.0, 5.0, 5.0, 5.0, 5.0, 5.0, 5.0, 5.0, 5.0, 5.0, 5.0, 5.0, 5.0, 5.0, 5.0, 5.0, 5.0, 5.0, 5.0, 5.0, 5.0, 5.0, 5.0, 5.0, 5.0, 5.0, 5.0, 5.0, 5.0, 5.0, 5.0, 5.0, 5.0, 5.0, 5.0, 5.0, 5.0, 5.0, 5.0, 5.0, 5.0, 5.0, 5.0, 5.0, 5.0, 5.0, 5.0, 5.0, 5.0, 5.0, 5.0, 5.0, 5.0, 5.0, 5.0, 5.0, 5.0, 5.0, 5.0, 5.0, 5.0, 5.0, 5.0, 5.0, 5.0, 5.0, 5.0, 5.0, 5.0, 5.0, 5.0, 5.0, 5.0, 5.0, 5.0, 5.0, 5.0, 5.0, 5.0, 5.0, 5.0, 5.0, 5.0, 5.0, 5.0, 5.0, 5.0, 5.0, 5.0, 5.0, 5.0, 5.0, 5.0, 5.0, 5.0, 5.0, 5.0, 5.0, 5.0, 5.0, 5.0, 5.0, 5.0, 5.0, 5.0, 5.0, 5.0, 5.0, 5.0, 5.0, 5.0, 5.0, 5.0, 4.8, 4.8, 4.8, 4.8, 4.8, 4.8, 4.8, 4.8, 4.7, 4.7, 4.7, 4.6, 4.5, 4.5, 4.5, 4.5, 4.5, 4.5, 4.5, 4.5, 4.3, 4.3, 4.3, 4.3, 4.3, 4.3, 4.3, 4.3, 4.3, 4.2, 4.0, 4.0, 4.0, 4.0, 4.0, 4.0, 4.0, 4.0, 4.0, 4.0, 4.0, 4.0, 4.0, 4.0, 4.0, 4.0, 3.8, 3.7, 3.7, 3.7, 3.7, 3.5, 3.0, 3.0, 3.0, 3.0, 3.0, 3.0, 3.0, 3.0, 3.0, 3.0, 3.0, 3.0, 3.0, 2.5, 2.0, 2.0, 1.3, 1.0, 1.0, 1.0, 1.0, 1.0, 1.0, 0.0, 0.0, 0.0, 0.0, 0.0, 0.0, 0.0, 0.0, 0.0, 0.0, 0.0, 0.0, 0.0, 0.0, 0.0, 0.0, 0.0, 0.0, 0.0, 0.0, 0.0, 0.0, 0.0, 0.0, 0.0, 0.0, 0.0, 0.0, 0.0, 0.0, 0.0, 0.0, 0.0, 0.0, 0.0, 0.0, 0.0, 0.0, 0.0, 0.0, 0.0, 0.0, 0.0, 0.0, 0.0, 0.0, 0.0, 0.0, 0.0, 0.0, 0.0, 0.0, 0.0, 0.0, 0.0, 0.0, 0.0, 0.0, 0.0, 0.0, 0.0, 0.0, 0.0, 0.0, 0.0, 0.0, 0.0, 0.0, 0.0, 0.0, 0.0, 0.0, 0.0, 0.0, 0.0, 0.0, 0.0, 0.0, 0.0, 0.0, 0.0, 0.0, 0.0, 0.0, 0.0, 0.0, 0.0, 0.0, 0.0, 0.0, 0.0, 0.0, 0.0, 0.0, 0.0, 0.0, 0.0, 0.0, 0.0, 0.0, 0.0, 0.0, 0.0, 0.0, 0.0, 0.0, 0.0, 0.0, 0.0, 0.0, 0.0, 0.0, 0.0, 0.0, 0.0, 0.0, 0.0, 0.0, 0.0, 0.0, 0.0, 0.0, 0.0, 0.0, 0.0, 0.0, 0.0, 0.0, 0.0, 0.0, 0.0, 0.0, 0.0, 0.0, 0.0, 0.0, 0.0, 0.0, 0.0, 0.0, 0.0, 0.0, 0.0, 0.0, 0.0, 0.0, 0.0, 0.0, 0.0, 0.0, 0.0, 0.0, 0.0, 0.0, 0.0, 0.0, 0.0, 0.0, 0.0, 0.0, 0.0, 0.0, 0.0, 0.0, 0.0, 0.0, 0.0, 0.0, 0.0, 0.0, 0.0, 0.0, 0.0, 0.0, 0.0, 0.0, 0.0, 0.0, 0.0, 0.0, 0.0, 0.0, 0.0, 0.0, 0.0, 0.0, 0.0, 0.0, 0.0, 0.0, 0.0, 0.0, 0.0, 0.0, 0.0, 0.0, 0.0, 0.0, 0.0, 0.0, 0.0, 0.0, 0.0, 0.0, 0.0, 0.0, 0.0, 0.0, 0.0, 0.0, 0.0, 0.0, 0.0, 0.0, 0.0, 0.0, 0.0, 0.0, 0.0, 0.0, 0.0, 0.0, 0.0, 0.0, 0.0, 0.0, 0.0, 0.0, 0.0, 0.0, 0.0, 0.0, 0.0, 0.0, 0.0, 0.0, 0.0, 0.0, 0.0, 0.0, 0.0, 0.0, 0.0, 0.0, 0.0, 0.0, 0.0, 0.0, 0.0, 0.0, 0.0, 0.0, 0.0, 0.0, 0.0, 0.0]",490,"['a', 'b', 'c']",자유를 꿈꾸는 청춘들의 스트릿라이딩 드라마,src/img/윈드브레이커.png,,,"[Timestamp('2024-04-07 00:00:00'), Timestamp('2018-10-14 00:00:00')]"
악당 가족이 독립을 반대한다,,"판타지,로맨스",월,100,"[3.8, 41]","[5.0, 5.0, 5.0, 5.0, 5.0, 5.0, 5.0, 5.0, 5.0, 5.0, 5.0, 5.0, 5.0, 5.0, 5.0, 5.0, 5.0, 5.0, 5.0, 5.0, 5.0, 5.0, 5.0, 4.0, 4.0, 3.5, 3.0, 3.0, 0.0, 0.0, 0.0, 0.0]",32,"['a', 'b', 'c']","가족애 따위 없는 살벌한 악당 가문의 사생아 엘로디, 어느 날 갑자기 전생의 기억을 찾다! 자신이 환생한 이곳이 전생에 읽었던 소설 속이며 3년 후 진짜 여주인공이 나타나면서 자신은 악당 가족에게 버림받고 살해당할 운명임을 깨닫고 언니가 등장하기 전까지 적당히 뒷돈 챙기다가 이 가문에서 독립하자!고 생각했는데…… “독립? 그게 무슨 개소리지?” “너한테 바람 불어 넣은 놈이 누구야.”",src/img/악당가족이독립을반대한다.png,,,"[Timestamp('2024-04-07 00:00:00'), Timestamp('2023-10-08 00:00:00')]"
여고생이 신인데 나만 괴롭힘,,"판타지,드라마",월,13,"[2.7, 28]","[5.0, 5.0, 5.0, 5.0, 5.0, 3.7, 2.6, 1.0, 0.0, 0.0, 0.0, 0.0, 0.0]",13,"['a', 'b', 'c']","그냥 인생이 재수 없는 줄 알았는데, 알고 보니 여고생이 내 인생을 조작해서 괴롭히고 있던 거임ㄷㄷ",src/img/여고생이신인데나만괴롭힘.png,,,"[Timestamp('2024-04-07 00:00:00'), Timestamp('2024-02-19 00:00:00')]"
뷰티풀 군바리,,"일상,한국",월,238,"[4.4, 35]","[5.0, 5.0, 5.0, 5.0, 5.0, 5.0, 5.0, 5.0, 5.0, 5.0, 5.0, 5.0, 5.0, 5.0, 5.0, 5.0, 5.0, 5.0, 5.0, 5.0, 5.0, 5.0, 5.0, 5.0, 5.0, 5.0, 5.0, 5.0, 5.0, 5.0, 5.0, 5.0, 5.0, 5.0, 5.0, 5.0, 5.0, 5.0, 5.0, 5.0, 5.0, 5.0, 5.0, 5.0, 5.0, 5.0, 5.0, 5.0, 5.0, 5.0, 5.0, 5.0, 5.0, 5.0, 5.0, 5.0, 5.0, 5.0, 5.0, 5.0, 5.0, 5.0, 5.0, 5.0, 5.0, 5.0, 5.0, 5.0, 5.0, 5.0, 5.0, 5.0, 5.0, 5.0, 5.0, 5.0, 5.0, 5.0, 5.0, 5.0, 5.0, 5.0, 5.0, 5.0, 5.0, 5.0, 5.0, 5.0, 5.0, 5.0, 5.0, 5.0, 5.0, 5.0, 5.0, 5.0, 5.0, 5.0, 5.0, 5.0, 5.0, 5.0, 5.0, 5.0, 5.0, 5.0, 5.0, 5.0, 5.0, 5.0, 5.0, 5.0, 5.0, 5.0, 5.0, 5.0, 5.0, 5.0, 5.0, 5.0, 5.0, 5.0, 5.0, 5.0, 5.0, 5.0, 5.0, 5.0, 5.0, 5.0, 5.0, 5.0, 5.0, 5.0, 5.0, 5.0, 5.0, 5.0, 5.0, 5.0, 5.0, 5.0, 5.0, 5.0, 5.0, 5.0, 5.0, 5.0, 5.0, 5.0, 5.0, 5.0, 5.0, 5.0, 5.0, 5.0, 5.0, 4.9, 4.9, 4.9, 4.9, 4.9, 4.8, 4.8, 4.8, 4.8, 4.8, 4.8, 4.8, 4.8, 4.8, 4.7, 4.7, 4.7, 4.7, 4.6, 4.6, 4.6, 4.6, 4.6, 4.6, 4.6, 4.6, 4.6, 4.6, 4.5, 4.5, 4.5, 4.5, 4.5, 4.4, 4.4, 4.4, 4.4, 4.3, 4.3, 4.3, 4.2, 4.2, 4.1, 4.0, 4.0, 4.0, 4.0, 4.0, 4.0, 3.8, 3.7, 3.7, 3.7, 3.5, 3.5, 3.0, 3.0, 3.0, 3.0, 1.0, 1.0, 1.0, 1.0, 0.0, 0.0, 0.0, 0.0, 0.0, 0.0, 0.0, 0.0, 0.0, 0.0, 0.0, 0.0, 0.0, 0.0, 0.0, 0.0, 0.0, 0.0, 0.0, 0.0, 0.0, 0.0, 0.0, 0.0, 0.0, 0.0, 0.0, 0.0, 0.0, 0.0, 0.0, 0.0, 0.0, 0.0, 0.0, 0.0, 0.0, 0.0, 0.0, 0.0, 0.0, 0.0, 0.0, 0.0, 0.0, 0.0, 0.0, 0.0, 0.0, 0.0, 0.0, 0.0, 0.0, 0.0, 0.0, 0.0, 0.0, 0.0, 0.0, 0.0, 0.0, 0.0, 0.0, 0.0, 0.0, 0.0, 0.0, 0.0, 0.0, 0.0, 0.0, 0.0, 0.0, 0.0, 0.0, 0.0, 0.0, 0.0, 0.0, 0.0, 0.0, 0.0, 0.0, 0.0, 0.0, 0.0, 0.0, 0.0, 0.0, 0.0, 0.0, 0.0, 0.0, 0.0, 0.0, 0.0, 0.0, 0.0, 0.0, 0.0, 0.0, 0.0, 0.0, 0.0, 0.0, 0.0, 0.0, 0.0, 0.0, 0.0, 0.0, 0.0, 0.0, 0.0, 0.0, 0.0, 0.0, 0.0, 0.0, 0.0, 0.0, 0.0, 0.0, 0.0, 0.0, 0.0, 0.0, 0.0, 0.0, 0.0, 0.0, 0.0, 0.0, 0.0, 0.0, 0.0, 0.0, 0.0, 0.0, 0.0, 0.0, 0.0, 0.0, 0.0, 0.0, 0.0, 0.0, 0.0, 0.0, 0.0, 0.0, 0.0, 0.0, 0.0, 0.0, 0.0, 0.0, 0.0, 0.0, 0.0, 0.0, 0.0, 0.0, 0.0, 0.0, 0.0, 0.0, 0.0, 0.0, 0.0, 0.0, 0.0, 0.0, 0.0, 0.0, 0.0, 0.0, 0.0, 0.0, 0.0, 0.0, 0.0, 0.0, 0.0, 0.0, 0.0, 0.0, 0.0, 0.0, 0.0, 0.0, 0.0, 0.0, 0.0, 0.0, 0.0, 0.0, 0.0, 0.0, 0.0, 0.0, 0.0, 0.0, 0.0, 0.0]",425,"['a', 'b', 'c']",'여자도 군대에 간다면?' 본격 여자도 군대가는 만화!,src/img/뷰티풀군바리.png,,,"[Timestamp('2024-04-07 00:00:00'), Timestamp('2018-04-25 00:00:00')]"
퀘스트지상주의,,"액션,드라마,한국",월,278,"[2.5, 78]","[5.0, 5.0, 5.0, 5.0, 5.0, 5.0, 5.0, 5.0, 5.0, 5.0, 5.0, 5.0, 5.0, 5.0, 5.0, 5.0, 5.0, 5.0, 5.0, 5.0, 5.0, 5.0, 5.0, 5.0, 5.0, 5.0, 5.0, 5.0, 5.0, 5.0, 5.0, 5.0, 5.0, 5.0, 5.0, 5.0, 5.0, 5.0, 5.0, 5.0, 5.0, 5.0, 5.0, 5.0, 4.9, 4.9, 4.9, 4.9, 4.9, 4.9, 4.8, 4.8, 4.8, 4.8, 4.8, 4.7, 4.7, 4.7, 4.7, 4.7, 4.7, 4.7, 4.6, 4.6, 4.6, 4.6, 4.6, 4.6, 4.6, 4.5, 4.5, 4.5, 4.5, 4.5, 4.4, 4.4, 4.4, 4.4, 4.4, 4.4, 4.4, 4.4, 4.4, 4.3, 4.3, 4.3, 4.3, 4.3, 4.3, 4.3, 4.3, 4.3, 4.3, 4.2, 4.2, 4.2, 4.1, 4.1, 4.1, 4.1, 4.1, 4.0, 4.0, 4.0, 4.0, 4.0, 4.0, 4.0, 3.9, 3.9, 3.9, 3.9, 3.9, 3.8, 3.7, 3.7, 3.7, 3.7, 3.6, 3.6, 3.6, 3.5, 3.5, 3.4, 3.3, 3.3, 3.3, 3.3, 3.3, 3.3, 3.0, 2.8, 1.6]",133,"['a', 'b', 'c']","[외모지상주의], [싸움독학], [인생존망]과 세계관을 공유하는 작품! 공부, 싸움, 외모. 뭐 하나 잘난 것 없는 평범한 고등학생 ‘김수현’의 눈앞에 갑자기 퀘스트창이 나타났다! 첫 번째 퀘스트, [엄마한테 사과하기]를 완료한 수현은 보상으로 키가 3cm 커지게 되는데! 퀘스트 엄청 쉽잖아?! 어떤 퀘스트든 완료해주마! 그런데 다음 퀘스트가? [system] 학교 일진녀와 키스하십시오",src/img/퀘스트지상주의.png,,,"[Timestamp('2024-04-07 00:00:00'), Timestamp('2021-11-09 00:00:00')]"
영업 천재가 되었다,,"판타지,드라마",월,38,"[3.5, 27]","[5.0, 5.0, 5.0, 5.0, 5.0, 5.0, 5.0, 5.0, 5.0, 5.0, 5.0, 5.0, 5.0, 5.0, 5.0, 5.0, 5.0, 5.0, 5.0, 4.0, 4.0, 3.7, 1.0, 1.0, 0.0, 0.0]",26,"['a', 'b', 'c']","나는 빚을 갚기 위해 당장 할 수 있는 일을 선택했고, 그게 내겐 영업이었다. 그리고 내게 다시 한 번의 기회가 주어졌다.",src/img/영업천재가되었다.png,,,"[Timestamp('2024-04-07 00:00:00'), Timestamp('2023-11-26 00:00:00')]"
참교육,,"액션,드라마,한국",월,353,"[4.1, 65]","[5.0, 5.0, 5.0, 5.0, 5.0, 5.0, 5.0, 5.0, 5.0, 5.0, 5.0, 5.0, 5.0, 5.0, 5.0, 5.0, 5.0, 5.0, 5.0, 5.0, 5.0, 5.0, 5.0, 5.0, 5.0, 5.0, 5.0, 5.0, 5.0, 5.0, 5.0, 5.0, 5.0, 5.0, 5.0, 5.0, 5.0, 5.0, 5.0, 5.0, 5.0, 5.0, 5.0, 5.0, 5.0, 5.0, 5.0, 5.0, 5.0, 5.0, 5.0, 5.0, 5.0, 5.0, 5.0, 5.0, 5.0, 5.0, 5.0, 5.0, 5.0, 5.0, 5.0, 5.0, 5.0, 5.0, 5.0, 5.0, 5.0, 5.0, 5.0, 5.0, 5.0, 5.0, 5.0, 5.0, 5.0, 5.0, 5.0, 5.0, 5.0, 5.0, 5.0, 5.0, 5.0, 5.0, 5.0, 5.0, 5.0, 5.0, 4.9, 4.9, 4.9, 4.9, 4.9, 4.9, 4.9, 4.9, 4.9, 4.9, 4.9, 4.9, 4.9, 4.9, 4.9, 4.9, 4.9, 4.8, 4.8, 4.8, 4.8, 4.8, 4.8, 4.7, 4.7, 4.7, 4.7, 4.7, 4.7, 4.6, 4.6, 4.6, 4.6, 4.6, 4.6, 4.6, 4.6, 4.6, 4.6, 4.6, 4.5, 4.5, 4.5, 4.4, 4.4, 4.3, 4.3, 4.2, 4.0, 3.9, 3.9, 3.0]",142,"['a', 'b', 'c']",무너진 교권을 지키기 위해 교권보호국 소속 나화진의 참교육이 시작된다! <부활남> 채용택 작가 X <신석기녀> 한가람 작가의 신작!,src/img/참교육.png,,,"[Timestamp('2024-04-07 00:00:00'), Timestamp('2020-11-20 00:00:00')]"
절대검감,,"액션,무협",월,291,"[4.0, 87]","[5.0, 5.0, 5.0, 5.0, 5.0, 5.0, 5.0, 5.0, 5.0, 5.0, 5.0, 5.0, 5.0, 5.0, 5.0, 5.0, 5.0, 5.0, 5.0, 5.0, 5.0, 5.0, 5.0, 5.0, 5.0, 5.0, 5.0, 5.0, 5.0, 5.0, 5.0, 5.0, 5.0, 5.0, 5.0, 5.0, 5.0, 5.0, 5.0, 5.0, 5.0, 5.0, 5.0, 5.0, 5.0, 5.0, 5.0, 5.0, 5.0, 5.0, 4.9, 4.9, 4.9, 4.9, 4.9, 4.9, 4.8, 4.8, 4.8, 4.8, 4.8, 4.8, 4.8, 4.8, 4.8, 4.7, 4.7, 4.6, 4.6, 4.6, 4.6, 4.6, 4.5, 4.5, 4.4, 4.1, 4.1, 4.1]",78,"['a', 'b', 'c']","단전이 부숴졌다는 이유로 집에서는 내놓은 자식 취급을 받던 소운휘는 혈교에 납치되어서도 삼류 첩자로 살아왔다. 어느 날, 전설로만 알려진 검선비록을 찾는데 이용당하다 죽은 운휘는 10년 전, 혈교에 납치되던 그 날로 돌아가게 되고 검의 목소리를 듣는 신비한 능력을 얻는다.",src/img/절대검감.png,,,"[Timestamp('2024-04-07 00:00:00'), Timestamp('2022-06-19 00:00:00')]"
마왕을 그만둔 이유,,"판타지,액션",월,65,"[2.2, 51]","[5.0, 5.0, 5.0, 5.0, 5.0, 5.0, 4.5, 4.0, 3.0, 3.0, 3.0, 3.0, 3.0, 1.6, 1.6, 0.0]",16,"['a', 'b', 'c']",혼돈의 시대. 마왕은 665세기 동안 대를 걸쳐 인간 세계를 침공했다. 그 처절한 전쟁을 막아 낸 것은 용사들. 그들의 거룩한 희생 속에서 인류는 간신히 살아남았다. 하지만 이건 새로운 마왕의 이야기.,src/img/마왕을그만둔이유.png,,,"[Timestamp('2024-04-07 00:00:00'), Timestamp('2024-01-29 00:00:00')]"
개같이 탈출,,"개그,일상",월,18,"[3.0, 24]","[5.0, 5.0, 5.0, 5.0, 5.0, 5.0, 5.0, 5.0, 5.0, 5.0, 2.3, 1.0, 0.0, 0.0, 0.0, 0.0, 0.0, 0.0, 0.0, 0.0, 0.0, 0.0, 0.0, 0.0, 0.0, 0.0, 0.0, 0.0, 0.0, 0.0, 0.0, 0.0, 0.0, 0.0, 0.0, 0.0]",36,"['a', 'b', 'c']","""살아남으라고? 나는 자그만 말티즈란 말이야!"" 세상 따뜻하고 포근한 가정집에서 살아온 삐용이. 언니 품에서 그저 귀엽기만 하면 되는 견생이었는데... 갑자기 가족들과 모든 인간이 사라져버렸다. 혼자서는 아무것도 할 줄 모르는데, 괴물 좀비 개들이 우글거리는 고립된 도시를 탈출해 언니를 만날 수 있을까?",src/img/개같이탈출.png,,,"[Timestamp('2024-04-07 00:00:00'), Timestamp('2023-09-03 00:00:00')]"
신의탑,,"판타지,액션,한국",월,372,"[2.8, 117]","[5.0, 5.0, 5.0, 5.0, 5.0, 5.0, 5.0, 5.0, 5.0, 5.0, 5.0, 5.0, 5.0, 5.0, 5.0, 5.0, 5.0, 5.0, 5.0, 5.0, 5.0, 5.0, 5.0, 5.0, 5.0, 5.0, 5.0, 5.0, 5.0, 5.0, 5.0, 5.0, 5.0, 5.0, 5.0, 5.0, 5.0, 5.0, 5.0, 5.0, 5.0, 5.0, 5.0, 5.0, 5.0, 5.0, 5.0, 5.0, 5.0, 5.0, 5.0, 5.0, 5.0, 5.0, 5.0, 5.0, 5.0, 5.0, 5.0, 5.0, 5.0, 5.0, 5.0, 5.0, 5.0, 5.0, 5.0, 5.0, 5.0, 5.0, 5.0, 5.0, 5.0, 5.0, 5.0, 5.0, 5.0, 5.0, 5.0, 5.0, 5.0, 5.0, 5.0, 5.0, 5.0, 5.0, 5.0, 5.0, 5.0, 5.0, 5.0, 5.0, 5.0, 5.0, 5.0, 5.0, 5.0, 5.0, 5.0, 5.0, 5.0, 5.0, 5.0, 5.0, 5.0, 5.0, 5.0, 5.0, 5.0, 5.0, 5.0, 5.0, 5.0, 5.0, 5.0, 5.0, 5.0, 5.0, 5.0, 5.0, 5.0, 5.0, 5.0, 5.0, 5.0, 5.0, 5.0, 5.0, 5.0, 5.0, 5.0, 5.0, 5.0, 5.0, 5.0, 5.0, 5.0, 5.0, 5.0, 5.0, 5.0, 5.0, 5.0, 5.0, 5.0, 5.0, 5.0, 5.0, 5.0, 5.0, 5.0, 5.0, 5.0, 5.0, 5.0, 5.0, 5.0, 5.0, 5.0, 5.0, 5.0, 5.0, 5.0, 5.0, 5.0, 5.0, 5.0, 5.0, 5.0, 5.0, 5.0, 5.0, 5.0, 5.0, 5.0, 5.0, 5.0, 5.0, 5.0, 5.0, 5.0, 5.0, 5.0, 5.0, 5.0, 5.0, 5.0, 5.0, 5.0, 5.0, 5.0, 5.0, 5.0, 5.0, 5.0, 5.0, 5.0, 5.0, 5.0, 5.0, 5.0, 5.0, 5.0, 5.0, 5.0, 5.0, 5.0, 5.0, 5.0, 5.0, 5.0, 5.0, 5.0, 5.0, 5.0, 5.0, 5.0, 5.0, 5.0, 5.0, 5.0, 5.0, 5.0, 5.0, 5.0, 5.0, 5.0, 5.0, 5.0, 5.0, 5.0, 5.0, 5.0, 5.0, 5.0, 5.0, 5.0, 5.0, 5.0, 5.0, 5.0, 5.0, 5.0, 5.0, 5.0, 5.0, 5.0, 5.0, 5.0, 5.0, 5.0, 5.0, 5.0, 5.0, 5.0, 5.0, 5.0, 5.0, 5.0, 5.0, 5.0, 5.0, 5.0, 5.0, 5.0, 5.0, 5.0, 5.0, 5.0, 5.0, 5.0, 5.0, 5.0, 5.0, 5.0, 5.0, 5.0, 5.0, 5.0, 5.0, 5.0, 5.0, 5.0, 5.0, 5.0, 5.0, 5.0, 5.0, 5.0, 5.0, 5.0, 5.0, 5.0, 5.0, 5.0, 5.0, 5.0, 5.0, 5.0, 5.0, 5.0, 5.0, 5.0, 5.0, 5.0, 5.0, 5.0, 5.0, 5.0, 5.0, 5.0, 5.0, 5.0, 5.0, 5.0, 5.0, 5.0, 5.0, 5.0, 5.0, 5.0, 5.0, 5.0, 5.0, 5.0, 5.0, 5.0, 5.0, 5.0, 5.0, 5.0, 5.0, 5.0, 5.0, 5.0, 5.0, 5.0, 5.0, 5.0, 5.0, 5.0, 5.0, 5.0, 5.0, 5.0, 5.0, 5.0, 5.0, 5.0, 5.0, 5.0, 5.0, 5.0, 5.0, 5.0, 5.0, 5.0, 5.0, 5.0, 5.0, 5.0, 5.0, 5.0, 5.0, 5.0, 5.0, 5.0, 5.0, 5.0, 5.0, 5.0, 5.0, 5.0, 5.0, 5.0, 5.0, 5.0, 5.0, 5.0, 5.0, 5.0, 5.0, 5.0, 5.0, 5.0, 5.0, 5.0, 5.0, 5.0, 5.0, 5.0, 5.0, 5.0, 5.0, 5.0, 5.0, 5.0, 5.0, 5.0, 5.0, 5.0, 5.0, 5.0, 5.0, 5.0, 5.0, 5.0, 5.0, 5.0, 5.0, 5.0, 5.0, 5.0, 5.0, 5.0, 5.0, 5.0, 5.0, 5.0, 5.0, 5.0, 5.0, 5.0, 5.0, 5.0, 5.0, 5.0, 5.0, 5.0, 5.0, 5.0, 5.0, 5.0, 5.0, 5.0, 5.0, 5.0, 5.0, 5.0, 5.0, 5.0, 5.0, 5.0, 5.0, 5.0, 5.0, 5.0, 5.0, 5.0, 5.0, 5.0, 5.0, 5.0, 5.0, 5.0, 5.0, 5.0, 5.0, 5.0, 5.0, 5.0, 5.0, 5.0, 5.0, 5.0, 5.0, 5.0, 5.0, 5.0, 5.0, 5.0, 5.0, 5.0, 5.0, 5.0, 5.0, 5.0, 5.0, 5.0, 5.0, 5.0, 5.0, 4.9, 4.9, 4.9, 4.8, 4.8, 4.8, 4.8, 4.8, 4.8, 4.8, 4.8, 4.7, 4.7, 4.7, 4.7, 4.6, 4.6, 4.6, 4.6, 4.6, 4.5, 4.4, 4.3, 4.3, 4.3, 4.2, 4.1, 4.0, 4.0, 4.0, 4.0, 4.0, 3.9, 3.9, 3.9, 3.8, 3.8, 3.7, 3.7, 3.7, 3.7, 3.7, 3.6, 3.6, 3.6, 3.5, 3.5, 3.4, 3.4, 3.4, 3.4, 3.4, 3.4, 3.3, 3.3, 3.3, 3.3, 3.3, 3.2, 3.2, 3.2, 3.1, 3.0, 3.0, 3.0, 3.0, 3.0, 2.9, 2.9, 2.9, 2.9, 2.9, 2.7, 2.7, 2.7, 2.7, 2.7, 2.6, 2.6, 2.6, 2.5, 2.5, 2.5, 2.5, 2.4, 2.4, 2.4, 2.4, 2.4, 2.4, 2.4, 2.4, 2.3, 2.3, 2.2, 2.2, 2.2, 2.2, 2.1, 2.1, 2.1, 2.0, 2.0, 2.0, 2.0, 2.0, 1.9, 1.9, 1.9, 1.9, 1.9, 1.9, 1.8, 1.8, 1.8, 1.8, 1.8, 1.8, 1.8, 1.8, 1.8, 1.7, 1.7, 1.7, 1.7, 1.7, 1.7, 1.7, 1.7, 1.7, 1.6, 1.5, 1.4, 1.3, 1.3, 1.3, 1.2, 1.2, 1.1, 1.0, 1.0, 1.0, 1.0, 1.0, 1.0, 1.0]",628,"['a', 'b', 'c']",자신의 모든 것이었던 소녀를 쫓아 탑에 들어온 소년 그리고 그런 소년을 시험하는 탑,src/img/신의탑.png,,,"[Timestamp('2024-04-07 00:00:00'), Timestamp('2018-04-26 00:00:00')]"
회귀한 공작가의 막내도련님은 암살자,,"판타지,액션",월,174,"[4.1, 47]","[5.0, 5.0, 5.0, 5.0, 5.0, 5.0, 5.0, 5.0, 4.8, 4.7, 4.7, 4.3, 4.2, 4.0, 3.6, 3.5, 3.3]",17,"['a', 'b', 'c']","대륙 제일의 암살자 시안 베르트 평생을 믿고 따랐던 형에게 배신당한 뒤, 비참한 최후를 맞이한다. 만약 내게 한 번 더 생이 주어진다면 그때는 다른 삶을 살 것이다. 오로지 나 하나만을 바라보면서, 내 스스로 모든 것을 이룰 수 있는 누구도 섬기지 않는 그런 삶을. 그렇게 맞이하게 된 두 번째 삶. 더 이상 남을 위해 살던 그림자 시안 베르트는 없다. 다시 쓰는 인생 나를 위한 모든 것을 이룩하리라!",src/img/회귀한공작가의막내도련님은암살자.png,,,"[Timestamp('2024-04-07 00:00:00'), Timestamp('2024-02-25 00:00:00')]"
백작가 영애가 황제의 번견을 길들이는 방법,,"판타지,로맨스",월,10,"[1.7, 13]","[4.0, 2.0, 1.0, 0.0, 0.0, 0.0, 0.0, 0.0, 0.0, 0.0, 0.0, 0.0, 0.0, 0.0, 0.0, 0.0, 0.0, 0.0, 0.0, 0.0, 0.0, 0.0, 0.0, 0.0, 0.0, 0.0, 0.0, 0.0, 0.0, 0.0, 0.0, 0.0, 0.0, 0.0, 0.0, 0.0, 0.0, 0.0, 0.0, 0.0, 0.0, 0.0, 0.0, 0.0, 0.0, 0.0, 0.0, 0.0, 0.0, 0.0]",50,"['a', 'b', 'c']",아버지로부터 정략결혼을 강요받고 있던 백작영애 에스메랄다. 스스로 운명의 반려를 찾고자 참가한 무도회에서 처음 만난 알폰스에게 연애를 제안한다. 알고 보니 그의 정체는 뒷세계의 사건들을 처리하고 있는 황제의 번견. 임무 수행에 이용하기 연애를 시작한 알폰스였지만 스스럼없이 돌진해오는 그녀에게 점차 마음이 쓰인다. 한편 일도 연애도 열심이었던 그녀는 블랙 저먼 아이리스의 음모의 한복판에 휘말리게 되는데…,src/img/백작가영애가황제의번견을길들이는방법.png,,,"[Timestamp('2024-04-07 00:00:00'), Timestamp('2022-04-11 00:00:00')]"
"공작님, 우리 목욕합시다!",,"판타지,로맨스",월,81,"[4.3, 39]","[5.0, 5.0, 5.0, 5.0, 5.0, 5.0, 5.0, 5.0, 5.0, 5.0, 5.0, 5.0, 5.0, 5.0, 5.0, 5.0, 5.0, 5.0, 5.0, 5.0, 5.0, 5.0, 5.0, 5.0, 5.0, 5.0, 5.0, 5.0, 5.0, 5.0, 5.0, 5.0, 5.0, 5.0, 5.0, 5.0, 5.0, 5.0, 5.0, 5.0, 5.0, 5.0, 4.0, 4.0, 3.7, 3.7, 3.7, 3.7, 3.7, 0.0, 0.0, 0.0]",52,"['a', 'b', 'c']","위생이 불량한 중세 로판 세계의 공녀로 빙의한 여주가 목욕과 더불어 유일하게 청결한 공작의 마음까지 쟁취하는 판타지 로코물. 녹안 원작 공작가의 사랑받는 둘째 딸 ‘나디아 골드게이트’로 빙의한 주인공. 그러나 이 곳은 실제 중세 유럽의 위생이 너무나도 현실적으로 반영되는 소설 속이다. 나디아를 둘러싼 모든 이에게서 구린내가 나는 와중에, 어딘가 수상한 과거를 가졌지만 청결한 '클로드 카르테인' 공작이 나디아 앞에 나타난다. 모두 지저분한 이 세계에서 유일하게 목욕을 즐기는 남자라니, 절대 놓칠 수 없어! “사랑해요, 공작님! 나랑 결혼해서 하루에 목욕 두 번씩 해!” 하지만 공작은 그녀의 청혼을 거절하고, 설상가상으로 주변의 모든 이가 그녀의 목욕을 방해하는데… 과연 나디아는 공작의 사랑과 목욕을 모두 쟁취할 수 있을까?",src/img/공작님우리목욕합시다.png,,,"[Timestamp('2024-04-07 00:00:00'), Timestamp('2023-05-01 00:00:00')]"
브로맨스 북클럽,,"로맨스,드라마",월,17,"[4.4, 14]","[5.0, 5.0, 5.0, 5.0, 5.0, 5.0, 5.0, 5.0, 5.0, 5.0, 5.0, 5.0, 5.0, 3.7, 3.0, 3.0, 1.0, 0.0, 0.0, 0.0, 0.0, 0.0, 0.0, 0.0, 0.0, 0.0, 0.0, 0.0, 0.0, 0.0, 0.0, 0.0, 0.0, 0.0, 0.0, 0.0, 0.0, 0.0, 0.0]",39,"['a', 'b', 'c']","잘 나가는 프로 야구 선수에 스포츠 잡지 커버를 장식할 정도의 훈훈한 외모. 이름하여 '갖고 싶은 남자', 개빈 스캇. 그래서 모든 게 쉬웠다. 단 하나, 아내의 마음을 얻는 것만 빼고. 당장 내일 이혼 당할 위기에 처한 개빈에게 운동팀 동료들이 은밀한 제안을 건넨다. ""너, 우리 북클럽에 들어와라."" 연애를 로판으로 배우려는 남자들의 좌충우돌 코믹 대활극이자 진정으로 사랑하는 법을 고민하는 이들을 위한 로맨틱한 안내서, <브로맨스 북클럽>",src/img/브로맨스북클럽.png,,,"[Timestamp('2024-04-07 00:00:00'), Timestamp('2023-10-23 00:00:00')]"
저주는 끝나지 않았다,,"판타지,로맨스",월,61,"[4.6, 25]","[5.0, 5.0, 5.0, 5.0, 5.0, 5.0, 5.0, 5.0, 5.0, 5.0, 5.0, 5.0, 5.0, 5.0, 5.0, 5.0, 5.0, 5.0, 5.0, 5.0, 5.0, 5.0, 5.0, 5.0, 5.0, 5.0, 5.0, 5.0, 5.0, 5.0, 5.0, 5.0, 5.0, 5.0, 4.7, 4.5, 4.0, 4.0, 4.0, 4.0, 0.0, 0.0, 0.0, 0.0, 0.0, 0.0, 0.0, 0.0, 0.0, 0.0, 0.0, 0.0]",52,"['a', 'b', 'c']","사랑하는 남자 헬리스를 위해, 그리고 자신을 위해 자신의 이복오빠이자 황제인 이안플리드를 죽이게 된 카네펠리아. 그 반동으로 저주에 걸리게 되어 8살로 회귀하게 된다. 돌아온 카네펠리아는 자신의 삶을 고통 속에 빠트렸던 이안플리드에게 다시 한 번 완벽한 복수를 준비하고, 더불어 이번 생에는 절대 헬리스와 엮이지 않음으로써 그에게 행복한 삶을 선사할 것을 다짐한다.",src/img/저주는끝나지않았다.png,,,"[Timestamp('2024-04-07 00:00:00'), Timestamp('2023-11-13 00:00:00')]"
나를 찾지 말아요,,"판타지,로맨스",월,13,"[3.7, 13]","[5.0, 5.0, 5.0, 5.0, 5.0, 5.0, 5.0, 5.0, 5.0, 5.0, 5.0, 5.0, 5.0, 5.0, 5.0, 5.0, 5.0, 5.0, 5.0, 5.0, 5.0, 5.0, 3.5, 3.0, 0.0]",25,"['a', 'b', 'c']","정령을 보는 민족의 마지막 후손, 원수 집안의 후계자와 사랑에 빠지다! 정령의 힘을 다루는 유렌달 민족의 마지막 후손 유페미아. 그녀는 무정한 가족을 벗어나 페레디트 공작부인의 간병인이 되고, 그곳에서 만난 보좌관 시리우스와 사랑에 빠진다. 그런데, 시리우스가 사실 공작가의 외아들 카시어스 페레디트이자, 유렌달 민족을 몰살시킨 가문의 후계자라는 사실을 알게 되는데…. 원수 집안의 아들과 사랑을 이어갈 수 없는 그녀의 선택은?",src/img/나를찾지말아요.png,,,"[Timestamp('2024-04-07 00:00:00'), Timestamp('2023-12-25 00:00:00')]"
귀여운 걸 어떡해,,"판타지,로맨스",월,66,"[2.8, 48]","[5.0, 5.0, 5.0, 5.0, 5.0, 5.0, 5.0, 5.0, 5.0, 5.0, 5.0, 5.0, 5.0, 5.0, 5.0, 5.0, 5.0, 5.0, 5.0, 5.0, 5.0, 5.0, 5.0, 5.0, 5.0, 5.0, 5.0, 5.0, 5.0, 5.0, 5.0, 5.0, 5.0, 4.8, 4.6, 4.6, 4.5, 4.4, 4.3, 4.0, 4.0, 3.7, 3.7, 3.6, 3.5, 3.3, 3.0, 1.0, 1.0, 1.0, 0.0, 0.0, 0.0, 0.0, 0.0, 0.0, 0.0]",57,"['a', 'b', 'c']","도련님의 놀이 상대라고? 남자아이로 오해받은 채 살아 온 고아 로즈니. 어느 날 고아원에 찾아온 귀족님께 덜컥 선택받았다! 끔찍했던 고아원으로 돌아가지 않기 위해, 절대 여자인 걸 들키지 않겠다고 다짐했는데…! ""...여자아이잖아?"" 하루 만에 들키고 말았다! 이젠 어떻게 되는 걸까. 두려움에 벌벌 떨며 공작가 분들 앞에 선 순간. “너무 귀여워서 안 되겠소.” 오히려 상냥하게 맞아 주신다? 귀여운 걸 어떡해! 라는 이유로 눌러앉게 된 로즈니의 공작성 생활기!",src/img/귀여운걸어떡해.png,,,"[Timestamp('2024-04-07 00:00:00'), Timestamp('2023-01-30 00:00:00')]"
더는 싫었다,,"판타지,로맨스",월,62,"[2.9, 39]","[5.0, 5.0, 5.0, 5.0, 5.0, 5.0, 5.0, 5.0, 5.0, 5.0, 5.0, 5.0, 5.0, 5.0, 5.0, 5.0, 5.0, 5.0, 5.0, 5.0, 5.0, 5.0, 5.0, 5.0, 5.0, 5.0, 5.0, 5.0, 5.0, 5.0, 5.0, 5.0, 5.0, 5.0, 4.8, 4.7, 4.7, 4.5, 4.0, 4.0, 4.0, 3.7, 3.5, 3.0, 3.0, 3.0, 3.0, 3.0, 2.5, 0.0, 0.0, 0.0, 0.0, 0.0, 0.0, 0.0, 0.0, 0.0, 0.0, 0.0, 0.0]",61,"['a', 'b', 'c']","절연을 석 달 앞둔 열일곱의 여름. 실종된 레너티 후작가의 첫째 딸, 내 ‘언니’ 라는 소녀가 돌아왔다. 저택의 모두가 그녀만을 사랑했지만, 나는 상관 없었다. 그런데… 종종 만난 자칭 하급 정령은 뜻밖의 이야기를 하지 않나, 내 ‘언니’라는 여자는 나를 보호하려 들고, 상호 거래로 계약한 공작은 손해를 자처한다. 그리고 다정한 소꿉친구와는 더 이상 단순한 친구관계가 아닐 것 같다.",src/img/더는싫었다.png,,,"[Timestamp('2024-04-07 00:00:00'), Timestamp('2023-05-25 00:00:00')]"
시한부 연애 계약 (완전판),,"로맨스,드라마",월,8,"[2.3, 3]","[5.0, 5.0, 5.0, 5.0, 5.0, 5.0, 5.0, 5.0, 4.0, 0.0, 0.0, 0.0, 0.0, 0.0, 0.0, 0.0, 0.0, 0.0, 0.0, 0.0, 0.0, 0.0, 0.0, 0.0, 0.0, 0.0, 0.0, 0.0, 0.0, 0.0, 0.0, 0.0, 0.0]",33,"['a', 'b', 'c']","폐암 4기 진단, 남은 시간은 일년이라는 시한부 선고. 일 밖에 몰랐던 소이는 버킷리스트를 작성한다. ""키 크고, 잘생기고, 매너 좋잖아. 내가 버킷리스트 같이 해 줄게."" 하늘 같은 직장 상사 도준의 계약 연애 제안에 얼레벌레 넘어간 소이는 그와 몸까지 섞게 되는데!",src/img/시한부연애계약완전판.png,,,"[Timestamp('2024-04-07 00:00:00'), Timestamp('2023-11-27 00:00:00')]"
원작에 없는 인물로 태어났습니다,,"판타지,로맨스",월,90,"[3.7, 40]","[5.0, 5.0, 5.0, 5.0, 5.0, 5.0, 5.0, 5.0, 5.0, 5.0, 5.0, 5.0, 5.0, 5.0, 5.0, 5.0, 5.0, 5.0, 5.0, 5.0, 5.0, 5.0, 5.0, 5.0, 5.0, 5.0, 5.0, 5.0, 5.0, 5.0, 5.0, 5.0, 5.0, 5.0, 5.0, 5.0, 5.0, 5.0, 5.0, 4.7, 4.5, 4.5, 4.5, 4.3, 4.0, 4.0, 4.0, 3.7, 3.5, 3.3, 3.0, 2.0, 1.5, 0.0, 0.0, 0.0, 0.0, 0.0]",58,"['a', 'b', 'c']","죽음을 맞이하고 눈을 뜨니 전생에 자신이 쓴 소설 속에 없던 인물인 여주의 언니로 다시 태어난 탈레이아. 소설 속 세상에 정붙이기 위해 노력하지만 전부 자신이 만들어낸 것에 불과하다는 생각뿐이다. ""나랑 결혼 안 해줄 거야?"" 다섯 살 꼬꼬마 시절부터 탈레이아에게 청혼을 한, 원래대로면 탈레이아의 여동생을 사랑했어야 할 아이기스는 ""틸리가 나를 사랑하게 해주세요."" 성인이 되는 생일날 신에게 소원을 빈다. 어린아이의 한철 사랑으로 치부했던 아이기스의 고백이 탈레이아에게 성큼 다가오는데... 과연 탈레이아는 자신의 여동생을 사랑하도록 만든 아이기스의 소원을 이뤄줄 수 있을까?",src/img/원작에없는인물로태어났습니다.png,,,"[Timestamp('2024-04-07 00:00:00'), Timestamp('2023-11-27 00:00:00')]"
절대역 [완전판],,"판타지,로맨스,성인",월,70,"[4.0, 14]","[5.0, 5.0, 5.0, 5.0, 5.0, 5.0, 5.0, 5.0, 5.0, 5.0, 5.0, 5.0, 5.0, 5.0, 5.0, 5.0, 2.3, 0.0, 0.0, 0.0, 0.0, 0.0, 0.0, 0.0, 0.0]",25,"['a', 'b', 'c']","권력 있는 재력가 집안의 외동딸 최주미. 모든 것을 가진 듯 보이지만 제 뜻 대로 한 일 하나 없이 인형처럼 살아온 외로운 인생. 그리고 유독 시리고 긴 겨울, 그 남자를 만났다. 자비 없고 잔인하고 냉소적인 남자. 한국 최대 조폭 조직인 우성의 거물이자 후계자, 정윤교. 아버지의 명령으로 나온 맞선 자리에서 그를 기다리며 바랐다. 차라리 그가 이 자리에 나오지 않기를. ""도망갈 시간은 충분히 준 것 같은데."" 그때 도망쳤다면, 우리가 만나지 않았다면 이런 일은 없었을까. 하지만... 늘 절제된 얼굴. 저 얼굴이 무너지는 걸 보면 짜릿할 거 같은데. ""너도 이 불장난이 해보고 싶어?"" 순간의 호기심으로 시작된 불장난. 그저 그 뿐일 줄 알았는데... 하룻밤의 대가 치고는 너무도 가혹했다. ""나 없는 동안 또 누구랑 붙어먹었어. 여기 든 게 내 애가 맞냐고 묻고 있잖아."" 그날 밤의 비밀을 알아버린 그가 주미 앞에 나타나고 두 사람은 위험하다는 것을 알면서도 서로에게 강렬하게 이끌리고 마는데... 우연으로 시작해 필연으로 엮인 두 사람의 아슬아슬하면서도 뜨겁고, 뜨거우면서도 더티한 고수위 로맨스!",src/img/절대역완전판.png,,,"[Timestamp('2024-04-07 00:00:00'), Timestamp('2024-01-01 00:00:00')]"
귀촌리,,"액션,미스터리",월,21,"[4.6, 9]","[5.0, 5.0, 5.0, 5.0, 1.0, 0.0, 0.0, 0.0, 0.0]",9,"['a', 'b', 'c']","평범한 시골 마을 '귀촌리'를 찾은 '허무명'. 그는 돌아가신 할머니의 빈 집에 조용히 숨어든다. 그런데 집이 이상하리만큼 깔끔하다. 할머니가 돌아가신 건 3년 전인데? 어쩐지 마을 사람들은 이방인 무명의 방문을 달가워 하는 것 같지 않다. 아니, 실은 경계하는 것 같다. 그리고 그 날을 기점으로 마을 사람들이 하나, 둘 씩 사라지기 시작한다.",src/img/귀촌리.png,,,"[Timestamp('2024-04-07 00:00:00'), Timestamp('2024-03-18 00:00:00')]"
환생천마,,"판타지,무협",월,72,"[4.5, 31]","[5.0, 5.0, 5.0, 5.0, 4.8, 4.8, 4.8, 4.7, 4.6, 4.0, 4.0, 3.7]",12,"['a', 'b', 'c']","철혈의 맹주, 강호의 절대자 '천하진'. 가문의 수치라 불리는 망나니 '벽리단'의 몸으로 깨어나다! 취미는 사기도박, 검은 창고에 박아둔지 오래. 하루아침에 천하제일인에서 천하의 쓰레기가 된 그는 다시 검을 잡고, 전생에서 이루지 못한 경지에 오르고자 한다.",src/img/환생천마.png,,,"[Timestamp('2024-04-07 00:00:00'), Timestamp('2024-03-17 00:00:00')]"
설산의 괴물 황녀,,"판타지,로맨스",월,40,"[4.0, 24]","[5.0, 5.0, 5.0, 5.0, 5.0, 5.0, 5.0, 5.0, 5.0, 5.0, 5.0, 5.0, 4.0, 4.0, 3.0, 0.0, 0.0, 0.0, 0.0, 0.0, 0.0, 0.0]",22,"['a', 'b', 'c']",발레리 벨로프는 어미의 죄로 얼어붙은 설산에 유배를 당한다. 그곳에서 과거 제국을 두려움에 떨게 한 괴물의 빙결 능력을 얻은 발레리는 19살 생일 스스로 죽음을 맞은 뒤 눈을 떠보니 9살의 어린 시절로 돌아온 것을 알게 된다. 과거와 달라지기 위해 발레리는 자신을 유배시킨 이복 오빠인 황제 밀러드를 만나고자 한다.,src/img/설산의괴물황녀.png,,,"[Timestamp('2024-04-07 00:00:00'), Timestamp('2024-02-25 00:00:00')]"
화산권마,,"액션,무협,한국",월,189,"[3.6, 118]","[5.0, 5.0, 5.0, 5.0, 5.0, 5.0, 5.0, 5.0, 5.0, 5.0, 5.0, 5.0, 5.0, 5.0, 5.0, 5.0, 5.0, 5.0, 5.0, 5.0, 5.0, 5.0, 5.0, 5.0, 5.0, 5.0, 5.0, 5.0, 5.0, 5.0, 5.0, 5.0, 5.0, 5.0, 5.0, 5.0, 5.0, 5.0, 5.0, 5.0, 5.0, 5.0, 5.0, 5.0, 5.0, 5.0, 5.0, 5.0, 5.0, 5.0, 5.0, 5.0, 5.0, 5.0, 5.0, 5.0, 5.0, 5.0, 5.0, 5.0, 5.0, 5.0, 5.0, 5.0, 5.0, 5.0, 5.0, 5.0, 5.0, 5.0, 5.0, 5.0, 5.0, 5.0, 5.0, 5.0, 5.0, 5.0, 4.9, 4.9, 4.9, 4.9, 4.9, 4.9, 4.9, 4.9, 4.9, 4.9, 4.9, 4.9, 4.9, 4.9, 4.9, 4.9, 4.9, 4.9, 4.9, 4.9, 4.9, 4.9, 4.9, 4.9, 4.8, 4.8, 4.8, 4.8, 4.8, 4.8, 4.8, 4.8, 4.8, 4.8, 4.8, 4.8, 4.8, 4.8, 4.8, 4.8, 4.8, 4.8, 4.8, 4.8, 4.8, 4.8, 4.8, 4.8, 4.7, 4.7, 4.7, 4.7, 4.7, 4.7, 4.7, 4.7, 4.7, 4.6, 4.6, 4.6, 4.6, 4.6, 4.6, 4.6, 4.6, 4.6, 4.6, 4.5, 4.5, 4.5, 4.5, 4.5, 4.5, 4.5, 4.5, 4.5, 4.4, 4.4, 4.4, 4.4, 4.4, 4.4, 4.4, 4.3, 4.3, 4.3, 4.2, 4.2, 4.2, 4.2, 4.2, 4.2, 4.2, 4.1, 3.8, 3.7, 3.6]",175,"['a', 'b', 'c']","자신의 마을이 습격받고 유일하게 살아남은 담호, 하지만 담호는 절름발이다. 무인으로서 최악의 조건이지만 담호는 수련을 멈추지 않는다. 주변 사람들로부터 무인이 될 수 없다고 듣지만 끝까지 포기하지 않는 담호, 과연 그는 최고의 무인이 될 수 있을 것인가?",src/img/화산권마.png,,,"[Timestamp('2024-04-07 00:00:00'), Timestamp('2021-02-15 00:00:00')]"
후작가의 역대급 막내아들,,"판타지,액션",월,435,"[2.8, 174]","[5.0, 5.0, 5.0, 5.0, 5.0, 5.0, 5.0, 5.0, 5.0, 5.0, 5.0, 5.0, 5.0, 5.0, 5.0, 5.0, 5.0, 5.0, 5.0, 5.0, 5.0, 5.0, 5.0, 5.0, 5.0, 5.0, 5.0, 5.0, 5.0, 5.0, 5.0, 5.0, 5.0, 4.9, 4.9, 4.9, 4.9, 4.9, 4.9, 4.9, 4.9, 4.9, 4.9, 4.9, 4.9, 4.8, 4.8, 4.8, 4.8, 4.8, 4.8, 4.8, 4.8, 4.8, 4.7, 4.7, 4.6, 4.5, 4.5, 4.5, 4.5, 4.5, 4.4, 4.4, 4.4, 4.4, 4.4, 4.3, 4.3, 4.3, 4.3, 4.3, 4.2, 4.1, 4.1, 4.0, 4.0, 4.0, 4.0, 3.9, 3.9, 3.9, 3.8, 3.7, 3.7, 3.7, 3.7, 3.6, 3.6, 3.6, 3.5, 3.4, 3.3, 3.3, 3.2, 3.2, 3.0, 2.9, 2.9, 2.9, 2.8, 2.8, 2.5, 2.0, 0.0]",105,"['a', 'b', 'c']","명망있는 후작가의 막내아들 잭 발란티에. 남들 보다 못한 가족들 사이에서 유일하게 의지했던 건 누나 뿐! 가문 따위야 멸문을 하든 말든 미련이 없었지만, 누나의 죽음이 헛된 희생인 걸 알게 된 후, 오로지 복수만을 위한 검귀가 되었다. 마침내 서대륙을 지배하는 돌칸 제국을 무너뜨리고, 시산혈해 위의 괴물이 되었을 땐, 다가온 죽음을 겸허히 받아 들였다. 그런데! 14살, 과거로 돌아왔다! 그래, 이건 후회뿐이던 과거를 바로 잡을 기회다. 이번 생엔 두 번 다시 내 사람들을 잃지 않겠다! 후작가의 역대급 막내아들의 통쾌한 회귀 스토리가 시작된다!!",src/img/후작가의역대급막내아들.png,,,"[Timestamp('2024-04-07 00:00:00'), Timestamp('2022-03-13 00:00:00')]"
주인공의 여동생이다,,"로맨스,드라마",월,132,"[3.1, 76]","[5.0, 5.0, 5.0, 5.0, 5.0, 5.0, 5.0, 5.0, 5.0, 5.0, 5.0, 5.0, 5.0, 5.0, 5.0, 5.0, 5.0, 5.0, 5.0, 5.0, 5.0, 5.0, 5.0, 5.0, 5.0, 5.0, 5.0, 5.0, 5.0, 5.0, 5.0, 5.0, 5.0, 5.0, 5.0, 5.0, 5.0, 5.0, 5.0, 5.0, 5.0, 5.0, 5.0, 5.0, 5.0, 5.0, 5.0, 5.0, 5.0, 5.0, 5.0, 5.0, 5.0, 5.0, 5.0, 5.0, 5.0, 5.0, 5.0, 5.0, 5.0, 5.0, 5.0, 4.7, 4.3, 4.2, 4.0, 4.0, 3.7, 3.7, 3.0, 1.0, 0.0, 0.0, 0.0, 0.0, 0.0]",77,"['a', 'b', 'c']","얼마전까지 나에겐 도저히 이룰 수 없을 것 같던 소원이 세 개 있었다. ‘실종된 큰오빠가 돌아오게 해주세요.’ ‘작은 오빠가 균열 짐꾼을 그만둘 수 있도록 각성하게 해주세요.’ ‘막내 오빠는…눈을 떠주기만 한다면…’ 더는 바랄 것 없이 행복만 가득할 거라고… 그렇게 생각했는데…! “큭… 내 안의 어둠을 숨기기 위해 10년만 놀 테니 조금만 더 고생해라, 막내야!” 큰오빠는 중2병을 얻고 돌아왔다. “형이 10년만 논다니까 나도 10년만 놀게!” 작은오빠는 각성한 채로 미래에서 회귀했다(고 주장한다). “신의 총애를 받는 고귀한 혼을 모실 기회를 주마, 멍충한 돼지야.” 막내오빠는… 생각만 해도 골치 아프니 넘어가자. “이 밥버러지 식충이들! 당장 나가서 일하지 못해!” 더는 바랄 것이 없는 소녀가장 이보배의 앞길엔 행복이 가득할 수 있을까?",src/img/주인공의여동생이다.png,,,"[Timestamp('2024-04-07 00:00:00'), Timestamp('2022-10-07 00:00:00')]"
상사의 청혼,,"로맨스,드라마",월,23,"[5.0, 3]","[5.0, 5.0, 5.0, 5.0, 5.0, 5.0, 5.0, 5.0, 5.0, 5.0, 5.0, 5.0, 5.0, 5.0, 5.0, 5.0, 5.0, 5.0, 5.0, 5.0, 5.0, 5.0, 5.0, 5.0, 5.0, 5.0, 5.0, 5.0, 5.0, 5.0, 5.0, 5.0, 5.0, 5.0, 5.0, 5.0, 5.0, 5.0, 5.0, 5.0, 5.0, 5.0, 5.0, 5.0, 5.0, 5.0, 5.0, 5.0, 4.5, 2.5, 0.0, 0.0, 0.0, 0.0, 0.0, 0.0, 0.0, 0.0]",58,"['a', 'b', 'c']",상사의 청혼,src/img/상사의청혼.png,,,"[Timestamp('2024-04-07 00:00:00'), Timestamp('2023-07-02 00:00:00')]"
달빛이 내리는 검,,"판타지,로맨스",월,2,"[1.0, 5]","[5.0, 4.0, 0.0, 0.0, 0.0, 0.0, 0.0, 0.0, 0.0, 0.0, 0.0, 0.0, 0.0, 0.0, 0.0, 0.0, 0.0, 0.0, 0.0, 0.0, 0.0, 0.0, 0.0, 0.0, 0.0, 0.0, 0.0, 0.0, 0.0, 0.0, 0.0, 0.0, 0.0, 0.0, 0.0, 0.0, 0.0, 0.0, 0.0, 0.0, 0.0, 0.0, 0.0, 0.0, 0.0]",45,"['a', 'b', 'c']","천한 무희 출신 어머니의 죽음과 함께 12살에서 성장이 멈춘 5황녀 유리. 쭉정이 황녀로 불리는 그녀는 황궁 구석에서 숨죽여 살던 중, 제국 서북부의 주인이자 살인귀로 악명이 높은 흑왕의 4번째 신부로 정해진다. 3명의 황녀를 신부로 맞이했지만 연달아 죽음을 맞이해 신부 잡아먹는 귀신이란 별칭도 가진 흑왕과의 혼인. 과연 이것은 유리 황녀에게 기회일까 아니면 또 다른 절망일까?",src/img/달빛이내리는검.png,,,"[Timestamp('2024-04-07 00:00:00'), Timestamp('2023-10-26 00:00:00')]"
이번 생은 가주가 되겠습니다,,"판타지,로맨스,한국",월,1410,"[4.5, 372]","[5.0, 5.0, 5.0, 5.0, 5.0, 5.0, 5.0, 5.0, 5.0, 5.0, 5.0, 5.0, 5.0, 5.0, 5.0, 5.0, 5.0, 5.0, 5.0, 5.0, 5.0, 5.0, 5.0, 5.0, 5.0, 5.0, 5.0, 5.0, 5.0, 5.0, 5.0, 5.0, 5.0, 5.0, 5.0, 5.0, 5.0, 5.0, 5.0, 5.0, 5.0, 5.0, 5.0, 5.0, 5.0, 5.0, 5.0, 5.0, 5.0, 5.0, 5.0, 5.0, 5.0, 5.0, 5.0, 5.0, 5.0, 5.0, 5.0, 5.0, 5.0, 5.0, 5.0, 5.0, 5.0, 5.0, 5.0, 5.0, 4.9, 4.9, 4.9, 4.9, 4.9, 4.9, 4.9, 4.9, 4.9, 4.9, 4.9, 4.9, 4.9, 4.9, 4.9, 4.9, 4.9, 4.9, 4.9, 4.9, 4.9, 4.9, 4.9, 4.9, 4.9, 4.9, 4.9, 4.9, 4.9, 4.9, 4.9, 4.9, 4.9, 4.9, 4.9, 4.9, 4.9, 4.9, 4.9, 4.9, 4.8, 4.8, 4.8, 4.8, 4.8, 4.8, 4.8, 4.8, 4.8, 4.8, 4.8, 4.8, 4.8, 4.7, 4.7, 4.7, 4.7, 4.7, 4.7, 4.7, 4.6, 4.6, 4.6, 4.6, 4.6, 4.6, 4.6, 4.6, 4.6, 4.6, 4.6, 4.5, 4.5, 4.5, 4.5, 4.3, 4.3, 4.3]",146,"['a', 'b', 'c']","“…한번 해 보자. 내가 가주가 되는 거야.” 제국에서 제일가는 가문, 롬바르디의 사생아로 환생한 피렌티아. 게다가 이 가문은 막대한 부는 물론 외교와 문화까지 통달한 말그대로 제국의 역사 자체! 금수저 오브 금수저 인생 당첨! 앞으로는 탄탄대로일 거라 생각했는데…. 아버지는 돌아가시고, 친척들은 문전박대, 거기다 그 잘나가던 가문까지 쫄딱 망해 버릴 줄이야!! 분통을 터트리며 술을 조금(?) 많이 마시며 돌아가는 길, 마차에 치여버리기까지! “이건 해도 해도 너무하잖아….” 하지만 원망도 잠시, 눈을 뜨니 일곱 살로 돌아왔다?! 사랑하는 아버지를 다시 보는 것도 믿기지 않는데, 내가 아버지와 가문을 살릴 수도 있다고? 거기다 회귀 전 가문의 원수, 2황자가 대형견마냥 졸졸 쫓아다니기까지?! 좋아, 이렇게 된 거 2황자도 가문도 다 내 거다! 환생에 회귀까지, 인생 3회차 피렌티아의 가주되기 프로젝트!",src/img/이번생은가주가되겠습니다.png,,,"[Timestamp('2024-04-07 00:00:00'), Timestamp('2021-03-01 00:00:00')]"
최애 구원 소녀,,로맨스,월,13,"[2.5, 13]","[5.0, 5.0, 5.0, 5.0, 5.0, 5.0, 5.0, 5.0, 2.0, 0.0, 0.0, 0.0, 0.0, 0.0, 0.0, 0.0, 0.0, 0.0, 0.0, 0.0, 0.0, 0.0, 0.0, 0.0, 0.0, 0.0, 0.0, 0.0, 0.0, 0.0, 0.0, 0.0, 0.0, 0.0, 0.0, 0.0, 0.0]",37,"['a', 'b', 'c']","긴 입원 생활의 위로였던 노래를 흥얼거리는 ‘이여주’에게 휴대폰 영상 속에서만 보던 아이돌 스타 ‘박재하’가 말을 건다. “내가 도와줄게. 수술비가 필요한 거지?” 그렇게 ‘여주’의 생명의 은인이자 최애가 된 ‘재하’. 그러나 5년 후, 그는 극단적인 선택으로 생을 마감하고... 충격에 빠진 ‘여주’는 그를 살려달라 별똥별을 향해 소리친다. 소원이 이루어진 걸까, 그녀는 7년 전으로 돌아가 당시 탑 아이돌이자 오디션 프로그램 <나는 최강 아이돌>의 심사위원 ‘장보란’의 몸에 빙의하는데... 오디션 참가자 중엔 연습생 '박재하'가 있다! “당신이 날 구원해 준 것처럼, 이번엔 내가 당신을 구할 거예요.”",src/img/최애구원소녀.png,,,"[Timestamp('2024-04-07 00:00:00'), Timestamp('2023-08-28 00:00:00')]"
마녀의 딸이 남주의 저주를 풀면,,"판타지,로맨스",월,24,"[2.4, 19]","[5.0, 5.0, 5.0, 5.0, 5.0, 5.0, 5.0, 5.0, 5.0, 5.0, 5.0, 5.0, 5.0, 5.0, 5.0, 4.0, 3.0, 3.0, 1.0, 0.0, 0.0, 0.0, 0.0, 0.0, 0.0, 0.0, 0.0, 0.0, 0.0, 0.0, 0.0, 0.0, 0.0, 0.0, 0.0, 0.0, 0.0, 0.0, 0.0, 0.0, 0.0, 0.0, 0.0, 0.0, 0.0, 0.0, 0.0, 0.0, 0.0, 0.0]",50,"['a', 'b', 'c']","남주에게 야수가 되는 저주를 건 마녀. 의 수양딸로 빙의해버렸다! 마녀와 함께 남주를 괴롭히다가 죽고 싶지는 않으니, 남주를 지극정성으로 보살폈는데… ""부탁이야, 나를 두고 가지 마."" ""네, 네?"" ""네가 그랬잖아. 네 말만 잘 들으면 먹여주고, 재워주고, 잡아먹어 주겠다고. 네가 나를 버린 후에도 나는 그 말만 생각하며 버텼어."" 버려요? 제가요? 누구를요? 한 마리 흑표범 같은 남주가 내게 애원을 하며 매달리기 시작했다.",src/img/마녀의딸이남주의저주를풀면.png,,,"[Timestamp('2024-04-07 00:00:00'), Timestamp('2023-09-11 00:00:00')]"
계약하시겠습니까?,,"액션,드라마",월,45,"[4.1, 18]","[5.0, 5.0, 5.0, 5.0, 5.0, 5.0, 5.0, 5.0, 5.0, 5.0, 5.0, 5.0, 5.0, 5.0, 5.0, 5.0, 5.0, 5.0, 5.0, 5.0, 5.0, 5.0, 5.0, 5.0, 5.0, 5.0, 5.0, 5.0, 4.6, 4.5, 4.3, 4.3, 4.0, 4.0, 4.0, 3.8, 3.7, 3.3, 3.0, 3.0, 2.3, 1.0, 1.0, 0.0, 0.0, 0.0, 0.0, 0.0, 0.0, 0.0]",50,"['a', 'b', 'c']","""회장님을 위한 일입니다. 문제가 됩니까?"" 이 말이 비수가 되어 돌아왔다. 그리고 그날, 난 죽었다. 그리고 난 다시 살아났다. 대한민국 최고의 부동산 투자 회사의 이사였던 윤석에서. 은둔형 외톨이이자 돼지인 김동규로. 좌절도 잠시, 복수를 발판 삼아 다시 일어났다. 기다려. 나를 죽인 대가를 톡톡히 치르게 해줄 테니까. 오늘도 난 윤석으로서 계획하고, 김동규로서 실행에 옮긴다. 복수를 위해서.",src/img/계약하시겠습니까.png,,,"[Timestamp('2024-04-07 00:00:00'), Timestamp('2023-09-16 00:00:00')]"
전직 성녀와 흑막의 비밀 연애,,"판타지,로맨스",월,19,"[2.3, 15]","[5.0, 5.0, 5.0, 5.0, 5.0, 5.0, 5.0, 5.0, 4.5, 4.0, 3.5, 3.0, 2.6, 1.0, 1.0, 1.0, 0.0, 0.0, 0.0, 0.0, 0.0, 0.0, 0.0, 0.0, 0.0, 0.0, 0.0, 0.0, 0.0, 0.0, 0.0, 0.0, 0.0, 0.0, 0.0, 0.0, 0.0, 0.0, 0.0, 0.0, 0.0, 0.0, 0.0]",43,"['a', 'b', 'c']","평범하게 살아가던 휴학생 김지연, 그녀는 친구가 보여주었던 로맨스 소설 <성녀의 꽃>에 빙의를 하게 된다. 절반밖에 읽지 못한 소설 속에 등장했던 아이올라라는 소녀. 성녀인게 분명한 여주인공과 남주인공의 로맨스 속 세계는 자신의 것은 아니다. 그래도 소설 속의 인물이 되었으니 행복할 수 있으리라 생각했다. 소설 속의 주인공이 된 것처럼 그렇게. 하지만 모두가 그녀에게 증오를 던진다. 혐오를 말한다. 여주인공을 괴롭히는 악녀이자 가짜 성녀인 아이올라라고. 그러나 아니었다. 바로, 아이올라 그녀가 진정한 성녀였다. 신의 축복으로 다시 되돌아간 처음의 시작. 그녀는 가족도, 증오하는 사람들도, 성녀의 자리도, 사랑했던 약혼자도 다 필요 없었다. 과거와는 다른 길을 걸을 것이다. ""이 세계가 나를 악녀로 만들려고 해도 상관없어. 난 반드시 살아남아 행복해질 테니까!""",src/img/전직성녀와흑막의비밀연애.png,,,"[Timestamp('2024-04-07 00:00:00'), Timestamp('2023-10-30 00:00:00')]"
레벨업 못하는 플레이어,,"판타지,액션,한국",월,687,"[3.3, 185]","[5.0, 5.0, 5.0, 5.0, 5.0, 5.0, 5.0, 5.0, 5.0, 5.0, 5.0, 5.0, 5.0, 5.0, 5.0, 5.0, 5.0, 5.0, 5.0, 5.0, 5.0, 5.0, 5.0, 5.0, 5.0, 5.0, 5.0, 5.0, 5.0, 5.0, 5.0, 5.0, 5.0, 5.0, 5.0, 5.0, 5.0, 5.0, 5.0, 5.0, 5.0, 5.0, 4.9, 4.9, 4.9, 4.9, 4.9, 4.9, 4.9, 4.9, 4.9, 4.9, 4.9, 4.9, 4.9, 4.9, 4.9, 4.9, 4.9, 4.9, 4.9, 4.9, 4.9, 4.9, 4.9, 4.9, 4.9, 4.9, 4.9, 4.8, 4.8, 4.8, 4.8, 4.8, 4.8, 4.8, 4.8, 4.8, 4.8, 4.8, 4.8, 4.8, 4.8, 4.8, 4.8, 4.8, 4.8, 4.8, 4.7, 4.7, 4.7, 4.7, 4.7, 4.7, 4.7, 4.7, 4.7, 4.7, 4.7, 4.7, 4.7, 4.7, 4.7, 4.7, 4.6, 4.6, 4.6, 4.6, 4.6, 4.6, 4.6, 4.6, 4.6, 4.6, 4.6, 4.6, 4.6, 4.5, 4.5, 4.5, 4.5, 4.5, 4.5, 4.5, 4.5, 4.5, 4.5, 4.5, 4.4, 4.4, 4.4, 4.3, 4.3, 4.3, 4.3, 4.3, 4.2, 4.1, 4.1, 4.1, 4.0, 3.6, 3.2]",143,"['a', 'b', 'c']","18세의 나이에 '플레이어'로 각성한 김기규. '탑'을 오르고 '게이트'를 닫으며 인생이 탄탄대로일 줄 알았는데... 튜토리얼을 아무리 클리어해도 레벨1. 1일 1고블린을 해도 레벨1. 5년이 지나도 레벨1. ""누가 알았겠냐고, 이런 플레이어가 있는지."" 그 누구도 몰랐다. 탑을 뒤흔들 레벨1의 역대급 반전 능력을!",src/img/레벨업못하는플레이어.png,,,"[Timestamp('2024-04-07 00:00:00'), Timestamp('2021-03-01 00:00:00')]"
뽑기로 강해진 SSS급 헌터,,"판타지,액션",월,169,"[2.9, 103]","[5.0, 5.0, 5.0, 5.0, 5.0, 5.0, 5.0, 5.0, 5.0, 5.0, 5.0, 5.0, 5.0, 5.0, 5.0, 5.0, 5.0, 5.0, 5.0, 5.0, 5.0, 5.0, 5.0, 5.0, 5.0, 5.0, 5.0, 5.0, 5.0, 5.0, 5.0, 5.0, 5.0, 5.0, 5.0, 5.0, 5.0, 5.0, 5.0, 5.0, 5.0, 5.0, 5.0, 4.9, 4.9, 4.9, 4.9, 4.9, 4.9, 4.8, 4.8, 4.8, 4.7, 4.6, 4.6, 4.5, 4.5, 4.5, 4.5, 4.4, 4.4, 4.3, 4.3, 4.2, 4.2, 4.2, 4.2, 4.2, 4.2, 4.2, 4.2, 4.1, 4.1, 4.0, 4.0, 4.0, 4.0, 3.9, 3.9, 3.8, 3.8, 3.8, 3.8, 3.7, 3.5, 3.5, 3.4, 3.2, 3.0, 3.0, 3.0, 3.0, 2.8, 0.0, 0.0, 0.0]",96,"['a', 'b', 'c']","전 재산을 쏟아부어 헌터로 각성했는데… 전투형 스킬 하나 없는 소통, 인내, 게임 탤런트뿐이라고? 헌터 사무소 영업직 인생은 이제 그만 살고 싶다고 ! 간절히 바라면 이루어지는가! 인생 최악의 날, 우주로부터 최강의 스킬을 얻었다! 클래스를 뒤집는 운빨 갓겜이 시작된다",src/img/뽑기로강해진SSS급헌터.png,,,"[Timestamp('2024-04-07 00:00:00'), Timestamp('2021-10-01 00:00:00')]"
가짜는 진짜가 되기를 바라지 않는다,,"판타지,로맨스",월,39,"[2.4, 18]","[5.0, 5.0, 5.0, 5.0, 5.0, 5.0, 5.0, 5.0, 5.0, 5.0, 5.0, 5.0, 5.0, 5.0, 5.0, 4.0, 4.0, 2.3, 1.0, 1.0, 1.0, 1.0, 1.0, 0.0, 0.0, 0.0, 0.0, 0.0, 0.0, 0.0, 0.0, 0.0, 0.0, 0.0, 0.0, 0.0, 0.0, 0.0, 0.0, 0.0, 0.0, 0.0, 0.0, 0.0, 0.0, 0.0, 0.0, 0.0, 0.0, 0.0, 0.0, 0.0, 0.0, 0.0, 0.0, 0.0, 0.0, 0.0, 0.0, 0.0, 0.0, 0.0]",62,"['a', 'b', 'c']","""내 자리는, 처음부터 없었구나…."" 가짜 공녀라 손가락질 받으면서도 가족들의 인정을 받기 위해 헌신했지만, 모두에게 배신 당한 프시케는 진짜 공녀를 살해하려 했다는 누명을 쓴 채 죽음을 맞는다. '내게 다음 생이 주어진다면, 절대로 이렇게 살지 않을 것이다.' 마지막 순간 떠올린 생각 덕이었을까. 프시케가 눈을 뜨자 진짜 공녀가 돌아오기 전 과거로 돌아가 있었다. '당신들에게 휘둘렸던 모든 시간이 후회돼.' 다시 주어진 삶, 운명의 굴레에서 벗어나 가문이 아닌 나 자신을 위한 삶을 살겠다.",src/img/가짜는진짜가되기를바라지않는다.png,,,"[Timestamp('2024-04-07 00:00:00'), Timestamp('2023-04-14 00:00:00')]"
남주가 내 후원을 좋아해!,,"판타지,로맨스",월,15,"[2.9, 15]","[5.0, 5.0, 3.0, 3.0, 2.0, 1.0, 1.0, 1.0, 1.0, 1.0, 1.0, 0.0, 0.0, 0.0, 0.0, 0.0, 0.0, 0.0, 0.0, 0.0, 0.0, 0.0, 0.0, 0.0, 0.0, 0.0, 0.0, 0.0, 0.0, 0.0, 0.0, 0.0, 0.0, 0.0, 0.0, 0.0, 0.0, 0.0, 0.0]",39,"['a', 'b', 'c']","내가 지금까지 한 잘못이라고는 시청자 수 0따리인 게임 스트리밍 방송에 열심히 후원한 죄 밖에 없었다. 그런데 겨우 그거 가지고 나한테 이런 시련을 주는 건 너무 가혹하잖아! “꾸물 거릴 시간 없어!” “아, 좀 기다려봐! 방어구 구입하잖아요!” 떨어져 버렸다. 그것도, 내가 보던 스트리밍 방송 속으로. *** 최지혁은 S급 던전 보상으로 나온 소원권을 노려보았다. 같이 들어온 헌터들을 빼돌리면서까지 얻은 아이템이었다. 아무리 이 아이템이 세계의 멸망을 막든, 제 목숨을 걸고 얻은 아이템이건 상관없었다. 죽더라도 저를 비참하게 버려버린 빌어먹을 성좌의 얼굴을 봐야겠다고 생각했다. 그런데 그 빌어먹을 성좌가 겨우 20대 초반으로 보이는 여자애일 줄 누가 알았겠는가. “채유라.” 평생 평범하고 평화롭게 살아온 그녀에게는 미안하지만 안타깝게도 그는 절대 그의 성좌를 놓아줄 생각은 없었다. “너에게 있어서 내가 제일 중요하다고 말해.” 적어도, 그가 세상의 끝을 볼 때까지는. “어서.” #성좌여주 #화신남주 #지갑전사여주 #환율깡패여주 #회귀남주 #악바리남주 #차원이동 #레이드물 #액션개그판타지표지",src/img/남주가내후원을좋아해.png,,,"[Timestamp('2024-04-07 00:00:00'), Timestamp('2023-11-29 00:00:00')]"
사랑받는 막내는 처음이라,,"판타지,로맨스",월,223,"[4.3, 66]","[5.0, 5.0, 5.0, 5.0, 5.0, 5.0, 5.0, 5.0, 5.0, 5.0, 5.0, 5.0, 5.0, 5.0, 5.0, 5.0, 5.0, 5.0, 5.0, 5.0, 5.0, 5.0, 5.0, 5.0, 5.0, 5.0, 5.0, 5.0, 5.0, 5.0, 4.7, 4.5, 4.5, 3.7, 1.0, 0.0, 0.0]",37,"['a', 'b', 'c']","세계의 멸망을 막을 유일한 희망으로서 모두에게 희생을 강요받는 삶만 99번째. 제발 이번이 끝이길 바랐는데…! ""아가씨가 태어나셨어요!"" 기어코 100번째 삶을 시작하고 말았다. 어차피 또 영웅 취급하며 희생시키겠지. 그렇게 생각했는데, ""무사히 태어나줘서 고맙구나"" ""언니가 다 구해주께!"" ""우리 막내 웃는 얼굴 나한테도 보여주면 안 될까?"" ""아기야, 나 보고 싶었어?"" 이번 생은 조금… 이상하다?",src/img/사랑받는막내는처음이라.png,,,"[Timestamp('2024-04-07 00:00:00'), Timestamp('2023-12-01 00:00:00')]"
뒤끝작렬,,"드라마,한국",월,118,"[4.0, 85]","[5.0, 5.0, 5.0, 5.0, 5.0, 5.0, 5.0, 5.0, 5.0, 5.0, 5.0, 5.0, 5.0, 5.0, 5.0, 5.0, 5.0, 5.0, 5.0, 5.0, 5.0, 5.0, 5.0, 5.0, 5.0, 5.0, 5.0, 5.0, 5.0, 5.0, 5.0, 5.0, 5.0, 5.0, 5.0, 5.0, 5.0, 5.0, 5.0, 5.0, 5.0, 5.0, 5.0, 5.0, 5.0, 5.0, 5.0, 5.0, 5.0, 5.0, 5.0, 5.0, 5.0, 5.0, 5.0, 5.0, 5.0, 5.0, 5.0, 5.0, 5.0, 5.0, 5.0, 5.0, 5.0, 5.0, 5.0, 5.0, 5.0, 5.0, 5.0, 5.0, 5.0, 5.0, 5.0, 5.0, 5.0, 5.0, 5.0, 5.0, 5.0, 5.0, 5.0, 5.0, 5.0, 5.0, 5.0, 5.0, 4.9, 4.8, 4.8, 4.8, 4.8, 4.8, 4.8, 4.8, 4.8, 4.8, 4.7, 4.7, 4.6, 4.6, 4.5, 4.4, 4.4, 4.3, 4.3, 4.3, 4.3, 4.3, 4.3, 4.2, 4.1, 4.1, 4.0, 4.0, 4.0, 4.0, 4.0, 4.0, 4.0, 3.9, 3.8, 3.8, 3.8, 3.7, 3.7, 3.7, 3.4, 3.1, 3.0, 3.0, 3.0, 3.0, 3.0, 3.0, 3.0, 2.3, 2.3, 2.3, 2.0, 2.0, 2.0, 2.0, 2.0, 1.8, 1.7, 1.6, 1.4, 1.4, 1.0, 1.0, 1.0, 1.0, 0.0, 0.0, 0.0, 0.0, 0.0, 0.0, 0.0, 0.0, 0.0, 0.0, 0.0, 0.0]",166,"['a', 'b', 'c']","""“야, 착각하지마 난 한번도 널 동생으로 생각한 적 없어 주제를 모르고” 가슴을 파고드는 비수였다 한명우 명석한 두뇌와 재벌가의 자식이었다 다만 하늘은 모든 걸 주지않았다 불치병 수준인 선천적 심장병 이를 악물고 인정받기 위해 최선 또 최선을 다했다 그러나 아버지인 회장을 비롯해 식구 그 누구도 진심으로 대하지 않았다 그러던 그가 급작스런 사고를 당했다 그리고 치명적인 부상을 당한 대학생 김철민의 몸으로 들어갔다 건강하다 아니 건강하다못해 넘친다 잘돌아가는 머리에 체력까지 이제 두 마리 토끼를 잡으러 간다 꼭 두 마리 토끼여야 했다 """,src/img/뒤끝작렬.png,,,"[Timestamp('2024-04-07 00:00:00'), Timestamp('2021-03-08 00:00:00')]"
여주와 남주의 아이들을 키우게 되었습니다,,"판타지,로맨스",월,25,"[2.4, 18]","[5.0, 5.0, 5.0, 5.0, 5.0, 5.0, 5.0, 5.0, 5.0, 5.0, 5.0, 5.0, 5.0, 5.0, 5.0, 5.0, 5.0, 5.0, 5.0, 5.0, 5.0, 5.0, 5.0, 5.0, 5.0, 5.0, 5.0, 4.7, 4.5, 4.5, 4.0, 3.0, 2.3, 1.0, 0.0, 0.0, 0.0]",37,"['a', 'b', 'c']","소중한 동생들과 사별한 '예희'는 어느 날 소설 <더 큰 행복 하나> 속 비운의 단역 '메르헨'으로 빙의한다. '메르헨'은 유산의 아픔이 가시기도 전에 남편이 한때 사랑했던 여인의 자식들을 키우게 되는 비참한 여인이다. 그런 메르헨에 빙의한 '예희'는 뜻밖에도 이 아이들이 사별한 동생들임을 단번에 알아차리게 된다. 메르헨에겐 가혹한 현실일지라도 전생의 기억을 안고 있는 '예희'는 동생들의 환생인 아이들을 아끼고 사랑하며, 아이들을 노리는 존재로부터 목숨을 다해 지키는데... 소설 <더 큰 행복 하나>에 나왔듯, 나라를 수호했던 고룡 '에스카야'는 제국에 3개의 보물을 남겨 두고 떠났다. 그 보물 중 하나를 아이들이 갖고 있을 거란 추측으로 위협을 받는 가운데 과연 '예희'는 남편과 함께 아이들을 지켜내고, 이 세계로 빙의한 비밀을 알아낼 수 있을까?",src/img/여주와남주의아이들을키우게되었습니다.png,,,"[Timestamp('2024-04-07 00:00:00'), Timestamp('2023-12-13 00:00:00')]"
데모나스,,"판타지,로맨스",월,7,"[2.6, 29]","[5.0, 5.0, 5.0, 5.0, 5.0, 5.0, 5.0, 5.0, 5.0, 2.7, 0.0, 0.0, 0.0, 0.0, 0.0, 0.0, 0.0, 0.0, 0.0, 0.0, 0.0, 0.0, 0.0, 0.0, 0.0, 0.0, 0.0, 0.0, 0.0, 0.0]",30,"['a', 'b', 'c']","전장 위를 누비는 고결한 기사, ‘알테어 체르노보그’. 황제의 명으로 전우이자 사랑했던 ‘악마의 자식’ 아인 에스타로트를 죽이기 위해 전장에 나갔고, 결국 그녀는 아인에게 살해당한다. ""아인, 미안해. 이 손이 닿는 데까지 널 지켜주고 싶었어."" 기억의 파편을 지나 저승으로 가려는 그때, 눈을 떠보니 수년 전 돌아가신 아버지가 눈앞에 나타났다?! 거짓말처럼 어린 시절로 회귀한 알테어, 그리고 생각한다. '평생을 인간에게 핍박받아온 아인을 유일하게 구원해낼 수 있는 기회.' 알테어는 아인을 지키기 위해 가문의 원수 ‘에스타로트’ 공작에게 검술 수업을 받고, 비밀 도서관 잠입 / 아버지 설득하기 / 정보상과의 계약 등등… 필사적으로 노력한다. ""아인, 나는… 당신을 만나길 기다려 왔어요. 약속할게요, 이번 생에서는 꼭 당신을 지켜내겠다고.""",src/img/데모나스.png,,,"[Timestamp('2024-04-07 00:00:00'), Timestamp('2023-12-18 00:00:00')]"
배덕한 짐승을 구원해버리면 [19세 완전판],,"판타지,로맨스",월,27,"[2.8, 12]","[5.0, 5.0, 5.0, 5.0, 5.0, 5.0, 5.0, 5.0, 5.0, 5.0, 5.0, 5.0, 5.0, 5.0, 5.0, 5.0, 5.0, 5.0, 5.0, 5.0, 5.0, 5.0, 5.0, 5.0, 5.0, 5.0, 4.0, 4.0, 3.5, 0.0, 0.0, 0.0, 0.0, 0.0, 0.0, 0.0, 0.0, 0.0, 0.0, 0.0, 0.0, 0.0, 0.0]",43,"['a', 'b', 'c']","백작가 하녀 아샤는 아픈 엄마의 약값을 벌고, 작은 동물병원을 차리는 것이 꿈이다. 평범한 일상을 보내던 어느 날, 아샤는 하녀장의 지목을 받아 심부름을 가게 된다. 그렇게 아르테 제국의 가장 어둡고, 기괴한 ‘밤의 나비’라는 거리로 가게 되는데……. “꺼져. 손대지 마.” 그곳에서 만난 너무나도 아름다운 노예 리이. “저,저……. 당신을 꼭 치료할 거예요. 고통스럽고 괴롭겠지만 조금만 참아주세요. 꼭 낫게 해드릴게요.” 아샤는 상처로 몸부림치는 리이를 치유하고, 이제 건강해진 그를 보내주려 하는데. “날 구한건 너야. 나의 구원이자 나의 주인, 나의 아샤.” 그는 아샤의 곁에 함께하기로 마음먹은 것 같았다. 묘하게 웃는 그를 보며 아샤는 깨달았다. 망했다. 이건 완전히 망했다. 분명 저 매혹적인 웃음은 이미 자신이 빠져나갈 수 없음을 예상하고 있었다. [낯가림 심하고 수줍은 많은 여주, 꼼꼼하고 일 잘하는 하녀 여주, 치유마법을 부리는 여주] [짐승처럼 자란 남주, 남자고 여자고 홀리는 마성의 색기를 부리는 남주, 여주 바라기 남주]",src/img/배덕한짐승을구원해버리면19세완전판.png,,,"[Timestamp('2024-04-07 00:00:00'), Timestamp('2024-01-05 00:00:00')]"
어린 흑막의 형수님이 되었다,,"판타지,로맨스",월,52,"[3.7, 22]","[5.0, 5.0, 5.0, 5.0, 5.0, 5.0, 5.0, 5.0, 5.0, 5.0, 5.0, 5.0, 5.0, 5.0, 5.0, 5.0, 5.0, 5.0, 4.8, 4.7, 4.3, 4.0, 4.0, 4.0, 3.6, 2.0, 0.0, 0.0, 0.0, 0.0, 0.0, 0.0, 0.0]",33,"['a', 'b', 'c']","기억상실증에 걸린 엑스트라에 빙의 후 우연히 아이를 구했는데, 얘가 흑막이었다. ……어? 흑막에게는 요정의 저주 때문에 죽는 형이 있었다. 그가 흑화 계기고. 딱한 형제들. 내가 그 요정을 만나면 죽사발 내줬을 텐데, 안타깝게도 나는 엑스트라……. “엘리아?” 잠깐, ……그 요정이 나네?",src/img/어린흑막의형수님이되었다.png,,,"[Timestamp('2024-04-07 00:00:00'), Timestamp('2024-01-13 00:00:00')]"
던전 호텔에 오신 것을 환영합니다,,"판타지,로맨스",월,33,"[3.5, 17]","[5.0, 5.0, 5.0, 5.0, 5.0, 5.0, 5.0, 5.0, 5.0, 5.0, 4.0, 3.0, 3.0, 0.0, 0.0, 0.0, 0.0, 0.0, 0.0, 0.0, 0.0, 0.0, 0.0]",23,"['a', 'b', 'c']","[클래스 : 호텔 경영자(히든)로 각성했습니다!] 맥x모x골x 커피가 포션이 되고, 하루 묵기만 하면 체력이 회복되는 수상한 호텔. 이곳의 경영자로 각성해버렸다! 손님은 모두 헌터, 호텔은 던전 한복판. 영업용 미소만 걸치면 돈이 들어오잖아?! ""어서 오세요, 영춘 호텔에 오신 것을 환영합니다!"" ※예약 문의 : 02-123-4567",src/img/던전호텔에오신것을환영합니다.png,,,"[Timestamp('2024-04-07 00:00:00'), Timestamp('2024-03-18 00:00:00')]"
만 년 만에 귀환한 플레이어,,,월,686,"[3.5, 215]","[5.0, 5.0, 5.0, 5.0, 5.0, 5.0, 5.0, 5.0, 5.0, 5.0, 5.0, 5.0, 5.0, 5.0, 5.0, 5.0, 5.0, 5.0, 5.0, 5.0, 5.0, 4.9, 4.9, 4.9, 4.9, 4.9, 4.9, 4.9, 4.9, 4.9, 4.9, 4.9, 4.9, 4.9, 4.9, 4.9, 4.9, 4.8, 4.8, 4.8, 4.8, 4.8, 4.8, 4.8, 4.8, 4.8, 4.8, 4.8, 4.8, 4.7, 4.7, 4.7, 4.7, 4.7, 4.7, 4.7, 4.7, 4.6, 4.6, 4.6, 4.5, 4.5, 4.3, 4.1, 4.1, 4.1, 3.8, 3.3, 3.3, 3.3, 3.2, 2.9, 2.8, 2.7, 2.4]",75,"['a', 'b', 'c']","어느 날, 갑작스럽게 지옥으로 떨어졌다. 가진 것은 살고 싶다는 갈망과 포식의 권능 뿐. 일천의 지옥부터 구천의 지옥까지. 수만, 수십만의 악마를 잡아먹었고. 마침내 일곱 대공까지 그 앞에 무릎을 꿇었다. ""어째서 돌아가려고 하십니까? 왕께서는 이미 지옥의 모든 것을 가지고 계시지 않습니까."" ""가지긴 뭘 다 가져."" 먹을 것도, 즐길 것도 없다! 지옥에 있는 거라고는 황량한 대지와 끔찍한 악마 뿐! ""난 돌아갈 거야."" 만 년이라는 아득한 시간 만에 그가 지구로 귀환한다. 그러나.. 지구는 자신이 그동안 알던 지구가 아니었다.",src/img/만년만에귀환한플레이어.png,,,"[Timestamp('2024-04-07 00:00:00'), Timestamp('2022-07-31 00:00:00')]"
소공녀는 파혼을 기다린다,,"판타지,로맨스",월,46,"[2.9, 10]","[5.0, 5.0, 5.0, 5.0, 5.0, 5.0, 5.0, 5.0, 5.0, 5.0, 5.0, 5.0, 5.0, 5.0, 5.0, 4.5, 3.8, 3.0, 3.0, 2.3, 1.0, 0.0, 0.0, 0.0, 0.0, 0.0, 0.0, 0.0, 0.0, 0.0, 0.0, 0.0, 0.0, 0.0, 0.0, 0.0, 0.0, 0.0, 0.0, 0.0, 0.0, 0.0, 0.0, 0.0, 0.0, 0.0, 0.0, 0.0, 0.0, 0.0, 0.0]",51,"['a', 'b', 'c']","""사비나? 얘는 뭔데 여주 보다 비중이 높아?"" 친구에게 조언해 줄 땐 몰랐다. ""차라리 남주가 얘를 직접 죽이는 건 어때? 감정을 모르는 사이코패스인 거지."" 내가 그 사이코패스에게 죽는 사비나가 될 거라곤. 죽지 않으려면 사이코패스 황자를 피해야 하는데, 피하면 피할수록 더 깊이 얽히는 듯한 건 기분 탓인가? ""사비나, 아무도 모르는 곳으로, 같이 도망쳐 버릴까?"" [도망치지 못하도록, 영원히 가둬 버릴까.] 이 사이코패스 황자가 나에게 집착하고 있다? 난 죽기 싫다고! 제발 파혼해 주세요 황자님!!",src/img/소공녀는파혼을기다린다.png,,,"[Timestamp('2024-04-07 00:00:00'), Timestamp('2023-06-02 00:00:00')]"
남편교체,,"판타지,로맨스",월,19,"[3.2, 11]","[5.0, 5.0, 5.0, 5.0, 5.0, 5.0, 5.0, 5.0, 5.0, 5.0, 5.0, 4.0, 4.0, 2.7, 0.0, 0.0, 0.0, 0.0, 0.0, 0.0, 0.0, 0.0, 0.0, 0.0, 0.0, 0.0, 0.0, 0.0, 0.0, 0.0, 0.0, 0.0, 0.0, 0.0, 0.0, 0.0, 0.0, 0.0]",38,"['a', 'b', 'c']","지옥 같은 과거를 되풀이하고 싶지 않다면, 반드시 남편을 교체해야 한다. 자신의 감정을 사랑이라 믿었지만 남편인 조제프의 학대만 받다 아이를 가진 채 죽임을 당한 ""아실리"". 남편을 저주할 새도 없이 눈을 떠보니 결혼 전으로 돌아와 있었다. 그 지옥 같은 생활을 다시 해야 한다는 위기감에 그녀는 필사적으로 자신을 구원할 남자를 찾게 되고, 곧장 약혼녀들이 의문의 죽음을 당해 저주를 받았다는 소문이 파다한 ""에스페라드 카메디치"" 공작을 찾게 된다. “저 아실리는 그란디에 공작 전하께 혼인을 청하는 바입니다.” “영애가 하신 말씀은 지금 죽기라도 바란다는 말입니까? 영애에게는 제게 닥친 불행이 장난 같습니까?” 아실리는 알고 있다. 이 남자는 미래에 왕위를 계승하여 황제가 된다는 것을! 과연, 아실리는 '남편교체'에 성공하여 전남편을 향한 복수를 완성할 수 있을까?!",src/img/남편교체.png,,,"[Timestamp('2024-04-07 00:00:00'), Timestamp('2024-01-15 00:00:00')]"
불패검선,,"무협,한국",월,323,"[2.8, 152]","[5.0, 5.0, 5.0, 5.0, 5.0, 5.0, 5.0, 5.0, 5.0, 5.0, 5.0, 5.0, 5.0, 5.0, 5.0, 5.0, 5.0, 5.0, 5.0, 5.0, 5.0, 5.0, 5.0, 5.0, 5.0, 5.0, 5.0, 5.0, 5.0, 5.0, 5.0, 5.0, 5.0, 5.0, 5.0, 5.0, 5.0, 5.0, 5.0, 5.0, 5.0, 5.0, 5.0, 5.0, 5.0, 5.0, 5.0, 5.0, 5.0, 5.0, 5.0, 5.0, 5.0, 5.0, 5.0, 5.0, 5.0, 5.0, 5.0, 5.0, 5.0, 5.0, 5.0, 5.0, 5.0, 5.0, 5.0, 5.0, 5.0, 5.0, 5.0, 5.0, 5.0, 5.0, 5.0, 5.0, 5.0, 5.0, 5.0, 5.0, 4.9, 4.9, 4.9, 4.9, 4.9, 4.9, 4.9, 4.9, 4.9, 4.9, 4.9, 4.9, 4.9, 4.9, 4.9, 4.9, 4.9, 4.9, 4.9, 4.9, 4.9, 4.9, 4.9, 4.9, 4.9, 4.9, 4.8, 4.8, 4.8, 4.8, 4.8, 4.8, 4.8, 4.8, 4.8, 4.8, 4.8, 4.8, 4.8, 4.8, 4.8, 4.7, 4.7, 4.7, 4.7, 4.7, 4.7, 4.7, 4.7, 4.7, 4.7, 4.7, 4.7, 4.7, 4.6, 4.6, 4.6, 4.6, 4.6, 4.6, 4.6, 4.6, 4.6, 4.6, 4.6, 4.6, 4.6, 4.6, 4.6, 4.6, 4.5, 4.5, 4.5, 4.5, 4.5, 4.5, 4.5, 4.4, 4.4, 4.4, 4.4, 4.4, 4.4, 4.4, 4.4, 4.4, 4.4, 4.4, 4.4, 4.3, 4.3, 4.3, 4.3, 4.3, 4.3, 4.2, 4.2, 4.2, 4.2, 4.2, 4.1, 4.1, 4.1, 4.0, 4.0, 4.0, 4.0, 4.0, 4.0, 3.9, 3.9, 3.9, 3.9, 3.8, 3.7, 3.6, 3.5, 3.4, 3.4, 3.4, 3.4, 3.4, 3.0, 3.0, 3.0, 2.8, 2.4, 2.1, 1.0]",209,"['a', 'b', 'c']",시골 객점의 아들 송우문. 어릴 적부터 몸이 약했던 그는 어느 날 노도사가 그려 주고 간 산수화를 보고 바보가 된다. 그렇게 동네에선 바보라 놀림받고 부모에겐 한심한 아들로 자라지만 스무 살이 되던 날! 각성과 함께 산수화 속 절대무공을 꽃피운다!,src/img/불패검선.png,,,"[Timestamp('2024-04-07 00:00:00'), Timestamp('2020-07-03 00:00:00')]"
아기 다람쥐가 다 잘해요,,"판타지,로맨스",월,162,"[3.1, 66]","[5.0, 5.0, 5.0, 5.0, 5.0, 5.0, 5.0, 5.0, 5.0, 5.0, 5.0, 5.0, 5.0, 5.0, 5.0, 5.0, 5.0, 5.0, 5.0, 5.0, 5.0, 5.0, 5.0, 5.0, 5.0, 5.0, 5.0, 5.0, 5.0, 5.0, 5.0, 5.0, 5.0, 5.0, 5.0, 5.0, 5.0, 5.0, 5.0, 5.0, 5.0, 5.0, 5.0, 5.0, 5.0, 5.0, 5.0, 5.0, 5.0, 5.0, 5.0, 5.0, 5.0, 5.0, 5.0, 5.0, 5.0, 5.0, 5.0, 4.8, 4.8, 4.7, 4.5, 4.5, 4.4, 4.4, 4.2, 3.9, 3.7, 3.7, 3.3, 3.2, 3.0, 1.8, 1.0, 0.0, 0.0, 0.0]",78,"['a', 'b', 'c']","사자 가문에서 태어난 유약한 다람쥐 수인 베아티. 그 탓에 수도 이모집에서 구박데기로 살다 유일한 친구이자 약혼자인 2황자에게 꿈을 이루기 위해 떠나겠다고 말한 순간, '리테르 너 이 나쁜 새끼…!' 그놈의 독니에 죽었다. 다시 눈을 떴더니 2왕자와 엮이기 전의 어린 시절. 이럴 때 필요한 건 뭐? 스피드. 바로 몸만 빼내 친부 사자공의 영지로 튀었다. 비록 환영받진 못하겠지만 그래도 앞으로 발견될 이 엄청난 비법을 가져가 준다면, 내쫓지는 않을 거…… ""어서 오십시오, 아가씨!"" ""세상에! 언제 이렇게 자라셔서…."" ""아가씨가 저 앙증맞은 두 발로 걸으신다!"" ……응? 왜 이렇게 환영하지? 저거 설마 내 동상이야?",src/img/아기다람쥐가다잘해요.png,,,"[Timestamp('2024-04-07 00:00:00'), Timestamp('2022-09-09 00:00:00')]"
철벽의 영애,,"판타지,로맨스",월,12,"[1.6, 13]","[5.0, 5.0, 5.0, 5.0, 5.0, 5.0, 5.0, 5.0, 5.0, 5.0, 5.0, 4.0, 4.0, 4.0, 1.0, 1.0, 1.0, 1.0, 1.0, 0.0, 0.0, 0.0, 0.0, 0.0, 0.0, 0.0, 0.0, 0.0, 0.0, 0.0, 0.0, 0.0, 0.0, 0.0, 0.0, 0.0, 0.0, 0.0, 0.0, 0.0, 0.0, 0.0, 0.0, 0.0, 0.0, 0.0, 0.0, 0.0, 0.0, 0.0, 0.0, 0.0, 0.0, 0.0, 0.0, 0.0, 0.0, 0.0]",58,"['a', 'b', 'c']","[사랑과 맞바꾸어 운명을 뒤집는 악녀!] 후작영애 밀리아나는 황자와 약혼하여 행복한 나날을 보내던 중, 돌연 황제를 암살했다는 오명을 쓰고 처형당하고 만다. 그러나 죽음의 순간, 어디선가 들려온 목소리에 이끌려 1000번의 인생을 경험하게 된 밀리아나. 각각의 인생에서 다양한 능력을 익히고 1001번째 인생에서 드디어 자기 자신, '밀리아나'의 삶으로 회귀한다. 첫 번째 인생에서는 일어나지 않았던 사건, 만나지 못했던 인물들, 그리고 여기저기 도사리고 있는 모략까지…. 밀리아나는 어떻게든 지난 생에서 잃은 사람들을 살리기 위해 노력한다. 그러나 '아무도 죽지 않는 세계'를 위해서는 밀리아나가 그 누구와도 이어져선 안 된다…?!",src/img/철벽의영애.png,,,"[Timestamp('2024-04-07 00:00:00'), Timestamp('2023-07-20 00:00:00')]"
샤크 와이번,,액션,월,23,"[3.2, 13]","[5.0, 5.0, 5.0, 5.0, 5.0, 5.0, 5.0, 5.0, 5.0, 5.0, 5.0, 5.0, 5.0, 5.0, 5.0, 5.0, 5.0, 5.0, 5.0, 5.0, 5.0, 5.0, 4.5, 4.0, 3.0, 2.3, 1.0, 1.0, 1.0, 1.0, 1.0, 0.0, 0.0, 0.0, 0.0, 0.0, 0.0, 0.0, 0.0, 0.0, 0.0, 0.0, 0.0, 0.0, 0.0, 0.0, 0.0, 0.0]",48,"['a', 'b', 'c']","“여수에서 돈 자랑하지 말고, 순천에서 인물 자랑하지 말고, 벌교에서 주먹 자랑하지 마라.” ……라는 오랜 격언이 있는데, 벌교에서 주먹 자랑을 대차게 해버린 놈이 있었으니, 18세 고교생 현우용. 학교 불량배들은 물론, 그들의 뒤를 봐주던 조폭들까지 모두 깨버린 우용은 특수상해로 체포돼 악명 높은 '참빛 소년교도소'에서 2년간 복역하고 출소 후 서울로 상경한다. 21세의 나이에 고등학교 2학년으로 복학하게 된 우용의 목표는 단 하나, '무사히 고등학교 졸업장을 따서 나가자'였다. 하지만, 평범한 인문계 고교일 것이라는 예상과는 달리 한양고는 온갖 학교폭력과 부당행위가 가득한 곳이었다. 우용은 처음에는 조용히 살겠다고 다짐하며 모든 것을 참고 견디려 하지만 완전히 도를 넘어버린 일진들의 행동에 마음을 바꿔 먹게 되는데... ‘샤크’ 유니버스의 확장, 그 첫 번째 프로젝트. 서울 최강 쾌남 현우용과 그 동료들의 거침없는 질주!",src/img/샤크와이번.png,,,"[Timestamp('2024-04-07 00:00:00'), Timestamp('2023-07-23 00:00:00')]"
아기 성녀님은 세상을 멸망시키고 싶어!,,"판타지,로맨스",월,78,"[3.9, 41]","[5.0, 5.0, 5.0, 5.0, 5.0, 5.0, 5.0, 5.0, 5.0, 5.0, 5.0, 5.0, 5.0, 5.0, 5.0, 5.0, 5.0, 5.0, 5.0, 5.0, 5.0, 5.0, 5.0, 5.0, 5.0, 5.0, 5.0, 5.0, 5.0, 5.0, 5.0, 5.0, 4.5, 4.0, 4.0, 3.0, 3.0, 3.0, 3.0, 1.5, 0.0, 0.0, 0.0, 0.0, 0.0, 0.0, 0.0, 0.0, 0.0, 0.0, 0.0, 0.0, 0.0, 0.0]",54,"['a', 'b', 'c']","끝나지 않는 윤회, 반복되는 불행한 죽음. 99번의 환생을 거치며 삶에 지쳐버린 대마녀 루시펠라. 그녀는 윤회를 멈추기 위해 세상을 멸망시키려 한다. 하지만… 눈을 떠보니 이 세상을 구원할 '아기 성녀'로 다시 태어나버렸다? 적이었던 사제들에게 키워지고 동료였던 제자들에게 위협받기까지! 아기 성녀님은 무사히 세상을 멸망시킬 수 있을까?",src/img/아기성녀님은세상을멸망시키고싶어.png,,,"[Timestamp('2024-04-07 00:00:00'), Timestamp('2023-07-27 00:00:00')]"
재투성이 소녀는 빛의 공녀님,,"판타지,로맨스",월,7,"[2.0, 14]","[5.0, 5.0, 3.0, 0.0, 0.0, 0.0, 0.0, 0.0, 0.0, 0.0, 0.0, 0.0, 0.0, 0.0, 0.0, 0.0, 0.0, 0.0, 0.0, 0.0, 0.0, 0.0, 0.0, 0.0, 0.0, 0.0, 0.0, 0.0, 0.0, 0.0, 0.0, 0.0, 0.0, 0.0, 0.0, 0.0, 0.0, 0.0, 0.0, 0.0, 0.0, 0.0, 0.0]",43,"['a', 'b', 'c']","잿빛 머리의 고아 '신더'는 재처럼 더럽다고 천대받으며 노예로 부려지는 고통스러운 나날을 보내고 있었다. 유일한 마음의 쉼터인 말벗은 작은 새 '심'뿐. 그런데 어느 날 밝혀진 신더가 '빛의 여신'의 후예이자 일제스타 가문의 유일한 딸이라는 소식! 그렇게 신더는 하루아침에 후작가의 영애가 된다. 지금까지의 괴로운 나날로부터 해방되어 다른 삶을 살게 된 신더는 '루미엘라(빛)'라는 진짜 이름을 얻으며 조금씩 자존감을 되찾아 간다. 처음으로 가지게 된 '가족'이라는 존재에 당황하면서도, 상냥한 오빠들 사이에서 사랑받으며 후작 영애로서의 삶이 시작된다...!",src/img/재투성이소녀는빛의공녀님.png,,,"[Timestamp('2024-04-07 00:00:00'), Timestamp('2023-10-18 00:00:00')]"
독보소요,,"무협,중국",월,41,"[3.5, 135]","[5.0, 5.0, 5.0, 5.0, 5.0, 5.0, 5.0, 5.0, 5.0, 5.0, 5.0, 5.0, 5.0, 5.0, 5.0, 5.0, 5.0, 5.0, 5.0, 5.0, 5.0, 5.0, 5.0, 5.0, 5.0, 5.0, 5.0, 5.0, 5.0, 5.0, 5.0, 5.0, 5.0, 5.0, 5.0, 5.0, 5.0, 5.0, 5.0, 5.0, 5.0, 5.0, 5.0, 5.0, 5.0, 5.0, 5.0, 5.0, 5.0, 5.0, 5.0, 5.0, 5.0, 5.0, 5.0, 5.0, 5.0, 5.0, 5.0, 5.0, 5.0, 5.0, 5.0, 5.0, 5.0, 5.0, 5.0, 5.0, 5.0, 5.0, 5.0, 5.0, 5.0, 5.0, 5.0, 5.0, 5.0, 5.0, 5.0, 5.0, 5.0, 5.0, 5.0, 5.0, 5.0, 5.0, 5.0, 5.0, 4.5, 4.0, 4.0, 4.0, 3.7, 3.3, 3.0, 3.0, 3.0, 3.0, 3.0, 3.0, 2.3, 1.0, 1.0, 1.0, 0.0, 0.0, 0.0, 0.0, 0.0, 0.0, 0.0, 0.0, 0.0, 0.0, 0.0, 0.0, 0.0, 0.0, 0.0, 0.0, 0.0, 0.0, 0.0, 0.0, 0.0, 0.0, 0.0, 0.0, 0.0, 0.0, 0.0, 0.0, 0.0, 0.0, 0.0, 0.0, 0.0, 0.0, 0.0, 0.0, 0.0, 0.0, 0.0, 0.0, 0.0, 0.0, 0.0, 0.0, 0.0, 0.0, 0.0, 0.0, 0.0, 0.0, 0.0, 0.0, 0.0, 0.0, 0.0, 0.0, 0.0, 0.0, 0.0, 0.0, 0.0, 0.0, 0.0, 0.0, 0.0, 0.0, 0.0, 0.0, 0.0, 0.0, 0.0, 0.0, 0.0, 0.0, 0.0, 0.0, 0.0, 0.0, 0.0, 0.0, 0.0, 0.0, 0.0, 0.0, 0.0, 0.0, 0.0, 0.0, 0.0, 0.0, 0.0, 0.0, 0.0, 0.0, 0.0, 0.0, 0.0, 0.0, 0.0, 0.0, 0.0, 0.0, 0.0, 0.0, 0.0, 0.0, 0.0, 0.0, 0.0, 0.0, 0.0, 0.0, 0.0, 0.0, 0.0, 0.0, 0.0, 0.0, 0.0, 0.0, 0.0, 0.0, 0.0, 0.0, 0.0, 0.0, 0.0, 0.0, 0.0, 0.0, 0.0, 0.0, 0.0, 0.0, 0.0, 0.0, 0.0, 0.0, 0.0, 0.0, 0.0, 0.0, 0.0, 0.0, 0.0, 0.0, 0.0, 0.0, 0.0, 0.0, 0.0, 0.0, 0.0, 0.0, 0.0, 0.0, 0.0, 0.0, 0.0, 0.0, 0.0, 0.0, 0.0, 0.0, 0.0, 0.0, 0.0, 0.0, 0.0, 0.0, 0.0, 0.0, 0.0, 0.0, 0.0, 0.0, 0.0, 0.0, 0.0, 0.0, 0.0, 0.0, 0.0, 0.0, 0.0, 0.0, 0.0, 0.0, 0.0, 0.0, 0.0, 0.0, 0.0, 0.0, 0.0, 0.0, 0.0, 0.0, 0.0, 0.0, 0.0, 0.0, 0.0, 0.0, 0.0, 0.0, 0.0, 0.0, 0.0, 0.0, 0.0, 0.0, 0.0, 0.0, 0.0, 0.0, 0.0, 0.0, 0.0, 0.0, 0.0, 0.0, 0.0, 0.0, 0.0, 0.0, 0.0, 0.0, 0.0, 0.0, 0.0, 0.0, 0.0, 0.0, 0.0, 0.0]",340,"['a', 'b', 'c']","하늘에서 뚝 떨어진 사내, 강지훈! 안 씨 가문의 아가씨, 안지연의 데릴사위가 되다?! 낯선 땅에 떨어지자마자 혼례를 올리게 된 지훈은 천화종의 장로에게 목숨을 위협받게 된다. 기지를 발휘해 아수라장을 빠져나갔지만 사방에 위험이 도사리고 있는 그에게 믿을 건 수련 뿐!",src/img/독보소요.png,,,"[Timestamp('2024-04-11 00:00:00'), Timestamp('2021-03-09 00:00:00')]"
흑막 약혼자가 내 꽃길을 방해한다,,"판타지,로맨스",월,42,"[3.7, 15]","[5.0, 5.0, 5.0, 5.0, 5.0, 5.0, 5.0, 5.0, 5.0, 5.0, 4.0, 4.0, 3.7, 3.5, 3.0, 2.6, 0.0, 0.0, 0.0, 0.0, 0.0, 0.0, 0.0, 0.0, 0.0, 0.0, 0.0]",27,"['a', 'b', 'c']","신탁을 잘못 해석해 탄생한 가짜 성녀. 제국을 속인 사기꾼. 가문에서도 버림받고, 진짜 성녀를 시기해 온갖 악행을 저지르다 죽는 악녀. 그게 원작에서의 내 역할이었다. 책 속에 환생했다는 것을 알게 된 후, 나는 결심했다 이 나라에서는 도저히 더럽고 치사해서 못 살겠다. 답은 망명뿐이야! 망명을 위해서는 범죄 혐의가 있어서는 안 되었기에, 나는 꽃길을 목표로 그저 착하게 살았다. 아무도 죽이지 않고, 아무도 시기하지 않고. 그런데, 뭔가 이상하다. 원작에서 나를 조롱해서, 내 손에 죽던 엑스트라들의 사고 소식이 매일같이 들려 온다. 이번엔 내가 안 그랬는데...?",src/img/흑막약혼자가내꽃길을방해한다.png,,,"[Timestamp('2024-04-10 00:00:00'), Timestamp('2024-02-16 00:00:00')]"
공녀고 나발이고 집에 간다고,,드라마,월,26,"[4.2, 15]","[5.0, 5.0, 5.0, 5.0, 5.0, 5.0, 5.0, 5.0, 5.0, 5.0, 5.0, 5.0, 4.5, 4.0, 0.0, 0.0, 0.0, 0.0, 0.0, 0.0]",20,"['a', 'b', 'c']","로또에 당첨된 걸 확인하고 회사를 때려치우려고 했는데! 판타지 세상 속 공녀의 몸으로 들어와 버렸다. 당첨금 수령 기간은 1년. 무슨 수를 써서라도 그 전까진 집에 돌아가야 한다. 17억아, 엄마 금방 갈게. 기다려!! 아니, 그런데 이 가족들이 왜 이래? “널 사랑한단다.” 저 아저씨 딸 아닌데요. “내 동생, 우리 막내. 다칠 수 있으니까 내가 들어 줄게.” 그게 나를 들어 올린다는 뜻이었어? 뭐야, 이 거대 불곰은. “한 번만 더 내 동생에게 까불었다간, 쥐도 새도 모르게 없애 주지.” 넌 얼굴도 예쁜 애가 무슨 말을 그렇게 험악하게 하니. “너는 좀 아프지 마라.” 나한테 신경 꺼. 뭔 오빠들이 이렇게 많아. 저 공녀 아니라고요! 나 좀 내버려 둬. 집에 가게!",src/img/공녀고나발이고집에간다고.png,,,"[Timestamp('2024-04-10 00:00:00'), Timestamp('2024-04-10 00:00:00')]"
웨어울프 : 향기에 이끌린 늑대들,,"판타지,로맨스,드라마",월,7,"[2.8, 4]","[5.0, 5.0, 5.0, 5.0, 4.0, 4.0, 4.0, 3.0, 3.0, 3.0, 3.0, 3.0, 0.0, 0.0, 0.0, 0.0, 0.0, 0.0, 0.0, 0.0, 0.0, 0.0, 0.0, 0.0, 0.0, 0.0, 0.0, 0.0, 0.0, 0.0, 0.0, 0.0, 0.0, 0.0, 0.0, 0.0, 0.0, 0.0, 0.0, 0.0, 0.0]",41,"['a', 'b', 'c']","남편과 사별한 후 홀로 어린 딸을 돌보는 싱글맘 올리비아. 그녀는 희귀병을 앓는 딸을 살리기 위해 제약회사 테라큐어로 향하고, 그곳의 CEO인 데미안 브라운이 지난밤 자신과 함께한 남자임을 알게 된다. ""평생 일해서라도 비용은 다 지불할게요."" ""평생 일해도 어려울 것 같은데?"" ""그럼 뭐든 줄게요. 영혼이든 몸이든 줄 수 있는 건 전부!"" 비밀을 가진 남자와 위험한 만남을 이어가는 올리비아. 그런 올리비아에게 늑대인간 데미안은 속절없이 끌리게 되는데….",src/img/웨어울프향기에이끌린늑대들.png,,,"[Timestamp('2024-04-09 00:00:00'), Timestamp('2023-10-18 00:00:00')]"
황제와 함께 타락하겠습니다,,"판타지,로맨스",월,121,"[3.7, 63]","[5.0, 5.0, 5.0, 5.0, 5.0, 5.0, 5.0, 5.0, 5.0, 5.0, 5.0, 5.0, 5.0, 5.0, 5.0, 5.0, 5.0, 5.0, 5.0, 5.0, 5.0, 5.0, 5.0, 5.0, 5.0, 5.0, 5.0, 5.0, 5.0, 5.0, 5.0, 5.0, 5.0, 5.0, 5.0, 5.0, 5.0, 5.0, 5.0, 5.0, 5.0, 5.0, 5.0, 5.0, 5.0, 5.0, 5.0, 5.0, 5.0, 5.0, 5.0, 5.0, 5.0, 5.0, 5.0, 5.0, 5.0, 5.0, 5.0, 5.0, 4.8, 4.6, 4.5, 4.5, 4.5, 4.5, 4.5, 4.4, 4.3, 4.3, 4.3, 4.0, 4.0, 4.0, 4.0, 3.7, 3.7, 3.7, 3.4, 3.0, 3.0, 3.0, 2.7, 1.0, 0.0, 0.0, 0.0, 0.0, 0.0, 0.0, 0.0, 0.0, 0.0, 0.0, 0.0]",95,"['a', 'b', 'c']","""너도 타락하는 거다. 그럼 모든 것을 이루어 주지."" 만약 그때 그의 손을 맞잡고 얌전히 정부가 되었다면, 나도 조금은 연명할 수 있었을까. 적어도 눈이 도려내지는 아픔은 몰랐겠지. ""거절하겠어. 난 조국을 배신하지 않아."" 10년이라는 시간을 회귀해 당신의 옆에 섰을 때 비로소 깨달았다. 추락할 대로 추락한 우리는 아주 많이 닮아 있었고, 그게 당신이 내게 손을 내민 이유였다는 걸.",src/img/황제와함께타락하겠습니다.png,,,"[Timestamp('2024-04-09 00:00:00'), Timestamp('2022-10-11 00:00:00')]"
나는 될 놈이다,,"판타지,액션,드라마,한국",월,210,"[2.9, 78]","[5.0, 5.0, 5.0, 5.0, 5.0, 5.0, 5.0, 5.0, 5.0, 5.0, 5.0, 5.0, 5.0, 5.0, 5.0, 5.0, 5.0, 5.0, 5.0, 5.0, 5.0, 5.0, 5.0, 5.0, 5.0, 5.0, 5.0, 5.0, 5.0, 5.0, 5.0, 5.0, 5.0, 5.0, 5.0, 5.0, 5.0, 5.0, 5.0, 5.0, 5.0, 5.0, 5.0, 5.0, 5.0, 5.0, 5.0, 5.0, 5.0, 5.0, 5.0, 5.0, 5.0, 5.0, 5.0, 5.0, 5.0, 5.0, 5.0, 5.0, 5.0, 5.0, 5.0, 5.0, 5.0, 5.0, 5.0, 5.0, 5.0, 5.0, 5.0, 5.0, 5.0, 5.0, 5.0, 5.0, 5.0, 5.0, 5.0, 5.0, 5.0, 5.0, 5.0, 5.0, 5.0, 5.0, 5.0, 5.0, 5.0, 5.0, 5.0, 5.0, 5.0, 5.0, 5.0, 5.0, 5.0, 5.0, 5.0, 5.0, 5.0, 5.0, 5.0, 5.0, 5.0, 5.0, 5.0, 5.0, 5.0, 5.0, 5.0, 5.0, 5.0, 5.0, 5.0, 5.0, 5.0, 5.0, 5.0, 5.0, 5.0, 5.0, 5.0, 5.0, 5.0, 5.0, 5.0, 5.0, 5.0, 5.0, 5.0, 5.0, 5.0, 5.0, 5.0, 5.0, 5.0, 5.0, 5.0, 5.0, 4.9, 4.9, 4.9, 4.9, 4.9, 4.9, 4.9, 4.9, 4.9, 4.9, 4.8, 4.8, 4.8, 4.8, 4.8, 4.8, 4.8, 4.8, 4.8, 4.7, 4.7, 4.7, 4.7, 4.7, 4.7, 4.6, 4.6, 4.5, 4.5, 4.5, 4.5, 4.5, 4.5, 4.5, 4.5, 4.5, 4.4, 4.4, 4.4, 4.4, 4.3, 4.3, 4.3, 4.2, 4.0, 4.0, 4.0, 4.0, 4.0, 4.0, 3.7, 3.4, 3.0, 3.0, 3.0, 3.0, 3.0, 3.0, 3.0, 3.0, 3.0, 0.0, 0.0, 0.0, 0.0, 0.0, 0.0, 0.0, 0.0]",209,"['a', 'b', 'c']","처음부터 평범하게 강한 직업은 키워봤자 재미가 없잖아? 약한 직업을 키워야 하는 재미가 있지! 타고난, 축복 받은 재능! 그러나 변태 같은 취향! 스스로 어려운 길을 고르려고 했지만 세상은 그를 가만히 두지 않았다! “뭔 전설 직업이야? 싫어, 인마! 취소! 취소!” 뭘 해도 될놈은 된다. 될놈 김태현의 게임 정복기!",src/img/나는될놈이다.png,,,"[Timestamp('2024-04-09 00:00:00'), Timestamp('2019-08-12 00:00:00')]"
토마토가 돼라!,,"로맨스,드라마",월,10,"[5.0, 3]","[5.0, 5.0, 5.0, 2.7, 0.0, 0.0, 0.0, 0.0, 0.0, 0.0, 0.0, 0.0, 0.0, 0.0, 0.0, 0.0, 0.0, 0.0, 0.0, 0.0, 0.0, 0.0, 0.0, 0.0, 0.0, 0.0, 0.0, 0.0, 0.0, 0.0, 0.0, 0.0, 0.0, 0.0, 0.0, 0.0, 0.0, 0.0, 0.0, 0.0, 0.0, 0.0, 0.0, 0.0, 0.0, 0.0, 0.0, 0.0, 0.0, 0.0, 0.0, 0.0, 0.0, 0.0, 0.0, 0.0, 0.0, 0.0, 0.0, 0.0, 0.0, 0.0]",62,"['a', 'b', 'c']",껄렁한 겉모습으로 인해 음험한 소문을 몰고 다니는 시골 토박이 전학생 신이석은 첫눈에 반한 전교 1등 수재 조해주의 앙큼한 비밀을 목격하게 되고... 그에 대한 의문은 점차 눈덩이처럼 불어나기만 한다. 겉만 번지르르 붉고 속은 흰 사과 같은 조해주에게 진성 토마토 신이석의 짝사랑 폭격이 시작된다!,src/img/토마토가돼라.png,,,"[Timestamp('2024-04-09 00:00:00'), Timestamp('2024-04-09 00:00:00')]"
마왕의 아이로 살아남는 법,,"판타지,로맨스",월,102,"[3.3, 46]","[5.0, 5.0, 5.0, 5.0, 5.0, 5.0, 5.0, 5.0, 5.0, 5.0, 5.0, 5.0, 5.0, 5.0, 5.0, 5.0, 5.0, 5.0, 5.0, 5.0, 5.0, 5.0, 5.0, 5.0, 5.0, 5.0, 5.0, 5.0, 5.0, 5.0, 5.0, 5.0, 5.0, 5.0, 4.3, 4.2, 3.7, 2.7, 1.0, 1.0, 0.0, 0.0, 0.0, 0.0, 0.0, 0.0, 0.0, 0.0, 0.0, 0.0]",50,"['a', 'b', 'c']","세상이 멸망했다. 또다시. 천 번에 가까운 회귀를 거듭하며 세계 멸망을 막아 보고자 아무리 용을 써도, 나는 결코 결말을 바꿀 수 없었다. 이제는 지친다. 회귀도 지긋지긋하다. 이번에는 몇 살로 회귀할까. 회귀 따위, 다시는 하고 싶지 않은데. “으다앙.” 잠깐! 뭐야, 이 목소리는! 뭐야, 이 단풍잎처럼 작은 손은! “누가 이런 갓난아기를 갖다 버린 거야?” 이번 생은 갓난아기로 회귀해 버렸다! 그것도 세계를 수천 번 멸망시키고 있는 장본인인, 루카스의 저택 앞에서! 갓난아기라니! 팔도, 목도 제대로 못 가누는 갓난아기라니! 아니지, 잠시 진정하고 생각해 보자. 이번 생이야말로 루카스 곁을 밀착 감시하면서 세계 멸망을 막을 수 있는 엄청난 기회일지도 모른다. 날 경계하고 긴장해라, 루카스. 이번엔 네놈이 이 세계를 멸망시키지 못하도록 할 테니까! 나는 소리를 높여 악랄하게 깔깔 웃었다. 아하하하하. 아하하하하! “까르르르.” “어머나. 우리 아기님은 웃음소리도 귀여우시네.”",src/img/마왕의아이로살아남는법.png,,,"[Timestamp('2024-04-09 00:00:00'), Timestamp('2023-01-08 00:00:00')]"
마황귀환록,,"판타지,액션,중국",월,70,"[3.1, 78]","[5.0, 5.0, 5.0, 5.0, 5.0, 5.0, 5.0, 5.0, 5.0, 5.0, 5.0, 5.0, 5.0, 5.0, 5.0, 5.0, 5.0, 5.0, 5.0, 5.0, 5.0, 5.0, 5.0, 5.0, 5.0, 5.0, 5.0, 5.0, 5.0, 5.0, 5.0, 5.0, 5.0, 5.0, 5.0, 5.0, 5.0, 5.0, 5.0, 5.0, 5.0, 5.0, 5.0, 5.0, 5.0, 5.0, 5.0, 5.0, 5.0, 5.0, 5.0, 5.0, 5.0, 5.0, 5.0, 5.0, 5.0, 5.0, 5.0, 5.0, 5.0, 5.0, 5.0, 5.0, 5.0, 5.0, 5.0, 5.0, 5.0, 5.0, 5.0, 5.0, 5.0, 5.0, 5.0, 5.0, 5.0, 5.0, 5.0, 5.0, 5.0, 5.0, 5.0, 5.0, 5.0, 5.0, 5.0, 5.0, 5.0, 5.0, 5.0, 5.0, 5.0, 5.0, 5.0, 4.8, 4.8, 4.6, 4.5, 4.5, 4.5, 4.5, 4.4, 4.4, 4.4, 4.3, 4.3, 4.3, 4.3, 4.3, 4.2, 4.2, 4.1, 4.0, 4.0, 4.0, 4.0, 4.0, 4.0, 4.0, 4.0, 4.0, 4.0, 4.0, 4.0, 4.0, 3.9, 3.8, 3.8, 3.7, 3.7, 3.7, 3.7, 3.7, 3.7, 3.7, 3.7, 3.6, 3.5, 3.5, 3.5, 3.5, 3.3, 3.3, 3.2, 3.0, 3.0, 3.0, 3.0, 3.0, 3.0, 3.0, 3.0, 3.0, 3.0, 3.0, 3.0, 3.0, 3.0, 3.0, 3.0, 2.9, 2.5, 2.5, 2.5, 2.3, 2.3, 2.3, 2.3, 2.3, 2.3, 2.0, 2.0, 2.0, 2.0, 2.0, 1.0, 1.0, 1.0, 1.0, 1.0, 1.0, 1.0, 1.0, 1.0, 1.0, 1.0, 1.0, 1.0, 1.0, 1.0, 1.0, 1.0, 1.0, 1.0, 1.0, 1.0, 1.0, 1.0, 1.0, 1.0, 1.0, 1.0, 0.0, 0.0, 0.0, 0.0, 0.0, 0.0, 0.0, 0.0, 0.0, 0.0, 0.0, 0.0, 0.0, 0.0, 0.0, 0.0, 0.0, 0.0, 0.0, 0.0, 0.0, 0.0, 0.0, 0.0, 0.0, 0.0, 0.0, 0.0, 0.0, 0.0, 0.0, 0.0, 0.0, 0.0, 0.0, 0.0, 0.0, 0.0, 0.0, 0.0, 0.0, 0.0, 0.0, 0.0, 0.0, 0.0, 0.0, 0.0, 0.0, 0.0, 0.0, 0.0, 0.0]",256,"['a', 'b', 'c']","""한 때, 구유 대제라 불리었던 적소 대왕, 고천랑 선계와 마계 그리고 저승까지 평정했던 그였지만 천계의 벌을 받아 죽을 위기에 놓이게 된다 하지만, 자신의 법보였던 적멸고옥 덕분에 살아남게 되었고 적염령에서 깨어났을 때, 그가 천계의 벌을 받음으로부터 몇 백년의 세월이 지난 뒤였다 본래의 힘을 잃고 인간이 된 그였지만 자신을 벌한 천계에 복수하기 위해 여정을 떠난다 """,src/img/마황귀환록.png,,,"[Timestamp('2024-04-09 00:00:00'), Timestamp('2021-03-08 00:00:00')]"
100만 년 만에 귀환하다,,"판타지,액션,개그,중국",월,28,"[2.5, 35]","[5.0, 5.0, 5.0, 5.0, 5.0, 5.0, 5.0, 5.0, 5.0, 5.0, 5.0, 5.0, 5.0, 5.0, 5.0, 5.0, 5.0, 5.0, 5.0, 5.0, 5.0, 5.0, 5.0, 5.0, 5.0, 5.0, 5.0, 5.0, 5.0, 5.0, 5.0, 5.0, 5.0, 5.0, 5.0, 5.0, 5.0, 5.0, 5.0, 5.0, 5.0, 5.0, 5.0, 5.0, 5.0, 5.0, 5.0, 5.0, 5.0, 5.0, 5.0, 5.0, 5.0, 5.0, 5.0, 5.0, 5.0, 5.0, 5.0, 5.0, 5.0, 5.0, 5.0, 5.0, 5.0, 5.0, 5.0, 5.0, 5.0, 5.0, 5.0, 5.0, 5.0, 5.0, 5.0, 5.0, 5.0, 5.0, 5.0, 5.0, 5.0, 5.0, 5.0, 5.0, 5.0, 5.0, 5.0, 5.0, 5.0, 5.0, 5.0, 5.0, 5.0, 5.0, 5.0, 5.0, 5.0, 5.0, 5.0, 5.0, 5.0, 5.0, 5.0, 5.0, 5.0, 5.0, 5.0, 5.0, 5.0, 5.0, 5.0, 5.0, 5.0, 5.0, 5.0, 5.0, 5.0, 5.0, 5.0, 5.0, 5.0, 5.0, 5.0, 5.0, 5.0, 5.0, 5.0, 5.0, 5.0, 5.0, 5.0, 5.0, 5.0, 5.0, 5.0, 5.0, 5.0, 5.0, 5.0, 5.0, 5.0, 5.0, 5.0, 5.0, 5.0, 5.0, 5.0, 5.0, 5.0, 5.0, 5.0, 5.0, 5.0, 5.0, 5.0, 5.0, 5.0, 5.0, 5.0, 5.0, 5.0, 5.0, 5.0, 5.0, 5.0, 5.0, 5.0, 5.0, 5.0, 5.0, 5.0, 5.0, 5.0, 5.0, 5.0, 5.0, 5.0, 5.0, 5.0, 5.0, 5.0, 5.0, 5.0, 5.0, 5.0, 5.0, 4.5, 4.3, 4.3, 4.3, 4.2, 4.0, 4.0, 4.0, 4.0, 4.0, 4.0, 3.8, 3.7, 3.7, 3.7, 3.5, 3.5, 3.5, 3.0, 3.0, 3.0, 3.0, 3.0, 2.7, 1.0, 1.0, 0.0, 0.0, 0.0, 0.0]",216,"['a', 'b', 'c']","멀고도 아득한 세월, 백만 년 대륙이 갈라지고 끝없는 전쟁이 일어나는 동안 마강진은 속박의 땅에 갇혀있었다 해방되어 세상에 나온 그는 제자들이 그의 몸을 되찾기 위해 목숨을 내걸었다는 것을 알 수 있었고, 이에 복수를 다짐한다 우선 근처 문파에 의탁해 수련하며 실력을 기르기로 하는데, 마침 근처에 자신의 제자가 세운 문파, 영계종이 있다는 사실을 알게된다 제자가 없는 세월 동안 몰락 직전까지 간 영계종 마강진은 먼저 영계종으로 들어가 그곳을 부흥시키기로 한다 그러면서 그는 갇혀 있던 세월 동안의 실마리를 차근차근 풀어나가기 시작하는데",src/img/100만년만에귀환하다.png,,,"[Timestamp('2024-04-09 00:00:00'), Timestamp('2022-07-04 00:00:00')]"
사상 최강 남주,,"판타지,액션,중국",월,25,"[2.1, 28]","[5.0, 5.0, 5.0, 5.0, 5.0, 5.0, 5.0, 5.0, 5.0, 5.0, 5.0, 5.0, 5.0, 5.0, 5.0, 5.0, 5.0, 5.0, 5.0, 5.0, 5.0, 5.0, 5.0, 5.0, 5.0, 5.0, 5.0, 5.0, 5.0, 5.0, 5.0, 5.0, 5.0, 5.0, 5.0, 5.0, 5.0, 5.0, 5.0, 5.0, 5.0, 5.0, 5.0, 5.0, 5.0, 5.0, 5.0, 5.0, 5.0, 5.0, 5.0, 5.0, 5.0, 5.0, 5.0, 5.0, 5.0, 5.0, 5.0, 5.0, 5.0, 5.0, 5.0, 5.0, 5.0, 5.0, 5.0, 5.0, 5.0, 5.0, 5.0, 5.0, 5.0, 5.0, 5.0, 5.0, 5.0, 5.0, 5.0, 5.0, 5.0, 5.0, 5.0, 5.0, 5.0, 5.0, 5.0, 5.0, 5.0, 5.0, 5.0, 5.0, 5.0, 5.0, 5.0, 5.0, 5.0, 5.0, 5.0, 5.0, 5.0, 5.0, 5.0, 5.0, 5.0, 5.0, 5.0, 5.0, 5.0, 5.0, 5.0, 5.0, 5.0, 5.0, 5.0, 5.0, 5.0, 5.0, 5.0, 5.0, 5.0, 5.0, 5.0, 5.0, 5.0, 5.0, 4.5, 4.5, 4.0, 4.0, 4.0, 3.3, 3.0, 3.0, 3.0, 3.0, 3.0, 3.0, 3.0, 3.0, 3.0, 3.0, 3.0, 2.5, 1.0, 1.0, 1.0, 0.0, 0.0, 0.0, 0.0, 0.0, 0.0, 0.0, 0.0, 0.0, 0.0, 0.0, 0.0, 0.0, 0.0, 0.0, 0.0, 0.0, 0.0, 0.0, 0.0, 0.0, 0.0, 0.0, 0.0, 0.0, 0.0, 0.0, 0.0, 0.0, 0.0, 0.0, 0.0, 0.0, 0.0, 0.0, 0.0, 0.0, 0.0, 0.0, 0.0, 0.0, 0.0, 0.0, 0.0, 0.0, 0.0, 0.0, 0.0, 0.0, 0.0, 0.0, 0.0, 0.0, 0.0, 0.0, 0.0, 0.0, 0.0, 0.0, 0.0, 0.0, 0.0, 0.0, 0.0, 0.0, 0.0, 0.0, 0.0, 0.0, 0.0, 0.0, 0.0, 0.0, 0.0, 0.0, 0.0, 0.0, 0.0, 0.0, 0.0, 0.0, 0.0, 0.0, 0.0]",231,"['a', 'b', 'c']","이세계 무협 세계관에 빙의한 주인공, 조강유. 그는 빙의하자마자 99번의 납치, 32번의 죽을 고비를 넘긴다. 갖은 위기 속에서 겨우 목숨을 부지한 그는 우연히 '소요문(逍謠門)'에 들어가게 되고… ""그런데, 알고보니 내가 이세계 최강자!?"" 라는 설정처럼 엄청난 자질을 갖고 있다는 걸 깨닫게 되는데…!",src/img/사상최강남주.png,,,"[Timestamp('2024-04-09 00:00:00'), Timestamp('2022-03-12 00:00:00')]"
환생불사,,"액션,개그,무협,중국",월,20,"[1.5, 15]","[5.0, 5.0, 5.0, 5.0, 5.0, 5.0, 5.0, 5.0, 5.0, 5.0, 5.0, 5.0, 5.0, 5.0, 5.0, 5.0, 5.0, 5.0, 5.0, 5.0, 5.0, 5.0, 5.0, 5.0, 5.0, 5.0, 5.0, 5.0, 3.5, 3.0, 3.0, 2.0, 2.0, 2.0, 2.0, 2.0, 1.7, 1.0, 1.0, 1.0, 0.0, 0.0, 0.0, 0.0, 0.0, 0.0, 0.0, 0.0, 0.0, 0.0, 0.0, 0.0, 0.0, 0.0, 0.0, 0.0, 0.0, 0.0, 0.0, 0.0, 0.0, 0.0, 0.0, 0.0, 0.0, 0.0, 0.0, 0.0, 0.0, 0.0, 0.0, 0.0, 0.0, 0.0, 0.0, 0.0, 0.0, 0.0, 0.0, 0.0, 0.0, 0.0, 0.0, 0.0, 0.0, 0.0, 0.0, 0.0, 0.0, 0.0, 0.0, 0.0, 0.0, 0.0, 0.0, 0.0, 0.0, 0.0, 0.0, 0.0, 0.0, 0.0, 0.0, 0.0, 0.0, 0.0, 0.0, 0.0, 0.0, 0.0, 0.0, 0.0, 0.0, 0.0, 0.0, 0.0, 0.0, 0.0, 0.0, 0.0, 0.0, 0.0, 0.0, 0.0, 0.0, 0.0, 0.0, 0.0, 0.0, 0.0, 0.0, 0.0, 0.0, 0.0, 0.0, 0.0, 0.0, 0.0, 0.0, 0.0, 0.0, 0.0, 0.0, 0.0, 0.0, 0.0, 0.0, 0.0, 0.0, 0.0, 0.0, 0.0]",152,"['a', 'b', 'c']","과로사로 죽어버린 줄만 알았는데 눈을 떠보니 웬 무협 세계가!? 이대로 새 인생을 사는가 싶었더니 자칭 '잉여승천 시스템'이 나타나 열심히 살지 말고 잉여롭게 살다 죽어야만 다음 생에 최강이 될 수 있단다. 단, 고의적인 사망은 제외. 안 돼! 최강이 되어 삼천 후궁들을 맞이하려 했더니만! 잠깐, 그렇다는 건... 피치 못하게 죽으면 돼! 좋아. 그럼 어디 한번 열심히 죽어보자!",src/img/환생불사.png,,,"[Timestamp('2024-04-09 00:00:00'), Timestamp('2023-01-17 00:00:00')]"
묵향 다크레이디,,"판타지,무협,한국",월,621,"[3.5, 181]","[5.0, 5.0, 5.0, 5.0, 5.0, 5.0, 5.0, 5.0, 5.0, 5.0, 5.0, 5.0, 5.0, 5.0, 5.0, 5.0, 5.0, 5.0, 5.0, 5.0, 5.0, 5.0, 5.0, 5.0, 5.0, 5.0, 5.0, 5.0, 5.0, 5.0, 5.0, 5.0, 5.0, 5.0, 5.0, 5.0, 5.0, 5.0, 5.0, 5.0, 5.0, 5.0, 5.0, 5.0, 5.0, 5.0, 5.0, 5.0, 5.0, 5.0, 5.0, 5.0, 5.0, 5.0, 5.0, 5.0, 5.0, 5.0, 5.0, 5.0, 5.0, 5.0, 5.0, 5.0, 5.0, 5.0, 5.0, 5.0, 5.0, 5.0, 5.0, 5.0, 5.0, 5.0, 5.0, 5.0, 4.9, 4.9, 4.9, 4.9, 4.9, 4.9, 4.9, 4.9, 4.9, 4.9, 4.9, 4.9, 4.9, 4.9, 4.9, 4.9, 4.9, 4.9, 4.9, 4.9, 4.9, 4.9, 4.9, 4.9, 4.9, 4.9, 4.9, 4.9, 4.9, 4.9, 4.9, 4.9, 4.9, 4.9, 4.9, 4.9, 4.9, 4.9, 4.9, 4.8, 4.8, 4.8, 4.8, 4.8, 4.8, 4.8, 4.8, 4.8, 4.8, 4.8, 4.8, 4.8, 4.8, 4.8, 4.8, 4.8, 4.8, 4.8, 4.8, 4.8, 4.8, 4.8, 4.8, 4.7, 4.7, 4.7, 4.7, 4.7, 4.7, 4.7, 4.7, 4.7, 4.7, 4.7, 4.7, 4.7, 4.7, 4.7, 4.7, 4.7, 4.7, 4.7, 4.7, 4.7, 4.7, 4.7, 4.7, 4.7, 4.7, 4.6, 4.6, 4.6, 4.6, 4.6, 4.6, 4.6, 4.6, 4.6, 4.6, 4.6, 4.5, 4.5, 4.5, 4.5, 4.5, 4.5, 4.5, 4.5, 4.5, 4.5, 4.5, 4.5, 4.4, 4.4, 4.4, 4.4, 4.3, 4.3, 4.3, 4.3, 4.3, 4.2, 4.2, 4.2, 4.2, 4.1, 4.1, 4.1, 4.1, 4.0, 4.0, 4.0, 4.0, 3.9, 3.9, 3.7, 3.7, 3.6, 3.5]",215,"['a', 'b', 'c']",무협소설과 판타지문학을 접목시킨 기념비적인 장르소설인 [묵향]이 드디어 웹툰화!!  탈마의 경지에 오른 '묵향'을 죽일 수 없었던 장인걸과 혈교의 합작 부대는 결국 술법을 부려 그를 판타지 세계로 보내 버리고 만다. 그렇게 옷도 검도 잃고 맨몸으로 낯선 곳에 떨어지게 된 묵향의 이야기가 웹툰 [묵향 다크레이디]의 시작이다.,src/img/묵향다크레이디.png,,,"[Timestamp('2024-04-09 00:00:00'), Timestamp('2019-07-08 00:00:00')]"
좀비묵시록 82-08,,액션,월,58,"[3.4, 34]","[5.0, 5.0, 5.0, 5.0, 5.0, 5.0, 5.0, 5.0, 5.0, 5.0, 5.0, 5.0, 5.0, 5.0, 5.0, 5.0, 5.0, 5.0, 5.0, 5.0, 5.0, 5.0, 5.0, 5.0, 5.0, 5.0, 5.0, 4.3, 4.0, 4.0, 3.8, 3.8, 3.7, 3.7, 3.0, 3.0, 3.0, 2.0, 1.0, 0.0, 0.0, 0.0, 0.0, 0.0, 0.0]",45,"['a', 'b', 'c']",탕-! 의문의 선박 속 '그것'으로부터 시작된 괴이한 전염병은 서울을 죽음의 도시로 만들어버린다.,src/img/좀비묵시록8208.png,,,"[Timestamp('2024-04-07 00:00:00'), Timestamp('2023-09-03 00:00:00')]"
"계모인데, 죽음을 피하는 게 너무 쉽다",,"판타지,로맨스",월,42,"[2.9, 26]","[5.0, 5.0, 5.0, 5.0, 5.0, 5.0, 5.0, 5.0, 5.0, 5.0, 5.0, 5.0, 5.0, 4.8, 4.0, 3.8, 3.0, 3.0, 1.5, 1.0, 1.0, 0.0, 0.0, 0.0, 0.0, 0.0, 0.0, 0.0]",28,"['a', 'b', 'c']","빵을 굽던 오븐이 폭발하며 자신을 찾아온 가정폭력범 아버지와 함께 죽음을 맞이한 나는 읽고 있던 소설 속에서 눈을 떴다. ""죄... 죄송합니다. 어...머니. 아, 프지 않아요."" 어린 시절 남주 '히르아'를 학대하지만 결국 훗날 황제가 되어 돌아온 히르아의 손에 사형당하고 마는 악역 계모 '르엘라'의 몸에! 히르아가 계모의 품을 떠나 행복하게 지낼 수 있도록 원작에서 그의 대부가 되어줬던 '라시아스 위페르' 공작을 만나 계약결혼은 제안하는데... “계약 결혼 말고 진짜 결혼은 안 됩니까?” “어, 어머니랑 같이 자도 돼요?” 1년 후 둘만 남기고 떠나겠다는 계획과는 다르게 어쩐지 공작과 히르아가 나에게 집착하기 시작하는데...!",src/img/계모인데죽음을피하는게너무쉽다.png,,,"[Timestamp('2024-04-08 00:00:00'), Timestamp('2024-01-23 00:00:00')]"
겨울성의 아기 죄수님,,"판타지,로맨스",월,113,"[4.4, 37]","[5.0, 5.0, 5.0, 5.0, 5.0, 5.0, 5.0, 5.0, 5.0, 5.0, 5.0, 5.0, 5.0, 5.0, 5.0, 5.0, 5.0, 5.0, 5.0, 5.0, 5.0, 5.0, 5.0, 5.0, 5.0, 4.9, 4.7, 4.5, 4.3]",29,"['a', 'b', 'c']","나라는 패망하고, 왕족들이 모두 처형되던 날 밤. 당연히 자신도 죽을 것이라 생각했던 클라리스는 뜻밖의 말을 듣게 된다. ""열여덟이 되지 않은 자를 사형에 처할 수는 없다. 대신 네가 열여덟이 되는 날, 나는 너를 죽일 것이다."" 그렇게 클라리스에게 주어진 십 년이라는 시간. 클라리스는 '죄수'의 신분으로서 북부로 향한다. 그리고 딱 한 가지를 대공에게 부탁하는데……. ""저, 이 친구를 데려가도 괜찮을까요? 제 유일한 친구예요."" 클라리스가 내민 것은 다름아닌 돌멩이인데? 새로이 시작된 북부에서의 삶! 그런데 이 '죄수'로서의 생활이 자꾸만 좋아진다……?",src/img/겨울성의아기죄수님.png,,,"[Timestamp('2024-04-08 00:00:00'), Timestamp('2024-02-04 00:00:00')]"
불멸의 투귀,,"판타지,액션",월,43,"[3.5, 35]","[5.0, 5.0, 5.0, 5.0, 5.0, 5.0, 5.0, 5.0, 5.0, 5.0, 5.0, 5.0, 5.0, 5.0, 5.0, 5.0, 5.0, 5.0, 5.0, 5.0, 5.0, 5.0, 5.0, 5.0, 5.0, 5.0, 5.0, 5.0, 5.0, 5.0, 5.0, 5.0, 5.0, 5.0, 5.0, 5.0, 5.0, 5.0, 5.0, 5.0, 5.0, 5.0, 5.0, 5.0, 5.0, 5.0, 5.0, 5.0, 5.0, 5.0, 5.0, 5.0, 5.0, 5.0, 5.0, 5.0, 5.0, 5.0, 5.0, 5.0, 5.0, 5.0, 5.0, 5.0, 5.0, 5.0, 5.0, 5.0, 5.0, 5.0, 5.0, 5.0, 5.0, 4.9, 4.8, 4.8, 4.6, 4.6, 0.0, 0.0, 0.0, 0.0, 0.0, 0.0, 0.0, 0.0, 0.0, 0.0, 0.0, 0.0, 0.0, 0.0, 0.0, 0.0, 0.0, 0.0, 0.0, 0.0, 0.0, 0.0, 0.0, 0.0, 0.0, 0.0, 0.0]",105,"['a', 'b', 'c']","차가운 한랭지옥의 아귀가 이승으로 넘어와 사람들을 잡아먹는 시대. 하늘의 최고신 제석천과 그 아래의 사천왕이 지옥의 아귀로부터 세상을 지킨다. 한데 그 최고신 제석천이 주인공 “나수아”의 동생을 자신이 아꼈던 이의 환생자라며 데려가려는데 나수아가 옷깃을 잡으며 이를 막아서자 그것에 불쾌함을 느낀 제석천은 나수아의 팔을 잘라버린다. 나수아의 하늘에 대한 원한이 한랭지옥의 반대편인 뜨거운 초열지옥에 닿았고, 나수아는 초열아귀의 팔을 갖게 되는데... 사람도 아귀도 아니게 된 나수아. 동생을 되찾기 위해 지옥과 싸우는 하늘에게 맞서려 한다.",src/img/불멸의투귀.png,,,"[Timestamp('2024-04-08 00:00:00'), Timestamp('2022-04-14 00:00:00')]"
악녀는 두 번 산다,,"판타지,로맨스,한국",월,531,"[4.3, 142]","[5.0, 5.0, 5.0, 5.0, 5.0, 5.0, 5.0, 5.0, 5.0, 5.0, 5.0, 5.0, 5.0, 5.0, 5.0, 5.0, 5.0, 5.0, 5.0, 5.0, 5.0, 5.0, 5.0, 5.0, 5.0, 5.0, 5.0, 5.0, 5.0, 5.0, 5.0, 5.0, 5.0, 5.0, 5.0, 5.0, 5.0, 5.0, 5.0, 5.0, 5.0, 5.0, 5.0, 5.0, 5.0, 5.0, 5.0, 5.0, 5.0, 5.0, 5.0, 5.0, 5.0, 5.0, 5.0, 5.0, 5.0, 5.0, 5.0, 5.0, 5.0, 5.0, 5.0, 5.0, 5.0, 5.0, 5.0, 5.0, 5.0, 5.0, 5.0, 5.0, 5.0, 5.0, 5.0, 5.0, 5.0, 5.0, 5.0, 5.0, 5.0, 5.0, 5.0, 5.0, 5.0, 5.0, 5.0, 5.0, 5.0, 5.0, 5.0, 5.0, 5.0, 5.0, 5.0, 5.0, 5.0, 5.0, 5.0, 5.0, 5.0, 5.0, 5.0, 5.0, 5.0, 5.0, 5.0, 5.0, 5.0, 5.0, 5.0, 5.0, 5.0, 5.0, 5.0, 5.0, 5.0, 5.0, 5.0, 5.0, 5.0, 5.0, 5.0, 5.0, 5.0, 5.0, 5.0, 5.0, 5.0, 5.0, 5.0, 5.0, 5.0, 5.0, 5.0, 5.0, 5.0, 5.0, 5.0, 5.0, 5.0, 5.0, 5.0, 5.0, 5.0, 5.0, 5.0, 5.0, 5.0, 5.0, 5.0, 5.0, 5.0, 4.9, 4.9, 4.9, 4.9, 4.9, 4.8, 4.8, 4.8, 4.8, 4.8, 4.8, 4.8, 4.8, 4.8, 4.8, 4.8, 4.7, 4.7, 4.6, 4.6, 4.5, 4.5, 4.5, 4.5, 4.4, 4.4, 4.4, 4.4, 4.4, 4.3, 4.3, 4.0, 4.0, 4.0, 4.0, 3.8, 3.7, 3.6, 3.5, 3.4]",193,"['a', 'b', 'c']","모략의 천재, 황제를 만들다! ""오빠가 잘되어야 너도 잘되는 거야."" 온갖 악행을 저질러 오빠를 황제로 만들었다. 하지만 아르티제아의 헌신은 배신으로 돌아왔다. 죽음의 문턱에서 그녀에게 구원의 손을 내민 것은, 정의로운 숙적 세드릭 대공뿐이었다. “계책을 내라.” “…….” “이 상황을 뒤집을 수 있는 인물을 나는 그대 외에는 떠올리지 못하겠어. 로산 후작.” “…….” “나에게는 그대의 힘이 필요하다.” 이미 기울어진 세력 판도를 뒤집고 도탄에 빠진 제국을 구할 계책은 없다. 그러나 방법은 있다. 모든 것이 잘못되기 이전으로 시간을 돌리는 것. 피의 눈물과 함께 그녀는 자신의 몸을 바쳐 고대마법으로 시간을 돌린다. 이번에는, 실패하지 않으리라. 죽지 않고 18세로 회귀한 아르티제아는 세드릭 대공을 위한 악녀가 될 것을 결심한다. “저에게 청혼해 주십시오. 당신을 황제로 만들어 드리겠습니다.” 악마에게 무릎을 꿇은 대가로, 당신은 당신 대신 손을 더럽힐 악마를 얻을 것입니다.",src/img/악녀는두번산다.png,,,"[Timestamp('2024-04-08 00:00:00'), Timestamp('2020-06-03 00:00:00')]"
내가 왜 킬러?!,,"개그,드라마",월,4,"[2.5, 4]","[1.0, 0.0, 0.0, 0.0, 0.0, 0.0, 0.0, 0.0, 0.0, 0.0, 0.0, 0.0, 0.0, 0.0, 0.0, 0.0]",16,"['a', 'b', 'c']","뜻하지 않게 언더커버 요원이 된 '조', 본래 목표였던 사무직으로 옮겨가기 위해선 이번 임무를 완수해야 한다. 바로 범죄조직 산하의 극악무도한 킬러 집단 '들개들' 잠입수사! 무시무시한 킬러들에게서 정보를 빼내기 위해 같은 킬러로 위장하고 숨어들었지만 어째선지 조의 킬러로서의 명망이 점점 높아지는데.. 우당탕탕 코믹 잠입수사기!",src/img/내가왜킬러.png,,,"[Timestamp('2024-04-08 00:00:00'), Timestamp('2023-12-31 00:00:00')]"
수상한 다이어트 클럽,,드라마,월,2,"[5.0, 1]","[5.0, 0.0, 0.0, 0.0, 0.0, 0.0, 0.0]",7,"['a', 'b', 'c']","모태 통통 ‘고양순’은 부모님의 등쌀에 못이겨 박박사 다이어트 클럽에 입소한다. 어딘가 수상해 보이는 박박사지만, 그녀의 이력 만큼은 누구보다 확실하다. 성공률 100%를 자랑하는 이곳의 퇴소 조건은 단 하나, ‘목표 체중을 다 감량해야만 하는 것!' 과연 100kg가 넘는 양순 역시 다이어트에 성공, 웃으며 이곳을 나설 수 있을까?!",src/img/수상한다이어트클럽.png,,,"[Timestamp('2024-04-08 00:00:00'), Timestamp('2024-03-31 00:00:00')]"
신은 주사위 놀이를 하는가?,,"판타지,액션",월,80,"[3.6, 52]","[5.0, 5.0, 5.0, 5.0, 5.0, 5.0, 5.0, 5.0, 5.0, 5.0, 5.0, 5.0, 5.0, 5.0, 5.0, 5.0, 4.8, 4.5, 4.4, 4.3, 4.2, 4.1, 4.0, 4.0, 3.7, 3.3, 3.0, 1.5, 1.0, 1.0, 1.0, 0.0, 0.0, 0.0, 0.0, 0.0, 0.0]",37,"['a', 'b', 'c']","어느날 갑자기 신들의 게임에 소환된 도시 최율은 첫지급 보상으로 모든 게임의 공략을 보여주는 '독식의 제물 크라시나 서'를 습득한다. 그러나, 아이템의 능력은 공략을 공유한 모든 이들의 보상을 독식하는 것! 양날 검의 아이템을 얻은 최율은 이 게임에서 끝까지 살아남을 수 있을 것인가!",src/img/신은주사위놀이를하는가.png,,,"[Timestamp('2024-04-08 00:00:00'), Timestamp('2023-10-22 00:00:00')]"
프로페서,,드라마,월,3,"[4.0, 5]","[5.0, 5.0, 5.0, 4.0, 4.0, 0.0, 0.0, 0.0]",8,"['a', 'b', 'c']","천덕꾸러기, 낙제생, 3류대 출신 타이틀을 가지고 있는 대학원생 박민우. 그런 민우는 어느 날 보존 서고에서 의문의 상자를 발견하게 된다. 상자 속에 든 건 독일어가 적힌 의문의 종이와 안경, 그리고 만년필. 민우는 누군가 두고 간 분실물이라 생각하고, 분실물을 맡아 주기로 한다. 그리고 그날 밤, 민우의 꿈에 한 남자가 나타나는데…",src/img/프로페서.png,,,"[Timestamp('2024-04-08 00:00:00'), Timestamp('2024-03-25 00:00:00')]"
달이 뜨지 않는 도시,,미스터리,월,1,"[5.0, 2]","[5.0, 5.0, 0.0, 0.0, 0.0]",5,"['a', 'b', 'c']","불행한 삶을 사는 여고생 하정의 유일한 낙은 인플루언서 ‘달달룬’의 일상을 훔쳐보는 것이다. 하정은 그녀에게 집착 수준의 애정을 갖고 집안 월패드까지 해킹해서 아주 사적인 삶조차 샅샅이 훔쳐본다. 평소와 같이 달달룬의 방을 훔쳐보던 어느날. 하정은 달달룬의 죽음을 목격하게 되고, 다음날 죽은 그녀의 몸에 빙의된 자신을 발견하게 되는데…. 2023 지상최대공모전 1기 우수상 수상작.",src/img/달이뜨지않는도시.png,,,"[Timestamp('2024-04-08 00:00:00'), Timestamp('2024-04-07 00:00:00')]"
칼가는 소녀,,"드라마,한국",월,37,"[4.0, 22]","[5.0, 5.0, 5.0, 5.0, 5.0, 5.0, 5.0, 5.0, 5.0, 5.0, 5.0, 5.0, 5.0, 5.0, 5.0, 5.0, 5.0, 5.0, 5.0, 5.0, 5.0, 5.0, 5.0, 5.0, 5.0, 5.0, 5.0, 5.0, 5.0, 5.0, 5.0, 5.0, 5.0, 5.0, 5.0, 5.0, 5.0, 5.0, 5.0, 5.0, 4.5, 4.3, 4.0, 4.0, 3.0, 3.0, 3.0, 1.0, 1.0, 0.0, 0.0, 0.0, 0.0, 0.0, 0.0, 0.0, 0.0, 0.0, 0.0, 0.0, 0.0, 0.0, 0.0, 0.0, 0.0, 0.0, 0.0, 0.0, 0.0, 0.0, 0.0, 0.0, 0.0, 0.0, 0.0, 0.0, 0.0, 0.0, 0.0, 0.0, 0.0, 0.0, 0.0, 0.0, 0.0, 0.0, 0.0, 0.0, 0.0, 0.0, 0.0, 0.0, 0.0, 0.0, 0.0, 0.0, 0.0, 0.0, 0.0, 0.0, 0.0, 0.0, 0.0, 0.0, 0.0, 0.0, 0.0, 0.0, 0.0, 0.0, 0.0, 0.0, 0.0, 0.0, 0.0, 0.0, 0.0, 0.0, 0.0, 0.0, 0.0, 0.0, 0.0, 0.0, 0.0, 0.0, 0.0, 0.0, 0.0, 0.0, 0.0, 0.0, 0.0, 0.0, 0.0, 0.0, 0.0, 0.0, 0.0, 0.0, 0.0, 0.0, 0.0, 0.0, 0.0, 0.0, 0.0, 0.0, 0.0, 0.0, 0.0, 0.0, 0.0, 0.0, 0.0, 0.0, 0.0, 0.0, 0.0, 0.0, 0.0, 0.0, 0.0, 0.0, 0.0, 0.0, 0.0, 0.0, 0.0, 0.0, 0.0, 0.0, 0.0, 0.0, 0.0, 0.0, 0.0, 0.0, 0.0, 0.0, 0.0, 0.0, 0.0, 0.0, 0.0, 0.0, 0.0, 0.0, 0.0, 0.0, 0.0]",191,"['a', 'b', 'c']",치사율 100%의 인싸 희귀병 소녀 '사랑' 누구보다 차분하고 두려움 없는 같은 반 소녀 '은조' 두 소녀가 가슴 속 칼을 품고 세상을 향한 복수를 꿈꾼다,src/img/칼가는소녀.png,,,"[Timestamp('2024-04-08 00:00:00'), Timestamp('2019-07-21 00:00:00')]"
북부 공작님을 유혹하겠습니다,,"판타지,로맨스,드라마",월,233,"[3.7, 105]","[5.0, 5.0, 5.0, 5.0, 5.0, 5.0, 5.0, 5.0, 5.0, 5.0, 5.0, 5.0, 5.0, 5.0, 5.0, 5.0, 5.0, 5.0, 5.0, 5.0, 5.0, 5.0, 5.0, 5.0, 5.0, 5.0, 5.0, 5.0, 5.0, 5.0, 5.0, 5.0, 5.0, 5.0, 5.0, 5.0, 5.0, 5.0, 5.0, 5.0, 5.0, 5.0, 5.0, 5.0, 5.0, 5.0, 4.9, 4.7, 4.6, 4.5, 4.5, 4.5, 4.0, 3.5, 3.0, 3.0, 1.0, 0.0, 0.0, 0.0, 0.0, 0.0, 0.0, 0.0, 0.0, 0.0, 0.0, 0.0, 0.0, 0.0, 0.0, 0.0, 0.0, 0.0, 0.0, 0.0, 0.0, 0.0]",78,"['a', 'b', 'c']","“내 애인인 척 사교계에 들어가.” 전 세계에서 주목하는 톱스타, 셀리나는 촬영 중 갑작스러운 사고로 북부 공작의 땅에 차원 이동한다. 마수에게서 목숨을 구해준 북부 공작, 칼시온은 셀리나에게 자신의 애인인 척 사교계에 들어가 정보를 입수하라는 계약을 제시하는데..",src/img/북부공작님을유혹하겠습니다.png,,,"[Timestamp('2024-04-08 00:00:00'), Timestamp('2022-05-08 00:00:00')]"
헬크래프트,,"판타지,액션",월,39,"[3.0, 35]","[5.0, 5.0, 5.0, 5.0, 5.0, 5.0, 5.0, 5.0, 5.0, 5.0, 5.0, 5.0, 5.0, 5.0, 5.0, 5.0, 5.0, 5.0, 5.0, 5.0, 5.0, 5.0, 5.0, 5.0, 5.0, 5.0, 5.0, 4.7, 4.5, 4.3, 4.2, 4.0, 4.0, 4.0, 3.7, 3.7, 3.0, 3.0, 3.0, 2.5, 1.9, 1.0, 1.0, 0.0, 0.0, 0.0, 0.0, 0.0, 0.0, 0.0, 0.0, 0.0, 0.0, 0.0, 0.0, 0.0, 0.0, 0.0, 0.0, 0.0, 0.0, 0.0, 0.0, 0.0, 0.0]",65,"['a', 'b', 'c']","세상에 배신당해 방구석으로 도망친 고등학생 염승기. 새로운 지옥의 주인으로 지목된 대악마 바함무르크. 바함무르크는 자신의 지옥 제작자로서 염승기를 선택하고, 지옥 제작의 대가로 염승기에게 수감자를 고를 권리를 준다. 복수를 위해 악마와 손을 잡은 염승기, 그렇게 윈윈의 관계로 끝날 줄 알았는데... 갑자기 시작된 데스게임- 살아남기 위해선 지옥에 보내라!",src/img/헬크래프트.png,,,"[Timestamp('2024-04-08 00:00:00'), Timestamp('2022-09-18 00:00:00')]"
인섹터,,"판타지,액션",월,52,"[4.1, 37]","[5.0, 5.0, 5.0, 5.0, 5.0, 5.0, 5.0, 5.0, 5.0, 5.0, 5.0, 5.0, 5.0, 5.0, 5.0, 5.0, 5.0, 5.0, 5.0, 5.0, 5.0, 5.0, 5.0, 5.0, 5.0, 4.7, 4.5, 4.0, 3.5, 3.0, 3.0, 1.0, 0.0, 0.0, 0.0, 0.0, 0.0, 0.0, 0.0, 0.0, 0.0, 0.0, 0.0, 0.0, 0.0, 0.0, 0.0, 0.0, 0.0, 0.0, 0.0, 0.0, 0.0, 0.0, 0.0, 0.0, 0.0, 0.0, 0.0, 0.0, 0.0, 0.0, 0.0, 0.0, 0.0, 0.0, 0.0, 0.0, 0.0]",69,"['a', 'b', 'c']","어느 날 학교에서 담임교사가 <공벌레 인섹터 내라해치>가 되어 반 아이들을 무차별적으로 살해한 사건이 벌어진다. 그때 나타난 검은 개미, 그는 반 아이들을 구하게 되고 이 사건을 시작으로 언론과 SNS로 퍼져 인섹터의 존재는 더 이상 도시 괴담 수준의 이야기가 아니게 된다. 결국, 정부는 비밀리에 임무를 수행하던 인섹터 퇴치반 버그리퍼를 내세우고 생존자의 증언에 따라 검은 개미를 뒤쫓게 되는데, 검은 개미의 정체는 몸속에 개미 집이 지어진 채 살아가는 평범한 학생 가미성. 그저 몸속 개미들에게 먹히지 않기 위해 인섹터의 대항마로 변신하여 내키지 않는 싸움을 한다.",src/img/인섹터.png,,,"[Timestamp('2024-04-08 00:00:00'), Timestamp('2022-10-31 00:00:00')]"
시한부의 아이까지 뺏으려 합니다,,"판타지,로맨스",월,44,"[2.5, 25]","[5.0, 5.0, 5.0, 5.0, 5.0, 4.5, 4.0, 4.0, 2.0, 2.0, 2.0, 1.3, 1.0, 1.0, 0.0, 0.0, 0.0, 0.0, 0.0, 0.0, 0.0, 0.0, 0.0, 0.0, 0.0, 0.0, 0.0, 0.0, 0.0, 0.0, 0.0, 0.0, 0.0, 0.0, 0.0, 0.0, 0.0, 0.0, 0.0, 0.0]",40,"['a', 'b', 'c']","“아이에게 시한부 어머니를 남겨줄 생각이에요?” 부모님의 유품인 마법 거울이 보여준 미래는 참담했다. 아이를 낳고 나는 시한부가 되고, 남편의 정부가 아이를 두고 떠나라고 종용하는 미래. 아직 우린 결혼조차 하지 않았으니 불행한 미래도 피할 수 있을 거야.",src/img/시한부의아이까지뺏으려합니다.png,,,"[Timestamp('2024-04-08 00:00:00'), Timestamp('2023-08-27 00:00:00')]"
제국 제일의 상속녀가 되었습니다,,"판타지,로맨스",월,34,"[2.8, 18]","[5.0, 5.0, 5.0, 5.0, 5.0, 5.0, 5.0, 4.0, 4.0, 4.0, 3.0, 0.0, 0.0, 0.0, 0.0, 0.0, 0.0, 0.0, 0.0, 0.0, 0.0, 0.0, 0.0, 0.0, 0.0, 0.0, 0.0, 0.0, 0.0, 0.0, 0.0, 0.0, 0.0, 0.0, 0.0, 0.0, 0.0, 0.0]",38,"['a', 'b', 'c']","사람들이 기피하는 백색병에 걸려 힘겹게 살던 '에스텔'. 어느 날 주인공 '세리아'의 등장으로 전생을 떠올려 자신이 소설 속 엑스트라에게 빙의된 것임을 깨닫는다. 어렸을 적 하녀의 아이와 바뀌었단 이유로 집에서 쫓겨난 에스텔은 발루아가 형제들의 도움으로 목숨을 건지게 되고, 본래라면 세리아와 이어지는 남주인공 '클로드'와 엮이기 시작하는데...",src/img/제국제일의상속녀가되었습니다.png,,,"[Timestamp('2024-04-08 00:00:00'), Timestamp('2023-09-03 00:00:00')]"
공녀님의 꽃밭에는 그들이 산다,,"판타지,로맨스",월,40,"[3.2, 29]","[5.0, 5.0, 5.0, 5.0, 5.0, 5.0, 5.0, 5.0, 5.0, 5.0, 5.0, 5.0, 5.0, 5.0, 5.0, 5.0, 4.5, 4.5, 4.0, 2.0, 1.0, 1.0, 1.0, 0.0, 0.0, 0.0]",26,"['a', 'b', 'c']","가족의 사랑을 받고 싶어 새로 얻게 된 삶에 사랑을 바랬다. 그런데 웬걸?! 정령왕의 인장 덕에 정령사의 자질을 갖고 태어났는데... 부모님과 두 오라버니들은 한없는 애정을 퍼붓고, 기사단은 제발 호위로 뽑아달라며 졸졸 따라다니기 일쑤다. 게다가..""네 가벼운 바람은 내 간절한 염원이라는 것을 왜 몰라줄까."" 동(東) 마계 지배자인 제 2악마는 시선 한번 달라 애원하고,",src/img/공녀님의꽃밭에는그들이산다.png,,,"[Timestamp('2024-04-08 00:00:00'), Timestamp('2023-11-23 00:00:00')]"
"사랑, 그거 어떻게 하는 건데",,"로맨스,드라마",월,12,"[5.0, 3]","[5.0, 5.0, 5.0, 5.0, 5.0, 5.0, 5.0, 5.0, 5.0, 5.0, 5.0, 5.0, 5.0, 0.0]",14,"['a', 'b', 'c']","베스트셀러 작가 이시원. 그가 쓴 범죄 스릴러 소설 <밧줄>에 나온 것과 똑같은 수법의 살인 사건이 현실에서 일어난다. 피해자가 나왔고, 범인은 아직 잡히지 않았다. 시원은 죄책감과 트라우마로 스릴러 대신 로맨스를 쓰겠다고 마음 먹는데... '이시원이 로맨스라고...? 매 소설마다 사람 다섯은 죽이는 그 이시원이?' 결국 시원은 '사랑'을 배우기 위해 오랜 친구 소담에게 연애 제안을 한다.",src/img/사랑그거어떻게하는건데.png,,,"[Timestamp('2024-04-08 00:00:00'), Timestamp('2024-02-11 00:00:00')]"
별난식당,,드라마,월,49,"[3.4, 15]","[5.0, 5.0, 5.0, 5.0, 5.0, 5.0, 5.0, 5.0, 5.0, 5.0, 5.0, 5.0, 5.0, 5.0, 5.0, 5.0, 5.0, 5.0, 5.0, 5.0, 5.0, 5.0, 5.0, 5.0, 5.0, 5.0, 5.0, 5.0, 5.0, 5.0, 5.0, 5.0, 5.0, 5.0, 5.0, 5.0, 5.0, 5.0, 5.0, 5.0, 5.0, 5.0, 5.0, 5.0, 5.0, 5.0, 5.0, 5.0, 5.0, 5.0, 5.0, 5.0, 5.0, 5.0, 5.0, 5.0, 4.7, 4.6, 4.3, 3.7, 0.0, 0.0]",62,"['a', 'b', 'c']","<요리GO>의 새로운 이야기,<별난식당>. 특급호텔에서 최연소 팀장에 오르며 승승장구하던 주인공 한별은 퇴사를 하고 작은 식당을 차린다. 그 식당의 이름은 '별난식당'. 별난식당은 상권이라고는 찾아볼 수 없는, 서울에서 제일 가난한 동네인 부자동에 위치해 있다. 또한 메뉴도 별나다. 바로 메뉴가 없기 때문이다. 메뉴가 없이 한별 셰프가 그때그때 제철 식재료를 이용해 요리를 만드는 식당이다. 이 식당의 특별한 점은 요리를 먹는 손님이 마음까지 위로 받는다는 것. 한별 셰프는 대체 어떠한 방법으로 마음의 상처가 있는 많은 손님들을 요리로 치유하는 것일까?",src/img/별난식당.png,,,"[Timestamp('2024-04-08 00:00:00'), Timestamp('2023-02-12 00:00:00')]"
진주,,액션,월,13,"[4.0, 8]","[5.0, 5.0, 5.0, 5.0, 5.0, 5.0, 5.0, 5.0, 5.0, 5.0, 5.0, 5.0, 5.0, 5.0, 4.8, 2.0, 1.0, 0.0, 0.0, 0.0, 0.0, 0.0, 0.0, 0.0, 0.0, 0.0, 0.0, 0.0]",28,"['a', 'b', 'c']","<통>, <독고>, <블러드레인> 백두 작가의 화제의 신작! 퇴역한 전국구 주먹 ‘진주현’은 안암 판정을 받고 고향 진주로 내려가 ‘현진주’를 만나 난생 처음 평범한 삶을 꿈꾼다. 그러나 과거 몸담았던 뒷세계와의 지독한 악연은 그의 삶을 송두리째 흔들기 시작하는데...",src/img/진주.png,,,"[Timestamp('2024-04-08 00:00:00'), Timestamp('2023-11-23 00:00:00')]"
링 오브 가디언,,"판타지,액션,중국",월,20,"[1.7, 34]","[5.0, 5.0, 5.0, 5.0, 5.0, 5.0, 5.0, 5.0, 5.0, 5.0, 5.0, 5.0, 5.0, 5.0, 5.0, 5.0, 5.0, 5.0, 5.0, 5.0, 5.0, 5.0, 5.0, 5.0, 5.0, 5.0, 5.0, 5.0, 5.0, 5.0, 5.0, 5.0, 5.0, 5.0, 5.0, 5.0, 5.0, 5.0, 5.0, 5.0, 5.0, 5.0, 5.0, 5.0, 5.0, 5.0, 5.0, 5.0, 5.0, 5.0, 5.0, 5.0, 5.0, 5.0, 5.0, 5.0, 5.0, 5.0, 5.0, 5.0, 5.0, 5.0, 5.0, 5.0, 5.0, 5.0, 5.0, 5.0, 5.0, 5.0, 5.0, 5.0, 5.0, 4.5, 4.5, 4.5, 4.5, 4.5, 4.3, 4.0, 4.0, 4.0, 4.0, 4.0, 4.0, 4.0, 4.0, 4.0, 4.0, 4.0, 4.0, 4.0, 4.0, 4.0, 4.0, 4.0, 4.0, 4.0, 4.0, 4.0, 4.0, 4.0, 4.0, 4.0, 4.0, 4.0, 3.7, 3.7, 3.5, 3.0, 3.0, 3.0, 3.0, 3.0, 3.0, 3.0, 3.0, 3.0, 3.0, 3.0, 3.0, 3.0, 3.0, 3.0, 3.0, 2.0, 2.0, 1.0, 1.0, 1.0, 1.0, 1.0, 0.0, 0.0, 0.0, 0.0, 0.0, 0.0, 0.0, 0.0, 0.0, 0.0, 0.0, 0.0, 0.0, 0.0, 0.0, 0.0, 0.0, 0.0, 0.0, 0.0, 0.0, 0.0, 0.0, 0.0, 0.0, 0.0, 0.0, 0.0, 0.0, 0.0, 0.0, 0.0, 0.0, 0.0, 0.0, 0.0, 0.0, 0.0, 0.0, 0.0, 0.0, 0.0, 0.0, 0.0, 0.0, 0.0, 0.0, 0.0, 0.0, 0.0, 0.0, 0.0, 0.0, 0.0, 0.0, 0.0, 0.0, 0.0, 0.0, 0.0, 0.0, 0.0, 0.0, 0.0, 0.0, 0.0, 0.0, 0.0, 0.0, 0.0, 0.0, 0.0, 0.0, 0.0, 0.0, 0.0, 0.0, 0.0, 0.0, 0.0, 0.0, 0.0, 0.0, 0.0, 0.0, 0.0, 0.0, 0.0, 0.0, 0.0, 0.0, 0.0, 0.0, 0.0, 0.0, 0.0, 0.0, 0.0, 0.0, 0.0, 0.0, 0.0, 0.0, 0.0, 0.0, 0.0, 0.0, 0.0, 0.0, 0.0, 0.0, 0.0, 0.0, 0.0, 0.0, 0.0, 0.0, 0.0, 0.0, 0.0, 0.0, 0.0, 0.0, 0.0, 0.0, 0.0, 0.0, 0.0, 0.0, 0.0, 0.0, 0.0, 0.0, 0.0, 0.0, 0.0, 0.0, 0.0, 0.0, 0.0, 0.0, 0.0, 0.0, 0.0, 0.0, 0.0, 0.0, 0.0, 0.0, 0.0, 0.0, 0.0, 0.0, 0.0, 0.0, 0.0, 0.0, 0.0, 0.0, 0.0, 0.0, 0.0, 0.0, 0.0, 0.0, 0.0, 0.0, 0.0, 0.0, 0.0, 0.0, 0.0, 0.0, 0.0, 0.0, 0.0, 0.0, 0.0, 0.0, 0.0, 0.0, 0.0, 0.0, 0.0, 0.0, 0.0, 0.0, 0.0, 0.0, 0.0, 0.0, 0.0, 0.0, 0.0, 0.0, 0.0, 0.0, 0.0, 0.0, 0.0, 0.0, 0.0, 0.0, 0.0, 0.0, 0.0, 0.0, 0.0, 0.0, 0.0, 0.0, 0.0, 0.0, 0.0, 0.0, 0.0, 0.0, 0.0, 0.0, 0.0, 0.0, 0.0, 0.0, 0.0]",356,"['a', 'b', 'c']","""자신을 지원해 주고 보호해 줄 부모도 없이 아득바득 아르바이트와 장학금으로 생계를 유지하고 있던 김우혁 어느 날 우혁은 한 반지를 줍게 된다 하지만 쓸데없는 것에 시간을 쏟을 여유가 없어 버리고 가려던 찰나 [ 앞으로 16시간 내로 지구에 생화확적 바이러스가 폭발해 좀비가 창궐하게 됩니다 넘버 제로, 인류를 구원하십시오 ] 라는 반지의 허무맹랑한 말에 우혁의 인생은 완전히 뒤바뀌어버린다 우혁은 과연 좀비들을 모두 물리치고 인류를 구할 수 있을까? """,src/img/링오브가디언.png,,,"[Timestamp('2024-04-08 00:00:00'), Timestamp('2021-07-18 00:00:00')]"
어웨이크닝: 회귀 플레이어,,"판타지,액션,중국",월,80,"[3.0, 66]","[5.0, 5.0, 5.0, 5.0, 5.0, 5.0, 5.0, 5.0, 5.0, 5.0, 5.0, 5.0, 5.0, 5.0, 5.0, 5.0, 5.0, 5.0, 5.0, 5.0, 5.0, 5.0, 5.0, 5.0, 5.0, 5.0, 5.0, 5.0, 5.0, 5.0, 5.0, 5.0, 5.0, 5.0, 5.0, 5.0, 5.0, 5.0, 5.0, 5.0, 5.0, 5.0, 5.0, 5.0, 5.0, 5.0, 5.0, 5.0, 5.0, 5.0, 5.0, 5.0, 5.0, 5.0, 5.0, 5.0, 5.0, 5.0, 5.0, 5.0, 5.0, 5.0, 5.0, 5.0, 5.0, 5.0, 5.0, 5.0, 5.0, 5.0, 4.7, 4.7, 4.7, 4.7, 4.7, 4.7, 4.6, 4.5, 4.5, 4.5, 4.5, 4.3, 4.3, 4.3, 4.3, 4.1, 4.0, 4.0, 4.0, 4.0, 4.0, 4.0, 4.0, 4.0, 4.0, 4.0, 4.0, 3.8, 3.7, 3.7, 3.7, 3.7, 3.7, 3.7, 3.7, 3.0, 3.0, 3.0, 3.0, 3.0, 3.0, 3.0, 3.0, 2.5, 2.0, 2.0, 2.0, 1.3, 1.0, 0.0, 0.0, 0.0, 0.0, 0.0, 0.0, 0.0, 0.0, 0.0, 0.0, 0.0, 0.0, 0.0, 0.0, 0.0, 0.0, 0.0, 0.0, 0.0, 0.0, 0.0, 0.0, 0.0, 0.0, 0.0, 0.0, 0.0, 0.0, 0.0, 0.0, 0.0, 0.0, 0.0, 0.0, 0.0, 0.0, 0.0, 0.0, 0.0, 0.0, 0.0, 0.0, 0.0, 0.0, 0.0]",164,"['a', 'b', 'c']","때는 2060년, 가상현실 MMORPG 게임 [스카이 필드]가 오픈하면서 세상 사람들은 이 게임에 열광하게 된다. 그 이유는 바로 이 게임에서 전직 후 [각성]이라는 것을 하게 되면 현실에서도 게임 속 스킬을 구현하는 것이 가능하였기 때문이다. 하지만, [각성]은 불가능에 가까울 정도로 힘들었기 때문에 만렙이 되어도 각성하지 못한 자들이 많았다. 게임 오픈 후 1년 늦게 시작한 주인공, 김성준은 각성자가 되기 위해 엄청난 노력과 시간을 게임에 쏟아부었고 그렇게 만렙이 되었지만 그 1년 사이에 수많은 유저들의 경쟁에서 밀려나게 되었고 게임 속에나 현실에서나 차가운 대접을 받으며 세상의 부조리함을 느끼게 된다. 그러던 어느 날, 평소처럼 파티 사냥에 참가하여 게이트로 들어가게 되는데 게이트에서 버그가 발생하는 전대미문의 사고가 발생하게 되고 김성준의 몸은 점차 사라지게 되며 자신이 어떻게 되는지도 모르는 채 계정자체가 사라지게 된다. 다시 눈을 떴을 때, 그는 자신의 캐릭터와 닮은 몸이 되어있었고 상황을 파악했을 때, 그는 [스카이 필드]가 오픈된 지 3개월 전인 시점으로 돌아가게 되었다는 사실을 알게 된다. 현실에서도 게임에서도 혼자 외로이 세상과 싸워왔던 그는 이번에야말로 만렙을 찍고 최강이 되어 '각성자'가 되기로 결심하는데...",src/img/어웨이크닝회귀플레이어.png,,,"[Timestamp('2024-04-08 00:00:00'), Timestamp('2021-12-17 00:00:00')]"
퀘스트 지상 최고의 산적,,"판타지,액션,중국",월,32,"[3.5, 38]","[5.0, 5.0, 5.0, 5.0, 5.0, 5.0, 5.0, 5.0, 5.0, 5.0, 5.0, 5.0, 5.0, 5.0, 5.0, 5.0, 5.0, 5.0, 5.0, 5.0, 5.0, 5.0, 5.0, 5.0, 5.0, 5.0, 5.0, 5.0, 5.0, 5.0, 5.0, 5.0, 5.0, 5.0, 5.0, 5.0, 5.0, 5.0, 5.0, 5.0, 5.0, 5.0, 5.0, 5.0, 5.0, 5.0, 5.0, 5.0, 5.0, 5.0, 5.0, 5.0, 5.0, 5.0, 5.0, 5.0, 5.0, 5.0, 5.0, 5.0, 5.0, 5.0, 5.0, 5.0, 5.0, 5.0, 5.0, 5.0, 5.0, 5.0, 5.0, 5.0, 5.0, 5.0, 5.0, 5.0, 5.0, 5.0, 5.0, 5.0, 5.0, 5.0, 5.0, 5.0, 5.0, 5.0, 5.0, 5.0, 5.0, 5.0, 5.0, 5.0, 5.0, 5.0, 5.0, 5.0, 5.0, 5.0, 5.0, 5.0, 5.0, 5.0, 5.0, 5.0, 5.0, 5.0, 5.0, 5.0, 5.0, 5.0, 5.0, 5.0, 5.0, 5.0, 5.0, 5.0, 5.0, 5.0, 5.0, 5.0, 5.0, 5.0, 5.0, 5.0, 5.0, 5.0, 5.0, 5.0, 5.0, 5.0, 4.8, 4.0, 4.0, 4.0, 4.0, 4.0, 4.0, 4.0, 4.0, 4.0, 3.7, 3.5, 3.0, 3.0, 3.0, 3.0, 3.0, 3.0, 2.0, 2.0, 1.0, 0.0, 0.0, 0.0, 0.0, 0.0, 0.0, 0.0, 0.0, 0.0, 0.0, 0.0, 0.0, 0.0, 0.0, 0.0, 0.0, 0.0, 0.0, 0.0, 0.0, 0.0, 0.0, 0.0, 0.0, 0.0, 0.0, 0.0, 0.0, 0.0, 0.0, 0.0, 0.0, 0.0, 0.0, 0.0, 0.0, 0.0, 0.0, 0.0, 0.0, 0.0, 0.0, 0.0, 0.0, 0.0, 0.0, 0.0, 0.0, 0.0, 0.0, 0.0, 0.0, 0.0, 0.0, 0.0, 0.0, 0.0, 0.0, 0.0, 0.0, 0.0, 0.0, 0.0, 0.0, 0.0, 0.0, 0.0, 0.0, 0.0, 0.0, 0.0, 0.0, 0.0, 0.0, 0.0, 0.0, 0.0, 0.0, 0.0, 0.0, 0.0, 0.0, 0.0, 0.0, 0.0, 0.0, 0.0, 0.0, 0.0, 0.0, 0.0, 0.0, 0.0, 0.0, 0.0, 0.0, 0.0, 0.0, 0.0, 0.0, 0.0]",252,"['a', 'b', 'c']","평범한 대학생이자 게임 매니아였던 정기준. <마인드 오브 밴디트>라는 산적이라는 컨셉을 가진 MMORPG 게임 예약구매에 당첨되어 플레이를 하던 도중, TV에서 나온 빛에 의해 정신을 잃고 쓰러진다. 그가 다시 일어났을 땐, 현실이 아닌 바로 <마인드 오브 밴디트>의 세계. 심지어 게임을 시작하자마자 멸문당할 예정인 산적단, 섬여단 두목의 아들로 깨어나게 된다. 그러던 중 시스템 안내자라는 여성이 등장하며 위기에 처한 섬여단을 부흥시키지 못하면 로그아웃, 즉 죽음을 맞이하게 된다며 퀘스트를 던져주는데... 깨어나자마자 위기에 봉착한 정기준, 게임 속 세계에서 최강의 산적이 되어 섬여단을 부흥시키기 위한 가슴 뛰는 여정이 시작된다.",src/img/퀘스트지상최고의산적.png,,,"[Timestamp('2024-04-08 00:00:00'), Timestamp('2021-08-14 00:00:00')]"
전설 헌터로 키워지는 중입니다,,"판타지,액션,중국",월,62,"[2.7, 47]","[5.0, 5.0, 5.0, 5.0, 5.0, 5.0, 5.0, 5.0, 5.0, 5.0, 5.0, 5.0, 5.0, 5.0, 5.0, 5.0, 5.0, 5.0, 5.0, 5.0, 5.0, 5.0, 5.0, 5.0, 5.0, 5.0, 5.0, 5.0, 5.0, 5.0, 5.0, 5.0, 5.0, 5.0, 5.0, 5.0, 5.0, 5.0, 5.0, 5.0, 5.0, 5.0, 5.0, 5.0, 5.0, 5.0, 5.0, 5.0, 5.0, 5.0, 5.0, 5.0, 5.0, 5.0, 5.0, 5.0, 5.0, 5.0, 5.0, 5.0, 5.0, 5.0, 5.0, 5.0, 5.0, 5.0, 5.0, 5.0, 5.0, 5.0, 5.0, 5.0, 5.0, 5.0, 5.0, 5.0, 5.0, 5.0, 5.0, 5.0, 5.0, 5.0, 5.0, 5.0, 5.0, 5.0, 5.0, 5.0, 5.0, 5.0, 5.0, 5.0, 5.0, 5.0, 5.0, 5.0, 5.0, 5.0, 5.0, 5.0, 5.0, 5.0, 5.0, 5.0, 5.0, 5.0, 5.0, 5.0, 5.0, 5.0, 5.0, 5.0, 5.0, 5.0, 5.0, 5.0, 5.0, 5.0, 5.0, 5.0, 5.0, 5.0, 5.0, 5.0, 5.0, 5.0, 4.7, 4.5, 4.5, 4.5, 4.3, 4.3, 4.3, 4.2, 4.0, 4.0, 4.0, 4.0, 4.0, 4.0, 4.0, 4.0, 3.8, 3.8, 3.8, 3.7, 3.7, 3.7, 3.7, 3.7, 3.7, 3.7, 3.5, 3.5, 3.5, 3.5, 3.4, 3.4, 3.4, 3.3, 3.0, 3.0, 3.0, 3.0, 3.0, 3.0, 3.0, 3.0, 3.0, 3.0, 3.0, 3.0, 2.7, 2.7, 2.6, 2.6, 2.3, 2.3, 2.3, 1.0, 1.0, 0.0, 0.0, 0.0, 0.0, 0.0]",186,"['a', 'b', 'c']","아버지의 누명을 벗기기 위해 ‘미끼’로 레이드를 뛰어 살아가는 차낙영 죽기 직전의 그 순간, 전설 헌터 육성 시스템이 발동했다 [플레이어와 연결 완료, 전설 헌터 육성 시스템 ARES가 발동합니다]",src/img/전설헌터로키워지는중입니다.png,,,"[Timestamp('2024-04-08 00:00:00'), Timestamp('2022-04-19 00:00:00')]"
신혼무제,,"액션,무협,중국",월,27,"[3.7, 26]","[5.0, 5.0, 5.0, 5.0, 5.0, 5.0, 5.0, 5.0, 5.0, 5.0, 5.0, 5.0, 5.0, 5.0, 5.0, 5.0, 5.0, 5.0, 5.0, 5.0, 5.0, 5.0, 5.0, 5.0, 5.0, 5.0, 5.0, 5.0, 5.0, 5.0, 5.0, 5.0, 5.0, 5.0, 5.0, 5.0, 5.0, 5.0, 5.0, 5.0, 5.0, 5.0, 5.0, 5.0, 5.0, 5.0, 5.0, 5.0, 5.0, 5.0, 5.0, 5.0, 5.0, 5.0, 5.0, 5.0, 5.0, 5.0, 5.0, 5.0, 5.0, 5.0, 5.0, 5.0, 5.0, 5.0, 5.0, 5.0, 5.0, 5.0, 5.0, 5.0, 5.0, 4.5, 4.5, 4.5, 4.3, 4.0, 4.0, 3.0, 3.0, 1.0, 0.0, 0.0, 0.0, 0.0, 0.0, 0.0, 0.0, 0.0, 0.0, 0.0, 0.0, 0.0, 0.0, 0.0, 0.0, 0.0, 0.0, 0.0, 0.0, 0.0, 0.0, 0.0, 0.0, 0.0, 0.0, 0.0, 0.0, 0.0, 0.0, 0.0, 0.0, 0.0, 0.0, 0.0, 0.0, 0.0, 0.0, 0.0, 0.0, 0.0, 0.0, 0.0, 0.0, 0.0, 0.0, 0.0, 0.0, 0.0, 0.0, 0.0, 0.0, 0.0, 0.0, 0.0, 0.0, 0.0, 0.0, 0.0, 0.0, 0.0, 0.0, 0.0, 0.0, 0.0, 0.0, 0.0, 0.0, 0.0, 0.0, 0.0, 0.0, 0.0, 0.0, 0.0, 0.0, 0.0, 0.0, 0.0, 0.0, 0.0, 0.0, 0.0, 0.0, 0.0, 0.0, 0.0, 0.0, 0.0, 0.0, 0.0, 0.0, 0.0, 0.0, 0.0, 0.0, 0.0, 0.0, 0.0, 0.0, 0.0, 0.0, 0.0, 0.0, 0.0, 0.0, 0.0, 0.0, 0.0, 0.0, 0.0, 0.0, 0.0, 0.0, 0.0, 0.0, 0.0, 0.0]",199,"['a', 'b', 'c']","""대봉 왕조의 강천 마을에 사는 소년 임찬 그가 각성한 신혼은 폐신혼으로, 뭇사람의 비웃음을 산다 그러나 그의 신혼인 ‘생사관’은 10대 신혼 중 하나로, 특별한 힘을 가진 특수 신혼이었는데 게다가, 생사관에 자신의 영혼을 숨겨두었던, 능력과 미모를 갖춘 궁천설을 만나게 되면서 그녀의 도움으로 그는 신혼 무제의 자리까지 오르게 된다 """,src/img/신혼무제.png,,,"[Timestamp('2024-04-08 00:00:00'), Timestamp('2021-07-07 00:00:00')]"
만렙돌파,,"판타지,액션,한국",월,221,"[2.4, 160]","[5.0, 5.0, 5.0, 5.0, 5.0, 5.0, 5.0, 5.0, 5.0, 5.0, 5.0, 5.0, 5.0, 5.0, 5.0, 5.0, 5.0, 5.0, 5.0, 5.0, 5.0, 5.0, 5.0, 5.0, 5.0, 5.0, 5.0, 5.0, 5.0, 5.0, 5.0, 5.0, 4.9, 4.9, 4.9, 4.8, 4.8, 4.8, 4.8, 4.8, 4.8, 4.7, 4.7, 4.7, 4.7, 4.6, 4.6, 4.6, 4.6, 4.6, 4.6, 4.6, 4.5, 4.5, 4.5, 4.5, 4.5, 4.5, 4.5, 4.4, 4.4, 4.4, 4.4, 4.4, 4.4, 4.4, 4.3, 4.3, 4.3, 4.3, 4.3, 4.3, 4.3, 4.3, 4.2, 4.2, 4.2, 4.2, 4.2, 4.2, 4.2, 4.2, 4.2, 4.2, 4.2, 4.1, 4.1, 4.1, 4.1, 4.1, 4.1, 4.1, 4.1, 4.0, 4.0, 4.0, 4.0, 4.0, 4.0, 4.0, 4.0, 3.9, 3.9, 3.9, 3.9, 3.9, 3.8, 3.8, 3.8, 3.8, 3.7, 3.7, 3.7, 3.7, 3.7, 3.7, 3.7, 3.7, 3.6, 3.5, 3.5, 3.5, 3.5, 3.5, 3.4, 3.4, 3.4, 3.3, 3.3, 3.3, 3.2, 3.0, 3.0, 3.0, 3.0, 3.0, 2.3, 2.3, 2.3, 1.9, 1.6, 1.0, 0.0, 0.0]",144,"['a', 'b', 'c']","알 수 없는 오류로 3000년간 각성 테스트에 갇힌 김기봉. 그 사이 현실에선 10년이 흘렀고, 온 세상은 몬스터와 던전으로 가득차게 되었다. 만렙으로 귀환한 김기봉의 모든 것을 원래대로 돌려놓기 위한 싸움이 시작된다!",src/img/만렙돌파.png,,,"[Timestamp('2024-04-07 00:00:00'), Timestamp('2020-12-23 00:00:00')]"
더블클릭,,"판타지,액션,한국",월,133,"[3.4, 48]","[5.0, 5.0, 5.0, 5.0, 5.0, 5.0, 5.0, 5.0, 5.0, 5.0, 5.0, 5.0, 5.0, 5.0, 5.0, 5.0, 5.0, 5.0, 5.0, 5.0, 5.0, 5.0, 5.0, 5.0, 5.0, 5.0, 5.0, 5.0, 5.0, 5.0, 5.0, 5.0, 5.0, 5.0, 5.0, 5.0, 5.0, 5.0, 5.0, 5.0, 5.0, 5.0, 5.0, 5.0, 5.0, 5.0, 5.0, 5.0, 5.0, 5.0, 5.0, 5.0, 5.0, 5.0, 5.0, 5.0, 5.0, 5.0, 5.0, 5.0, 5.0, 5.0, 5.0, 5.0, 5.0, 5.0, 5.0, 5.0, 5.0, 5.0, 5.0, 5.0, 5.0, 5.0, 5.0, 5.0, 5.0, 5.0, 5.0, 5.0, 5.0, 5.0, 5.0, 5.0, 5.0, 5.0, 5.0, 5.0, 5.0, 5.0, 5.0, 5.0, 5.0, 5.0, 5.0, 5.0, 5.0, 5.0, 5.0, 5.0, 5.0, 5.0, 5.0, 5.0, 5.0, 5.0, 5.0, 5.0, 5.0, 5.0, 5.0, 5.0, 5.0, 5.0, 4.9, 4.8, 4.8, 4.7, 4.7, 4.5, 4.3, 4.3, 4.3, 4.0, 4.0, 4.0, 4.0, 4.0, 3.7, 3.7, 3.5, 3.0, 3.0, 3.0, 3.0, 1.0, 0.0, 0.0, 0.0, 0.0, 0.0, 0.0]",142,"['a', 'b', 'c']",악명 높은 난이도를 가진 게임의 세계 랭킹 1위였던 지호.서비스 종료된 줄만 알았던 그 게임이 새롭게 돌아왔다!지호는 다시 한번 랭킹 1위를 꿈꾸며 게임 동아리에 입부한다.오랜만에 게임을 해도 살아있는 감각. 하지만 게임이 새롭게 변하면서 예상치 못한 약점이 생긴다.강한 상대를 마주할수록 열정이 끓어오르는 주인공의 프로게이머 도전기!,src/img/더블클릭.png,,,"[Timestamp('2024-04-07 00:00:00'), Timestamp('2021-09-03 00:00:00')]"
오빠집이 비어서,,로맨스,월,15,"[2.2, 14]","[5.0, 5.0, 5.0, 5.0, 5.0, 5.0, 5.0, 5.0, 5.0, 5.0, 5.0, 5.0, 5.0, 5.0, 5.0, 5.0, 5.0, 5.0, 5.0, 5.0, 5.0, 5.0, 5.0, 5.0, 5.0, 5.0, 5.0, 5.0, 5.0, 5.0, 5.0, 5.0, 5.0, 5.0, 5.0, 5.0, 5.0, 5.0, 5.0, 5.0, 5.0, 5.0, 5.0, 5.0, 5.0, 5.0, 5.0, 5.0, 5.0, 5.0, 5.0, 5.0, 5.0, 4.5, 4.5, 4.5, 4.0, 4.0, 4.0, 4.0, 4.0, 3.7, 3.0, 2.0, 1.0, 1.0, 1.0, 0.0, 0.0, 0.0, 0.0, 0.0, 0.0, 0.0, 0.0, 0.0, 0.0, 0.0, 0.0, 0.0, 0.0, 0.0, 0.0, 0.0, 0.0, 0.0, 0.0, 0.0, 0.0, 0.0, 0.0, 0.0, 0.0, 0.0, 0.0, 0.0, 0.0, 0.0, 0.0, 0.0, 0.0, 0.0, 0.0, 0.0, 0.0, 0.0, 0.0, 0.0, 0.0, 0.0, 0.0, 0.0, 0.0, 0.0, 0.0, 0.0, 0.0, 0.0, 0.0, 0.0, 0.0, 0.0, 0.0, 0.0, 0.0, 0.0, 0.0, 0.0, 0.0, 0.0, 0.0, 0.0, 0.0, 0.0, 0.0, 0.0]",136,"['a', 'b', 'c']","새엄마와 맞장 뜨고 집을 나온 재벌 3세 차은명. 세상 딱 한 명인 친구 희영에게 신세를 질 수 없게 되자, 어쩔 수 없이 희영의 둘째 오빠가 잠시 비워둔 집에 머물게 된다. 그렇게 한 달 뒤, 은명은 샤워를 하고 나오던 중 예고도 없이 집으로 돌아온 희영의 둘째 오빠를 대면하게 되고... 그런데 그 오빠의 정체가 바로바로 대한민국 탑 스타 영화배우 ‘제준영'이라고?!",src/img/오빠집이비어서.png,,,"[Timestamp('2024-04-07 00:00:00'), Timestamp('2021-10-31 00:00:00')]"
윈드브레이커,,"드라마,한국",월,207,"[2.8, 37]","[5.0, 5.0, 5.0, 5.0, 5.0, 5.0, 5.0, 5.0, 5.0, 5.0, 5.0, 5.0, 5.0, 5.0, 5.0, 5.0, 5.0, 5.0, 5.0, 5.0, 5.0, 5.0, 5.0, 5.0, 5.0, 5.0, 5.0, 5.0, 5.0, 5.0, 5.0, 5.0, 5.0, 5.0, 5.0, 5.0, 5.0, 5.0, 5.0, 5.0, 5.0, 5.0, 5.0, 5.0, 5.0, 5.0, 5.0, 5.0, 5.0, 5.0, 5.0, 5.0, 5.0, 5.0, 5.0, 5.0, 5.0, 5.0, 5.0, 5.0, 5.0, 5.0, 5.0, 5.0, 5.0, 5.0, 5.0, 5.0, 5.0, 5.0, 5.0, 5.0, 5.0, 5.0, 5.0, 5.0, 5.0, 5.0, 5.0, 5.0, 5.0, 5.0, 5.0, 5.0, 5.0, 5.0, 5.0, 5.0, 5.0, 5.0, 5.0, 5.0, 5.0, 5.0, 5.0, 5.0, 5.0, 5.0, 5.0, 5.0, 5.0, 5.0, 5.0, 5.0, 5.0, 5.0, 5.0, 5.0, 5.0, 5.0, 5.0, 5.0, 5.0, 5.0, 5.0, 5.0, 5.0, 5.0, 5.0, 5.0, 5.0, 5.0, 5.0, 5.0, 5.0, 5.0, 5.0, 5.0, 5.0, 5.0, 5.0, 5.0, 5.0, 5.0, 5.0, 5.0, 5.0, 5.0, 5.0, 5.0, 5.0, 5.0, 5.0, 5.0, 5.0, 5.0, 5.0, 5.0, 5.0, 5.0, 5.0, 5.0, 5.0, 5.0, 5.0, 5.0, 5.0, 5.0, 5.0, 4.8, 4.8, 4.8, 4.8, 4.8, 4.8, 4.8, 4.8, 4.7, 4.7, 4.7, 4.6, 4.5, 4.5, 4.5, 4.5, 4.5, 4.5, 4.5, 4.5, 4.3, 4.3, 4.3, 4.3, 4.3, 4.3, 4.3, 4.3, 4.3, 4.2, 4.0, 4.0, 4.0, 4.0, 4.0, 4.0, 4.0, 4.0, 4.0, 4.0, 4.0, 4.0, 4.0, 4.0, 4.0, 4.0, 3.8, 3.7, 3.7, 3.7, 3.7, 3.5, 3.0, 3.0, 3.0, 3.0, 3.0, 3.0, 3.0, 3.0, 3.0, 3.0, 3.0, 3.0, 3.0, 2.5, 2.0, 2.0, 1.3, 1.0, 1.0, 1.0, 1.0, 1.0, 1.0, 0.0, 0.0, 0.0, 0.0, 0.0, 0.0, 0.0, 0.0, 0.0, 0.0, 0.0, 0.0, 0.0, 0.0, 0.0, 0.0, 0.0, 0.0, 0.0, 0.0, 0.0, 0.0, 0.0, 0.0, 0.0, 0.0, 0.0, 0.0, 0.0, 0.0, 0.0, 0.0, 0.0, 0.0, 0.0, 0.0, 0.0, 0.0, 0.0, 0.0, 0.0, 0.0, 0.0, 0.0, 0.0, 0.0, 0.0, 0.0, 0.0, 0.0, 0.0, 0.0, 0.0, 0.0, 0.0, 0.0, 0.0, 0.0, 0.0, 0.0, 0.0, 0.0, 0.0, 0.0, 0.0, 0.0, 0.0, 0.0, 0.0, 0.0, 0.0, 0.0, 0.0, 0.0, 0.0, 0.0, 0.0, 0.0, 0.0, 0.0, 0.0, 0.0, 0.0, 0.0, 0.0, 0.0, 0.0, 0.0, 0.0, 0.0, 0.0, 0.0, 0.0, 0.0, 0.0, 0.0, 0.0, 0.0, 0.0, 0.0, 0.0, 0.0, 0.0, 0.0, 0.0, 0.0, 0.0, 0.0, 0.0, 0.0, 0.0, 0.0, 0.0, 0.0, 0.0, 0.0, 0.0, 0.0, 0.0, 0.0, 0.0, 0.0, 0.0, 0.0, 0.0, 0.0, 0.0, 0.0, 0.0, 0.0, 0.0, 0.0, 0.0, 0.0, 0.0, 0.0, 0.0, 0.0, 0.0, 0.0, 0.0, 0.0, 0.0, 0.0, 0.0, 0.0, 0.0, 0.0, 0.0, 0.0, 0.0, 0.0, 0.0, 0.0, 0.0, 0.0, 0.0, 0.0, 0.0, 0.0, 0.0, 0.0, 0.0, 0.0, 0.0, 0.0, 0.0, 0.0, 0.0, 0.0, 0.0, 0.0, 0.0, 0.0, 0.0, 0.0, 0.0, 0.0, 0.0, 0.0, 0.0, 0.0, 0.0, 0.0, 0.0, 0.0, 0.0, 0.0, 0.0, 0.0, 0.0, 0.0, 0.0, 0.0, 0.0, 0.0, 0.0, 0.0, 0.0, 0.0, 0.0, 0.0, 0.0, 0.0, 0.0, 0.0, 0.0, 0.0, 0.0, 0.0, 0.0, 0.0, 0.0, 0.0, 0.0, 0.0, 0.0, 0.0, 0.0, 0.0, 0.0, 0.0, 0.0, 0.0, 0.0, 0.0, 0.0, 0.0, 0.0, 0.0, 0.0, 0.0, 0.0, 0.0, 0.0, 0.0, 0.0, 0.0, 0.0, 0.0, 0.0, 0.0, 0.0, 0.0, 0.0, 0.0, 0.0, 0.0, 0.0, 0.0, 0.0, 0.0, 0.0, 0.0, 0.0, 0.0]",490,"['a', 'b', 'c']",자유를 꿈꾸는 청춘들의 스트릿라이딩 드라마,src/img/윈드브레이커.png,,,"[Timestamp('2024-04-07 00:00:00'), Timestamp('2018-10-14 00:00:00')]"
악당 가족이 독립을 반대한다,,"판타지,로맨스",월,100,"[3.8, 41]","[5.0, 5.0, 5.0, 5.0, 5.0, 5.0, 5.0, 5.0, 5.0, 5.0, 5.0, 5.0, 5.0, 5.0, 5.0, 5.0, 5.0, 5.0, 5.0, 5.0, 5.0, 5.0, 5.0, 4.0, 4.0, 3.5, 3.0, 3.0, 0.0, 0.0, 0.0, 0.0]",32,"['a', 'b', 'c']","가족애 따위 없는 살벌한 악당 가문의 사생아 엘로디, 어느 날 갑자기 전생의 기억을 찾다! 자신이 환생한 이곳이 전생에 읽었던 소설 속이며 3년 후 진짜 여주인공이 나타나면서 자신은 악당 가족에게 버림받고 살해당할 운명임을 깨닫고 언니가 등장하기 전까지 적당히 뒷돈 챙기다가 이 가문에서 독립하자!고 생각했는데…… “독립? 그게 무슨 개소리지?” “너한테 바람 불어 넣은 놈이 누구야.”",src/img/악당가족이독립을반대한다.png,,,"[Timestamp('2024-04-07 00:00:00'), Timestamp('2023-10-08 00:00:00')]"
여고생이 신인데 나만 괴롭힘,,"판타지,드라마",월,13,"[2.7, 28]","[5.0, 5.0, 5.0, 5.0, 5.0, 3.7, 2.6, 1.0, 0.0, 0.0, 0.0, 0.0, 0.0]",13,"['a', 'b', 'c']","그냥 인생이 재수 없는 줄 알았는데, 알고 보니 여고생이 내 인생을 조작해서 괴롭히고 있던 거임ㄷㄷ",src/img/여고생이신인데나만괴롭힘.png,,,"[Timestamp('2024-04-07 00:00:00'), Timestamp('2024-02-19 00:00:00')]"
뷰티풀 군바리,,"일상,한국",월,238,"[4.4, 35]","[5.0, 5.0, 5.0, 5.0, 5.0, 5.0, 5.0, 5.0, 5.0, 5.0, 5.0, 5.0, 5.0, 5.0, 5.0, 5.0, 5.0, 5.0, 5.0, 5.0, 5.0, 5.0, 5.0, 5.0, 5.0, 5.0, 5.0, 5.0, 5.0, 5.0, 5.0, 5.0, 5.0, 5.0, 5.0, 5.0, 5.0, 5.0, 5.0, 5.0, 5.0, 5.0, 5.0, 5.0, 5.0, 5.0, 5.0, 5.0, 5.0, 5.0, 5.0, 5.0, 5.0, 5.0, 5.0, 5.0, 5.0, 5.0, 5.0, 5.0, 5.0, 5.0, 5.0, 5.0, 5.0, 5.0, 5.0, 5.0, 5.0, 5.0, 5.0, 5.0, 5.0, 5.0, 5.0, 5.0, 5.0, 5.0, 5.0, 5.0, 5.0, 5.0, 5.0, 5.0, 5.0, 5.0, 5.0, 5.0, 5.0, 5.0, 5.0, 5.0, 5.0, 5.0, 5.0, 5.0, 5.0, 5.0, 5.0, 5.0, 5.0, 5.0, 5.0, 5.0, 5.0, 5.0, 5.0, 5.0, 5.0, 5.0, 5.0, 5.0, 5.0, 5.0, 5.0, 5.0, 5.0, 5.0, 5.0, 5.0, 5.0, 5.0, 5.0, 5.0, 5.0, 5.0, 5.0, 5.0, 5.0, 5.0, 5.0, 5.0, 5.0, 5.0, 5.0, 5.0, 5.0, 5.0, 5.0, 5.0, 5.0, 5.0, 5.0, 5.0, 5.0, 5.0, 5.0, 5.0, 5.0, 5.0, 5.0, 5.0, 5.0, 5.0, 5.0, 5.0, 5.0, 4.9, 4.9, 4.9, 4.9, 4.9, 4.8, 4.8, 4.8, 4.8, 4.8, 4.8, 4.8, 4.8, 4.8, 4.7, 4.7, 4.7, 4.7, 4.6, 4.6, 4.6, 4.6, 4.6, 4.6, 4.6, 4.6, 4.6, 4.6, 4.5, 4.5, 4.5, 4.5, 4.5, 4.4, 4.4, 4.4, 4.4, 4.3, 4.3, 4.3, 4.2, 4.2, 4.1, 4.0, 4.0, 4.0, 4.0, 4.0, 4.0, 3.8, 3.7, 3.7, 3.7, 3.5, 3.5, 3.0, 3.0, 3.0, 3.0, 1.0, 1.0, 1.0, 1.0, 0.0, 0.0, 0.0, 0.0, 0.0, 0.0, 0.0, 0.0, 0.0, 0.0, 0.0, 0.0, 0.0, 0.0, 0.0, 0.0, 0.0, 0.0, 0.0, 0.0, 0.0, 0.0, 0.0, 0.0, 0.0, 0.0, 0.0, 0.0, 0.0, 0.0, 0.0, 0.0, 0.0, 0.0, 0.0, 0.0, 0.0, 0.0, 0.0, 0.0, 0.0, 0.0, 0.0, 0.0, 0.0, 0.0, 0.0, 0.0, 0.0, 0.0, 0.0, 0.0, 0.0, 0.0, 0.0, 0.0, 0.0, 0.0, 0.0, 0.0, 0.0, 0.0, 0.0, 0.0, 0.0, 0.0, 0.0, 0.0, 0.0, 0.0, 0.0, 0.0, 0.0, 0.0, 0.0, 0.0, 0.0, 0.0, 0.0, 0.0, 0.0, 0.0, 0.0, 0.0, 0.0, 0.0, 0.0, 0.0, 0.0, 0.0, 0.0, 0.0, 0.0, 0.0, 0.0, 0.0, 0.0, 0.0, 0.0, 0.0, 0.0, 0.0, 0.0, 0.0, 0.0, 0.0, 0.0, 0.0, 0.0, 0.0, 0.0, 0.0, 0.0, 0.0, 0.0, 0.0, 0.0, 0.0, 0.0, 0.0, 0.0, 0.0, 0.0, 0.0, 0.0, 0.0, 0.0, 0.0, 0.0, 0.0, 0.0, 0.0, 0.0, 0.0, 0.0, 0.0, 0.0, 0.0, 0.0, 0.0, 0.0, 0.0, 0.0, 0.0, 0.0, 0.0, 0.0, 0.0, 0.0, 0.0, 0.0, 0.0, 0.0, 0.0, 0.0, 0.0, 0.0, 0.0, 0.0, 0.0, 0.0, 0.0, 0.0, 0.0, 0.0, 0.0, 0.0, 0.0, 0.0, 0.0, 0.0, 0.0, 0.0, 0.0, 0.0, 0.0, 0.0, 0.0, 0.0, 0.0, 0.0, 0.0, 0.0, 0.0, 0.0, 0.0, 0.0, 0.0, 0.0, 0.0, 0.0, 0.0, 0.0, 0.0, 0.0, 0.0, 0.0, 0.0, 0.0, 0.0, 0.0, 0.0, 0.0, 0.0, 0.0]",425,"['a', 'b', 'c']",'여자도 군대에 간다면?' 본격 여자도 군대가는 만화!,src/img/뷰티풀군바리.png,,,"[Timestamp('2024-04-07 00:00:00'), Timestamp('2018-04-25 00:00:00')]"
퀘스트지상주의,,"액션,드라마,한국",월,278,"[2.5, 78]","[5.0, 5.0, 5.0, 5.0, 5.0, 5.0, 5.0, 5.0, 5.0, 5.0, 5.0, 5.0, 5.0, 5.0, 5.0, 5.0, 5.0, 5.0, 5.0, 5.0, 5.0, 5.0, 5.0, 5.0, 5.0, 5.0, 5.0, 5.0, 5.0, 5.0, 5.0, 5.0, 5.0, 5.0, 5.0, 5.0, 5.0, 5.0, 5.0, 5.0, 5.0, 5.0, 5.0, 5.0, 4.9, 4.9, 4.9, 4.9, 4.9, 4.9, 4.8, 4.8, 4.8, 4.8, 4.8, 4.7, 4.7, 4.7, 4.7, 4.7, 4.7, 4.7, 4.6, 4.6, 4.6, 4.6, 4.6, 4.6, 4.6, 4.5, 4.5, 4.5, 4.5, 4.5, 4.4, 4.4, 4.4, 4.4, 4.4, 4.4, 4.4, 4.4, 4.4, 4.3, 4.3, 4.3, 4.3, 4.3, 4.3, 4.3, 4.3, 4.3, 4.3, 4.2, 4.2, 4.2, 4.1, 4.1, 4.1, 4.1, 4.1, 4.0, 4.0, 4.0, 4.0, 4.0, 4.0, 4.0, 3.9, 3.9, 3.9, 3.9, 3.9, 3.8, 3.7, 3.7, 3.7, 3.7, 3.6, 3.6, 3.6, 3.5, 3.5, 3.4, 3.3, 3.3, 3.3, 3.3, 3.3, 3.3, 3.0, 2.8, 1.6]",133,"['a', 'b', 'c']","[외모지상주의], [싸움독학], [인생존망]과 세계관을 공유하는 작품! 공부, 싸움, 외모. 뭐 하나 잘난 것 없는 평범한 고등학생 ‘김수현’의 눈앞에 갑자기 퀘스트창이 나타났다! 첫 번째 퀘스트, [엄마한테 사과하기]를 완료한 수현은 보상으로 키가 3cm 커지게 되는데! 퀘스트 엄청 쉽잖아?! 어떤 퀘스트든 완료해주마! 그런데 다음 퀘스트가? [system] 학교 일진녀와 키스하십시오",src/img/퀘스트지상주의.png,,,"[Timestamp('2024-04-07 00:00:00'), Timestamp('2021-11-09 00:00:00')]"
영업 천재가 되었다,,"판타지,드라마",월,38,"[3.5, 27]","[5.0, 5.0, 5.0, 5.0, 5.0, 5.0, 5.0, 5.0, 5.0, 5.0, 5.0, 5.0, 5.0, 5.0, 5.0, 5.0, 5.0, 5.0, 5.0, 4.0, 4.0, 3.7, 1.0, 1.0, 0.0, 0.0]",26,"['a', 'b', 'c']","나는 빚을 갚기 위해 당장 할 수 있는 일을 선택했고, 그게 내겐 영업이었다. 그리고 내게 다시 한 번의 기회가 주어졌다.",src/img/영업천재가되었다.png,,,"[Timestamp('2024-04-07 00:00:00'), Timestamp('2023-11-26 00:00:00')]"
참교육,,"액션,드라마,한국",월,353,"[4.1, 65]","[5.0, 5.0, 5.0, 5.0, 5.0, 5.0, 5.0, 5.0, 5.0, 5.0, 5.0, 5.0, 5.0, 5.0, 5.0, 5.0, 5.0, 5.0, 5.0, 5.0, 5.0, 5.0, 5.0, 5.0, 5.0, 5.0, 5.0, 5.0, 5.0, 5.0, 5.0, 5.0, 5.0, 5.0, 5.0, 5.0, 5.0, 5.0, 5.0, 5.0, 5.0, 5.0, 5.0, 5.0, 5.0, 5.0, 5.0, 5.0, 5.0, 5.0, 5.0, 5.0, 5.0, 5.0, 5.0, 5.0, 5.0, 5.0, 5.0, 5.0, 5.0, 5.0, 5.0, 5.0, 5.0, 5.0, 5.0, 5.0, 5.0, 5.0, 5.0, 5.0, 5.0, 5.0, 5.0, 5.0, 5.0, 5.0, 5.0, 5.0, 5.0, 5.0, 5.0, 5.0, 5.0, 5.0, 5.0, 5.0, 5.0, 5.0, 4.9, 4.9, 4.9, 4.9, 4.9, 4.9, 4.9, 4.9, 4.9, 4.9, 4.9, 4.9, 4.9, 4.9, 4.9, 4.9, 4.9, 4.8, 4.8, 4.8, 4.8, 4.8, 4.8, 4.7, 4.7, 4.7, 4.7, 4.7, 4.7, 4.6, 4.6, 4.6, 4.6, 4.6, 4.6, 4.6, 4.6, 4.6, 4.6, 4.6, 4.5, 4.5, 4.5, 4.4, 4.4, 4.3, 4.3, 4.2, 4.0, 3.9, 3.9, 3.0]",142,"['a', 'b', 'c']",무너진 교권을 지키기 위해 교권보호국 소속 나화진의 참교육이 시작된다! <부활남> 채용택 작가 X <신석기녀> 한가람 작가의 신작!,src/img/참교육.png,,,"[Timestamp('2024-04-07 00:00:00'), Timestamp('2020-11-20 00:00:00')]"
절대검감,,"액션,무협",월,291,"[4.0, 87]","[5.0, 5.0, 5.0, 5.0, 5.0, 5.0, 5.0, 5.0, 5.0, 5.0, 5.0, 5.0, 5.0, 5.0, 5.0, 5.0, 5.0, 5.0, 5.0, 5.0, 5.0, 5.0, 5.0, 5.0, 5.0, 5.0, 5.0, 5.0, 5.0, 5.0, 5.0, 5.0, 5.0, 5.0, 5.0, 5.0, 5.0, 5.0, 5.0, 5.0, 5.0, 5.0, 5.0, 5.0, 5.0, 5.0, 5.0, 5.0, 5.0, 5.0, 4.9, 4.9, 4.9, 4.9, 4.9, 4.9, 4.8, 4.8, 4.8, 4.8, 4.8, 4.8, 4.8, 4.8, 4.8, 4.7, 4.7, 4.6, 4.6, 4.6, 4.6, 4.6, 4.5, 4.5, 4.4, 4.1, 4.1, 4.1]",78,"['a', 'b', 'c']","단전이 부숴졌다는 이유로 집에서는 내놓은 자식 취급을 받던 소운휘는 혈교에 납치되어서도 삼류 첩자로 살아왔다. 어느 날, 전설로만 알려진 검선비록을 찾는데 이용당하다 죽은 운휘는 10년 전, 혈교에 납치되던 그 날로 돌아가게 되고 검의 목소리를 듣는 신비한 능력을 얻는다.",src/img/절대검감.png,,,"[Timestamp('2024-04-07 00:00:00'), Timestamp('2022-06-19 00:00:00')]"
마왕을 그만둔 이유,,"판타지,액션",월,65,"[2.2, 51]","[5.0, 5.0, 5.0, 5.0, 5.0, 5.0, 4.5, 4.0, 3.0, 3.0, 3.0, 3.0, 3.0, 1.6, 1.6, 0.0]",16,"['a', 'b', 'c']",혼돈의 시대. 마왕은 665세기 동안 대를 걸쳐 인간 세계를 침공했다. 그 처절한 전쟁을 막아 낸 것은 용사들. 그들의 거룩한 희생 속에서 인류는 간신히 살아남았다. 하지만 이건 새로운 마왕의 이야기.,src/img/마왕을그만둔이유.png,,,"[Timestamp('2024-04-07 00:00:00'), Timestamp('2024-01-29 00:00:00')]"
개같이 탈출,,"개그,일상",월,18,"[3.0, 24]","[5.0, 5.0, 5.0, 5.0, 5.0, 5.0, 5.0, 5.0, 5.0, 5.0, 2.3, 1.0, 0.0, 0.0, 0.0, 0.0, 0.0, 0.0, 0.0, 0.0, 0.0, 0.0, 0.0, 0.0, 0.0, 0.0, 0.0, 0.0, 0.0, 0.0, 0.0, 0.0, 0.0, 0.0, 0.0, 0.0]",36,"['a', 'b', 'c']","""살아남으라고? 나는 자그만 말티즈란 말이야!"" 세상 따뜻하고 포근한 가정집에서 살아온 삐용이. 언니 품에서 그저 귀엽기만 하면 되는 견생이었는데... 갑자기 가족들과 모든 인간이 사라져버렸다. 혼자서는 아무것도 할 줄 모르는데, 괴물 좀비 개들이 우글거리는 고립된 도시를 탈출해 언니를 만날 수 있을까?",src/img/개같이탈출.png,,,"[Timestamp('2024-04-07 00:00:00'), Timestamp('2023-09-03 00:00:00')]"
신의탑,,"판타지,액션,한국",월,372,"[2.8, 117]","[5.0, 5.0, 5.0, 5.0, 5.0, 5.0, 5.0, 5.0, 5.0, 5.0, 5.0, 5.0, 5.0, 5.0, 5.0, 5.0, 5.0, 5.0, 5.0, 5.0, 5.0, 5.0, 5.0, 5.0, 5.0, 5.0, 5.0, 5.0, 5.0, 5.0, 5.0, 5.0, 5.0, 5.0, 5.0, 5.0, 5.0, 5.0, 5.0, 5.0, 5.0, 5.0, 5.0, 5.0, 5.0, 5.0, 5.0, 5.0, 5.0, 5.0, 5.0, 5.0, 5.0, 5.0, 5.0, 5.0, 5.0, 5.0, 5.0, 5.0, 5.0, 5.0, 5.0, 5.0, 5.0, 5.0, 5.0, 5.0, 5.0, 5.0, 5.0, 5.0, 5.0, 5.0, 5.0, 5.0, 5.0, 5.0, 5.0, 5.0, 5.0, 5.0, 5.0, 5.0, 5.0, 5.0, 5.0, 5.0, 5.0, 5.0, 5.0, 5.0, 5.0, 5.0, 5.0, 5.0, 5.0, 5.0, 5.0, 5.0, 5.0, 5.0, 5.0, 5.0, 5.0, 5.0, 5.0, 5.0, 5.0, 5.0, 5.0, 5.0, 5.0, 5.0, 5.0, 5.0, 5.0, 5.0, 5.0, 5.0, 5.0, 5.0, 5.0, 5.0, 5.0, 5.0, 5.0, 5.0, 5.0, 5.0, 5.0, 5.0, 5.0, 5.0, 5.0, 5.0, 5.0, 5.0, 5.0, 5.0, 5.0, 5.0, 5.0, 5.0, 5.0, 5.0, 5.0, 5.0, 5.0, 5.0, 5.0, 5.0, 5.0, 5.0, 5.0, 5.0, 5.0, 5.0, 5.0, 5.0, 5.0, 5.0, 5.0, 5.0, 5.0, 5.0, 5.0, 5.0, 5.0, 5.0, 5.0, 5.0, 5.0, 5.0, 5.0, 5.0, 5.0, 5.0, 5.0, 5.0, 5.0, 5.0, 5.0, 5.0, 5.0, 5.0, 5.0, 5.0, 5.0, 5.0, 5.0, 5.0, 5.0, 5.0, 5.0, 5.0, 5.0, 5.0, 5.0, 5.0, 5.0, 5.0, 5.0, 5.0, 5.0, 5.0, 5.0, 5.0, 5.0, 5.0, 5.0, 5.0, 5.0, 5.0, 5.0, 5.0, 5.0, 5.0, 5.0, 5.0, 5.0, 5.0, 5.0, 5.0, 5.0, 5.0, 5.0, 5.0, 5.0, 5.0, 5.0, 5.0, 5.0, 5.0, 5.0, 5.0, 5.0, 5.0, 5.0, 5.0, 5.0, 5.0, 5.0, 5.0, 5.0, 5.0, 5.0, 5.0, 5.0, 5.0, 5.0, 5.0, 5.0, 5.0, 5.0, 5.0, 5.0, 5.0, 5.0, 5.0, 5.0, 5.0, 5.0, 5.0, 5.0, 5.0, 5.0, 5.0, 5.0, 5.0, 5.0, 5.0, 5.0, 5.0, 5.0, 5.0, 5.0, 5.0, 5.0, 5.0, 5.0, 5.0, 5.0, 5.0, 5.0, 5.0, 5.0, 5.0, 5.0, 5.0, 5.0, 5.0, 5.0, 5.0, 5.0, 5.0, 5.0, 5.0, 5.0, 5.0, 5.0, 5.0, 5.0, 5.0, 5.0, 5.0, 5.0, 5.0, 5.0, 5.0, 5.0, 5.0, 5.0, 5.0, 5.0, 5.0, 5.0, 5.0, 5.0, 5.0, 5.0, 5.0, 5.0, 5.0, 5.0, 5.0, 5.0, 5.0, 5.0, 5.0, 5.0, 5.0, 5.0, 5.0, 5.0, 5.0, 5.0, 5.0, 5.0, 5.0, 5.0, 5.0, 5.0, 5.0, 5.0, 5.0, 5.0, 5.0, 5.0, 5.0, 5.0, 5.0, 5.0, 5.0, 5.0, 5.0, 5.0, 5.0, 5.0, 5.0, 5.0, 5.0, 5.0, 5.0, 5.0, 5.0, 5.0, 5.0, 5.0, 5.0, 5.0, 5.0, 5.0, 5.0, 5.0, 5.0, 5.0, 5.0, 5.0, 5.0, 5.0, 5.0, 5.0, 5.0, 5.0, 5.0, 5.0, 5.0, 5.0, 5.0, 5.0, 5.0, 5.0, 5.0, 5.0, 5.0, 5.0, 5.0, 5.0, 5.0, 5.0, 5.0, 5.0, 5.0, 5.0, 5.0, 5.0, 5.0, 5.0, 5.0, 5.0, 5.0, 5.0, 5.0, 5.0, 5.0, 5.0, 5.0, 5.0, 5.0, 5.0, 5.0, 5.0, 5.0, 5.0, 5.0, 5.0, 5.0, 5.0, 5.0, 5.0, 5.0, 5.0, 5.0, 5.0, 5.0, 5.0, 5.0, 5.0, 5.0, 5.0, 5.0, 5.0, 5.0, 5.0, 5.0, 5.0, 5.0, 5.0, 5.0, 5.0, 5.0, 5.0, 5.0, 5.0, 5.0, 5.0, 5.0, 5.0, 5.0, 5.0, 5.0, 5.0, 5.0, 5.0, 5.0, 5.0, 5.0, 5.0, 5.0, 5.0, 5.0, 5.0, 5.0, 5.0, 5.0, 5.0, 5.0, 5.0, 5.0, 5.0, 5.0, 4.9, 4.9, 4.9, 4.8, 4.8, 4.8, 4.8, 4.8, 4.8, 4.8, 4.8, 4.7, 4.7, 4.7, 4.7, 4.6, 4.6, 4.6, 4.6, 4.6, 4.5, 4.4, 4.3, 4.3, 4.3, 4.2, 4.1, 4.0, 4.0, 4.0, 4.0, 4.0, 3.9, 3.9, 3.9, 3.8, 3.8, 3.7, 3.7, 3.7, 3.7, 3.7, 3.6, 3.6, 3.6, 3.5, 3.5, 3.4, 3.4, 3.4, 3.4, 3.4, 3.4, 3.3, 3.3, 3.3, 3.3, 3.3, 3.2, 3.2, 3.2, 3.1, 3.0, 3.0, 3.0, 3.0, 3.0, 2.9, 2.9, 2.9, 2.9, 2.9, 2.7, 2.7, 2.7, 2.7, 2.7, 2.6, 2.6, 2.6, 2.5, 2.5, 2.5, 2.5, 2.4, 2.4, 2.4, 2.4, 2.4, 2.4, 2.4, 2.4, 2.3, 2.3, 2.2, 2.2, 2.2, 2.2, 2.1, 2.1, 2.1, 2.0, 2.0, 2.0, 2.0, 2.0, 1.9, 1.9, 1.9, 1.9, 1.9, 1.9, 1.8, 1.8, 1.8, 1.8, 1.8, 1.8, 1.8, 1.8, 1.8, 1.7, 1.7, 1.7, 1.7, 1.7, 1.7, 1.7, 1.7, 1.7, 1.6, 1.5, 1.4, 1.3, 1.3, 1.3, 1.2, 1.2, 1.1, 1.0, 1.0, 1.0, 1.0, 1.0, 1.0, 1.0]",628,"['a', 'b', 'c']",자신의 모든 것이었던 소녀를 쫓아 탑에 들어온 소년 그리고 그런 소년을 시험하는 탑,src/img/신의탑.png,,,"[Timestamp('2024-04-07 00:00:00'), Timestamp('2018-04-26 00:00:00')]"
회귀한 공작가의 막내도련님은 암살자,,"판타지,액션",월,174,"[4.1, 47]","[5.0, 5.0, 5.0, 5.0, 5.0, 5.0, 5.0, 5.0, 4.8, 4.7, 4.7, 4.3, 4.2, 4.0, 3.6, 3.5, 3.3]",17,"['a', 'b', 'c']","대륙 제일의 암살자 시안 베르트 평생을 믿고 따랐던 형에게 배신당한 뒤, 비참한 최후를 맞이한다. 만약 내게 한 번 더 생이 주어진다면 그때는 다른 삶을 살 것이다. 오로지 나 하나만을 바라보면서, 내 스스로 모든 것을 이룰 수 있는 누구도 섬기지 않는 그런 삶을. 그렇게 맞이하게 된 두 번째 삶. 더 이상 남을 위해 살던 그림자 시안 베르트는 없다. 다시 쓰는 인생 나를 위한 모든 것을 이룩하리라!",src/img/회귀한공작가의막내도련님은암살자.png,,,"[Timestamp('2024-04-07 00:00:00'), Timestamp('2024-02-25 00:00:00')]"
백작가 영애가 황제의 번견을 길들이는 방법,,"판타지,로맨스",월,10,"[1.7, 13]","[4.0, 2.0, 1.0, 0.0, 0.0, 0.0, 0.0, 0.0, 0.0, 0.0, 0.0, 0.0, 0.0, 0.0, 0.0, 0.0, 0.0, 0.0, 0.0, 0.0, 0.0, 0.0, 0.0, 0.0, 0.0, 0.0, 0.0, 0.0, 0.0, 0.0, 0.0, 0.0, 0.0, 0.0, 0.0, 0.0, 0.0, 0.0, 0.0, 0.0, 0.0, 0.0, 0.0, 0.0, 0.0, 0.0, 0.0, 0.0, 0.0, 0.0]",50,"['a', 'b', 'c']",아버지로부터 정략결혼을 강요받고 있던 백작영애 에스메랄다. 스스로 운명의 반려를 찾고자 참가한 무도회에서 처음 만난 알폰스에게 연애를 제안한다. 알고 보니 그의 정체는 뒷세계의 사건들을 처리하고 있는 황제의 번견. 임무 수행에 이용하기 연애를 시작한 알폰스였지만 스스럼없이 돌진해오는 그녀에게 점차 마음이 쓰인다. 한편 일도 연애도 열심이었던 그녀는 블랙 저먼 아이리스의 음모의 한복판에 휘말리게 되는데…,src/img/백작가영애가황제의번견을길들이는방법.png,,,"[Timestamp('2024-04-07 00:00:00'), Timestamp('2022-04-11 00:00:00')]"
"공작님, 우리 목욕합시다!",,"판타지,로맨스",월,81,"[4.3, 39]","[5.0, 5.0, 5.0, 5.0, 5.0, 5.0, 5.0, 5.0, 5.0, 5.0, 5.0, 5.0, 5.0, 5.0, 5.0, 5.0, 5.0, 5.0, 5.0, 5.0, 5.0, 5.0, 5.0, 5.0, 5.0, 5.0, 5.0, 5.0, 5.0, 5.0, 5.0, 5.0, 5.0, 5.0, 5.0, 5.0, 5.0, 5.0, 5.0, 5.0, 5.0, 5.0, 4.0, 4.0, 3.7, 3.7, 3.7, 3.7, 3.7, 0.0, 0.0, 0.0]",52,"['a', 'b', 'c']","위생이 불량한 중세 로판 세계의 공녀로 빙의한 여주가 목욕과 더불어 유일하게 청결한 공작의 마음까지 쟁취하는 판타지 로코물. 녹안 원작 공작가의 사랑받는 둘째 딸 ‘나디아 골드게이트’로 빙의한 주인공. 그러나 이 곳은 실제 중세 유럽의 위생이 너무나도 현실적으로 반영되는 소설 속이다. 나디아를 둘러싼 모든 이에게서 구린내가 나는 와중에, 어딘가 수상한 과거를 가졌지만 청결한 '클로드 카르테인' 공작이 나디아 앞에 나타난다. 모두 지저분한 이 세계에서 유일하게 목욕을 즐기는 남자라니, 절대 놓칠 수 없어! “사랑해요, 공작님! 나랑 결혼해서 하루에 목욕 두 번씩 해!” 하지만 공작은 그녀의 청혼을 거절하고, 설상가상으로 주변의 모든 이가 그녀의 목욕을 방해하는데… 과연 나디아는 공작의 사랑과 목욕을 모두 쟁취할 수 있을까?",src/img/공작님우리목욕합시다.png,,,"[Timestamp('2024-04-07 00:00:00'), Timestamp('2023-05-01 00:00:00')]"
브로맨스 북클럽,,"로맨스,드라마",월,17,"[4.4, 14]","[5.0, 5.0, 5.0, 5.0, 5.0, 5.0, 5.0, 5.0, 5.0, 5.0, 5.0, 5.0, 5.0, 3.7, 3.0, 3.0, 1.0, 0.0, 0.0, 0.0, 0.0, 0.0, 0.0, 0.0, 0.0, 0.0, 0.0, 0.0, 0.0, 0.0, 0.0, 0.0, 0.0, 0.0, 0.0, 0.0, 0.0, 0.0, 0.0]",39,"['a', 'b', 'c']","잘 나가는 프로 야구 선수에 스포츠 잡지 커버를 장식할 정도의 훈훈한 외모. 이름하여 '갖고 싶은 남자', 개빈 스캇. 그래서 모든 게 쉬웠다. 단 하나, 아내의 마음을 얻는 것만 빼고. 당장 내일 이혼 당할 위기에 처한 개빈에게 운동팀 동료들이 은밀한 제안을 건넨다. ""너, 우리 북클럽에 들어와라."" 연애를 로판으로 배우려는 남자들의 좌충우돌 코믹 대활극이자 진정으로 사랑하는 법을 고민하는 이들을 위한 로맨틱한 안내서, <브로맨스 북클럽>",src/img/브로맨스북클럽.png,,,"[Timestamp('2024-04-07 00:00:00'), Timestamp('2023-10-23 00:00:00')]"
저주는 끝나지 않았다,,"판타지,로맨스",월,61,"[4.6, 25]","[5.0, 5.0, 5.0, 5.0, 5.0, 5.0, 5.0, 5.0, 5.0, 5.0, 5.0, 5.0, 5.0, 5.0, 5.0, 5.0, 5.0, 5.0, 5.0, 5.0, 5.0, 5.0, 5.0, 5.0, 5.0, 5.0, 5.0, 5.0, 5.0, 5.0, 5.0, 5.0, 5.0, 5.0, 4.7, 4.5, 4.0, 4.0, 4.0, 4.0, 0.0, 0.0, 0.0, 0.0, 0.0, 0.0, 0.0, 0.0, 0.0, 0.0, 0.0, 0.0]",52,"['a', 'b', 'c']","사랑하는 남자 헬리스를 위해, 그리고 자신을 위해 자신의 이복오빠이자 황제인 이안플리드를 죽이게 된 카네펠리아. 그 반동으로 저주에 걸리게 되어 8살로 회귀하게 된다. 돌아온 카네펠리아는 자신의 삶을 고통 속에 빠트렸던 이안플리드에게 다시 한 번 완벽한 복수를 준비하고, 더불어 이번 생에는 절대 헬리스와 엮이지 않음으로써 그에게 행복한 삶을 선사할 것을 다짐한다.",src/img/저주는끝나지않았다.png,,,"[Timestamp('2024-04-07 00:00:00'), Timestamp('2023-11-13 00:00:00')]"
나를 찾지 말아요,,"판타지,로맨스",월,13,"[3.7, 13]","[5.0, 5.0, 5.0, 5.0, 5.0, 5.0, 5.0, 5.0, 5.0, 5.0, 5.0, 5.0, 5.0, 5.0, 5.0, 5.0, 5.0, 5.0, 5.0, 5.0, 5.0, 5.0, 3.5, 3.0, 0.0]",25,"['a', 'b', 'c']","정령을 보는 민족의 마지막 후손, 원수 집안의 후계자와 사랑에 빠지다! 정령의 힘을 다루는 유렌달 민족의 마지막 후손 유페미아. 그녀는 무정한 가족을 벗어나 페레디트 공작부인의 간병인이 되고, 그곳에서 만난 보좌관 시리우스와 사랑에 빠진다. 그런데, 시리우스가 사실 공작가의 외아들 카시어스 페레디트이자, 유렌달 민족을 몰살시킨 가문의 후계자라는 사실을 알게 되는데…. 원수 집안의 아들과 사랑을 이어갈 수 없는 그녀의 선택은?",src/img/나를찾지말아요.png,,,"[Timestamp('2024-04-07 00:00:00'), Timestamp('2023-12-25 00:00:00')]"
귀여운 걸 어떡해,,"판타지,로맨스",월,66,"[2.8, 48]","[5.0, 5.0, 5.0, 5.0, 5.0, 5.0, 5.0, 5.0, 5.0, 5.0, 5.0, 5.0, 5.0, 5.0, 5.0, 5.0, 5.0, 5.0, 5.0, 5.0, 5.0, 5.0, 5.0, 5.0, 5.0, 5.0, 5.0, 5.0, 5.0, 5.0, 5.0, 5.0, 5.0, 4.8, 4.6, 4.6, 4.5, 4.4, 4.3, 4.0, 4.0, 3.7, 3.7, 3.6, 3.5, 3.3, 3.0, 1.0, 1.0, 1.0, 0.0, 0.0, 0.0, 0.0, 0.0, 0.0, 0.0]",57,"['a', 'b', 'c']","도련님의 놀이 상대라고? 남자아이로 오해받은 채 살아 온 고아 로즈니. 어느 날 고아원에 찾아온 귀족님께 덜컥 선택받았다! 끔찍했던 고아원으로 돌아가지 않기 위해, 절대 여자인 걸 들키지 않겠다고 다짐했는데…! ""...여자아이잖아?"" 하루 만에 들키고 말았다! 이젠 어떻게 되는 걸까. 두려움에 벌벌 떨며 공작가 분들 앞에 선 순간. “너무 귀여워서 안 되겠소.” 오히려 상냥하게 맞아 주신다? 귀여운 걸 어떡해! 라는 이유로 눌러앉게 된 로즈니의 공작성 생활기!",src/img/귀여운걸어떡해.png,,,"[Timestamp('2024-04-07 00:00:00'), Timestamp('2023-01-30 00:00:00')]"
더는 싫었다,,"판타지,로맨스",월,62,"[2.9, 39]","[5.0, 5.0, 5.0, 5.0, 5.0, 5.0, 5.0, 5.0, 5.0, 5.0, 5.0, 5.0, 5.0, 5.0, 5.0, 5.0, 5.0, 5.0, 5.0, 5.0, 5.0, 5.0, 5.0, 5.0, 5.0, 5.0, 5.0, 5.0, 5.0, 5.0, 5.0, 5.0, 5.0, 5.0, 4.8, 4.7, 4.7, 4.5, 4.0, 4.0, 4.0, 3.7, 3.5, 3.0, 3.0, 3.0, 3.0, 3.0, 2.5, 0.0, 0.0, 0.0, 0.0, 0.0, 0.0, 0.0, 0.0, 0.0, 0.0, 0.0, 0.0]",61,"['a', 'b', 'c']","절연을 석 달 앞둔 열일곱의 여름. 실종된 레너티 후작가의 첫째 딸, 내 ‘언니’ 라는 소녀가 돌아왔다. 저택의 모두가 그녀만을 사랑했지만, 나는 상관 없었다. 그런데… 종종 만난 자칭 하급 정령은 뜻밖의 이야기를 하지 않나, 내 ‘언니’라는 여자는 나를 보호하려 들고, 상호 거래로 계약한 공작은 손해를 자처한다. 그리고 다정한 소꿉친구와는 더 이상 단순한 친구관계가 아닐 것 같다.",src/img/더는싫었다.png,,,"[Timestamp('2024-04-07 00:00:00'), Timestamp('2023-05-25 00:00:00')]"
시한부 연애 계약 (완전판),,"로맨스,드라마",월,8,"[2.3, 3]","[5.0, 5.0, 5.0, 5.0, 5.0, 5.0, 5.0, 5.0, 4.0, 0.0, 0.0, 0.0, 0.0, 0.0, 0.0, 0.0, 0.0, 0.0, 0.0, 0.0, 0.0, 0.0, 0.0, 0.0, 0.0, 0.0, 0.0, 0.0, 0.0, 0.0, 0.0, 0.0, 0.0]",33,"['a', 'b', 'c']","폐암 4기 진단, 남은 시간은 일년이라는 시한부 선고. 일 밖에 몰랐던 소이는 버킷리스트를 작성한다. ""키 크고, 잘생기고, 매너 좋잖아. 내가 버킷리스트 같이 해 줄게."" 하늘 같은 직장 상사 도준의 계약 연애 제안에 얼레벌레 넘어간 소이는 그와 몸까지 섞게 되는데!",src/img/시한부연애계약완전판.png,,,"[Timestamp('2024-04-07 00:00:00'), Timestamp('2023-11-27 00:00:00')]"
원작에 없는 인물로 태어났습니다,,"판타지,로맨스",월,90,"[3.7, 40]","[5.0, 5.0, 5.0, 5.0, 5.0, 5.0, 5.0, 5.0, 5.0, 5.0, 5.0, 5.0, 5.0, 5.0, 5.0, 5.0, 5.0, 5.0, 5.0, 5.0, 5.0, 5.0, 5.0, 5.0, 5.0, 5.0, 5.0, 5.0, 5.0, 5.0, 5.0, 5.0, 5.0, 5.0, 5.0, 5.0, 5.0, 5.0, 5.0, 4.7, 4.5, 4.5, 4.5, 4.3, 4.0, 4.0, 4.0, 3.7, 3.5, 3.3, 3.0, 2.0, 1.5, 0.0, 0.0, 0.0, 0.0, 0.0]",58,"['a', 'b', 'c']","죽음을 맞이하고 눈을 뜨니 전생에 자신이 쓴 소설 속에 없던 인물인 여주의 언니로 다시 태어난 탈레이아. 소설 속 세상에 정붙이기 위해 노력하지만 전부 자신이 만들어낸 것에 불과하다는 생각뿐이다. ""나랑 결혼 안 해줄 거야?"" 다섯 살 꼬꼬마 시절부터 탈레이아에게 청혼을 한, 원래대로면 탈레이아의 여동생을 사랑했어야 할 아이기스는 ""틸리가 나를 사랑하게 해주세요."" 성인이 되는 생일날 신에게 소원을 빈다. 어린아이의 한철 사랑으로 치부했던 아이기스의 고백이 탈레이아에게 성큼 다가오는데... 과연 탈레이아는 자신의 여동생을 사랑하도록 만든 아이기스의 소원을 이뤄줄 수 있을까?",src/img/원작에없는인물로태어났습니다.png,,,"[Timestamp('2024-04-07 00:00:00'), Timestamp('2023-11-27 00:00:00')]"
절대역 [완전판],,"판타지,로맨스,성인",월,70,"[4.0, 14]","[5.0, 5.0, 5.0, 5.0, 5.0, 5.0, 5.0, 5.0, 5.0, 5.0, 5.0, 5.0, 5.0, 5.0, 5.0, 5.0, 2.3, 0.0, 0.0, 0.0, 0.0, 0.0, 0.0, 0.0, 0.0]",25,"['a', 'b', 'c']","권력 있는 재력가 집안의 외동딸 최주미. 모든 것을 가진 듯 보이지만 제 뜻 대로 한 일 하나 없이 인형처럼 살아온 외로운 인생. 그리고 유독 시리고 긴 겨울, 그 남자를 만났다. 자비 없고 잔인하고 냉소적인 남자. 한국 최대 조폭 조직인 우성의 거물이자 후계자, 정윤교. 아버지의 명령으로 나온 맞선 자리에서 그를 기다리며 바랐다. 차라리 그가 이 자리에 나오지 않기를. ""도망갈 시간은 충분히 준 것 같은데."" 그때 도망쳤다면, 우리가 만나지 않았다면 이런 일은 없었을까. 하지만... 늘 절제된 얼굴. 저 얼굴이 무너지는 걸 보면 짜릿할 거 같은데. ""너도 이 불장난이 해보고 싶어?"" 순간의 호기심으로 시작된 불장난. 그저 그 뿐일 줄 알았는데... 하룻밤의 대가 치고는 너무도 가혹했다. ""나 없는 동안 또 누구랑 붙어먹었어. 여기 든 게 내 애가 맞냐고 묻고 있잖아."" 그날 밤의 비밀을 알아버린 그가 주미 앞에 나타나고 두 사람은 위험하다는 것을 알면서도 서로에게 강렬하게 이끌리고 마는데... 우연으로 시작해 필연으로 엮인 두 사람의 아슬아슬하면서도 뜨겁고, 뜨거우면서도 더티한 고수위 로맨스!",src/img/절대역완전판.png,,,"[Timestamp('2024-04-07 00:00:00'), Timestamp('2024-01-01 00:00:00')]"
귀촌리,,"액션,미스터리",월,21,"[4.6, 9]","[5.0, 5.0, 5.0, 5.0, 1.0, 0.0, 0.0, 0.0, 0.0]",9,"['a', 'b', 'c']","평범한 시골 마을 '귀촌리'를 찾은 '허무명'. 그는 돌아가신 할머니의 빈 집에 조용히 숨어든다. 그런데 집이 이상하리만큼 깔끔하다. 할머니가 돌아가신 건 3년 전인데? 어쩐지 마을 사람들은 이방인 무명의 방문을 달가워 하는 것 같지 않다. 아니, 실은 경계하는 것 같다. 그리고 그 날을 기점으로 마을 사람들이 하나, 둘 씩 사라지기 시작한다.",src/img/귀촌리.png,,,"[Timestamp('2024-04-07 00:00:00'), Timestamp('2024-03-18 00:00:00')]"
환생천마,,"판타지,무협",월,72,"[4.5, 31]","[5.0, 5.0, 5.0, 5.0, 4.8, 4.8, 4.8, 4.7, 4.6, 4.0, 4.0, 3.7]",12,"['a', 'b', 'c']","철혈의 맹주, 강호의 절대자 '천하진'. 가문의 수치라 불리는 망나니 '벽리단'의 몸으로 깨어나다! 취미는 사기도박, 검은 창고에 박아둔지 오래. 하루아침에 천하제일인에서 천하의 쓰레기가 된 그는 다시 검을 잡고, 전생에서 이루지 못한 경지에 오르고자 한다.",src/img/환생천마.png,,,"[Timestamp('2024-04-07 00:00:00'), Timestamp('2024-03-17 00:00:00')]"
설산의 괴물 황녀,,"판타지,로맨스",월,40,"[4.0, 24]","[5.0, 5.0, 5.0, 5.0, 5.0, 5.0, 5.0, 5.0, 5.0, 5.0, 5.0, 5.0, 4.0, 4.0, 3.0, 0.0, 0.0, 0.0, 0.0, 0.0, 0.0, 0.0]",22,"['a', 'b', 'c']",발레리 벨로프는 어미의 죄로 얼어붙은 설산에 유배를 당한다. 그곳에서 과거 제국을 두려움에 떨게 한 괴물의 빙결 능력을 얻은 발레리는 19살 생일 스스로 죽음을 맞은 뒤 눈을 떠보니 9살의 어린 시절로 돌아온 것을 알게 된다. 과거와 달라지기 위해 발레리는 자신을 유배시킨 이복 오빠인 황제 밀러드를 만나고자 한다.,src/img/설산의괴물황녀.png,,,"[Timestamp('2024-04-07 00:00:00'), Timestamp('2024-02-25 00:00:00')]"
화산권마,,"액션,무협,한국",월,189,"[3.6, 118]","[5.0, 5.0, 5.0, 5.0, 5.0, 5.0, 5.0, 5.0, 5.0, 5.0, 5.0, 5.0, 5.0, 5.0, 5.0, 5.0, 5.0, 5.0, 5.0, 5.0, 5.0, 5.0, 5.0, 5.0, 5.0, 5.0, 5.0, 5.0, 5.0, 5.0, 5.0, 5.0, 5.0, 5.0, 5.0, 5.0, 5.0, 5.0, 5.0, 5.0, 5.0, 5.0, 5.0, 5.0, 5.0, 5.0, 5.0, 5.0, 5.0, 5.0, 5.0, 5.0, 5.0, 5.0, 5.0, 5.0, 5.0, 5.0, 5.0, 5.0, 5.0, 5.0, 5.0, 5.0, 5.0, 5.0, 5.0, 5.0, 5.0, 5.0, 5.0, 5.0, 5.0, 5.0, 5.0, 5.0, 5.0, 5.0, 4.9, 4.9, 4.9, 4.9, 4.9, 4.9, 4.9, 4.9, 4.9, 4.9, 4.9, 4.9, 4.9, 4.9, 4.9, 4.9, 4.9, 4.9, 4.9, 4.9, 4.9, 4.9, 4.9, 4.9, 4.8, 4.8, 4.8, 4.8, 4.8, 4.8, 4.8, 4.8, 4.8, 4.8, 4.8, 4.8, 4.8, 4.8, 4.8, 4.8, 4.8, 4.8, 4.8, 4.8, 4.8, 4.8, 4.8, 4.8, 4.7, 4.7, 4.7, 4.7, 4.7, 4.7, 4.7, 4.7, 4.7, 4.6, 4.6, 4.6, 4.6, 4.6, 4.6, 4.6, 4.6, 4.6, 4.6, 4.5, 4.5, 4.5, 4.5, 4.5, 4.5, 4.5, 4.5, 4.5, 4.4, 4.4, 4.4, 4.4, 4.4, 4.4, 4.4, 4.3, 4.3, 4.3, 4.2, 4.2, 4.2, 4.2, 4.2, 4.2, 4.2, 4.1, 3.8, 3.7, 3.6]",175,"['a', 'b', 'c']","자신의 마을이 습격받고 유일하게 살아남은 담호, 하지만 담호는 절름발이다. 무인으로서 최악의 조건이지만 담호는 수련을 멈추지 않는다. 주변 사람들로부터 무인이 될 수 없다고 듣지만 끝까지 포기하지 않는 담호, 과연 그는 최고의 무인이 될 수 있을 것인가?",src/img/화산권마.png,,,"[Timestamp('2024-04-07 00:00:00'), Timestamp('2021-02-15 00:00:00')]"
후작가의 역대급 막내아들,,"판타지,액션",월,435,"[2.8, 174]","[5.0, 5.0, 5.0, 5.0, 5.0, 5.0, 5.0, 5.0, 5.0, 5.0, 5.0, 5.0, 5.0, 5.0, 5.0, 5.0, 5.0, 5.0, 5.0, 5.0, 5.0, 5.0, 5.0, 5.0, 5.0, 5.0, 5.0, 5.0, 5.0, 5.0, 5.0, 5.0, 5.0, 4.9, 4.9, 4.9, 4.9, 4.9, 4.9, 4.9, 4.9, 4.9, 4.9, 4.9, 4.9, 4.8, 4.8, 4.8, 4.8, 4.8, 4.8, 4.8, 4.8, 4.8, 4.7, 4.7, 4.6, 4.5, 4.5, 4.5, 4.5, 4.5, 4.4, 4.4, 4.4, 4.4, 4.4, 4.3, 4.3, 4.3, 4.3, 4.3, 4.2, 4.1, 4.1, 4.0, 4.0, 4.0, 4.0, 3.9, 3.9, 3.9, 3.8, 3.7, 3.7, 3.7, 3.7, 3.6, 3.6, 3.6, 3.5, 3.4, 3.3, 3.3, 3.2, 3.2, 3.0, 2.9, 2.9, 2.9, 2.8, 2.8, 2.5, 2.0, 0.0]",105,"['a', 'b', 'c']","명망있는 후작가의 막내아들 잭 발란티에. 남들 보다 못한 가족들 사이에서 유일하게 의지했던 건 누나 뿐! 가문 따위야 멸문을 하든 말든 미련이 없었지만, 누나의 죽음이 헛된 희생인 걸 알게 된 후, 오로지 복수만을 위한 검귀가 되었다. 마침내 서대륙을 지배하는 돌칸 제국을 무너뜨리고, 시산혈해 위의 괴물이 되었을 땐, 다가온 죽음을 겸허히 받아 들였다. 그런데! 14살, 과거로 돌아왔다! 그래, 이건 후회뿐이던 과거를 바로 잡을 기회다. 이번 생엔 두 번 다시 내 사람들을 잃지 않겠다! 후작가의 역대급 막내아들의 통쾌한 회귀 스토리가 시작된다!!",src/img/후작가의역대급막내아들.png,,,"[Timestamp('2024-04-07 00:00:00'), Timestamp('2022-03-13 00:00:00')]"
주인공의 여동생이다,,"로맨스,드라마",월,132,"[3.1, 76]","[5.0, 5.0, 5.0, 5.0, 5.0, 5.0, 5.0, 5.0, 5.0, 5.0, 5.0, 5.0, 5.0, 5.0, 5.0, 5.0, 5.0, 5.0, 5.0, 5.0, 5.0, 5.0, 5.0, 5.0, 5.0, 5.0, 5.0, 5.0, 5.0, 5.0, 5.0, 5.0, 5.0, 5.0, 5.0, 5.0, 5.0, 5.0, 5.0, 5.0, 5.0, 5.0, 5.0, 5.0, 5.0, 5.0, 5.0, 5.0, 5.0, 5.0, 5.0, 5.0, 5.0, 5.0, 5.0, 5.0, 5.0, 5.0, 5.0, 5.0, 5.0, 5.0, 5.0, 4.7, 4.3, 4.2, 4.0, 4.0, 3.7, 3.7, 3.0, 1.0, 0.0, 0.0, 0.0, 0.0, 0.0]",77,"['a', 'b', 'c']","얼마전까지 나에겐 도저히 이룰 수 없을 것 같던 소원이 세 개 있었다. ‘실종된 큰오빠가 돌아오게 해주세요.’ ‘작은 오빠가 균열 짐꾼을 그만둘 수 있도록 각성하게 해주세요.’ ‘막내 오빠는…눈을 떠주기만 한다면…’ 더는 바랄 것 없이 행복만 가득할 거라고… 그렇게 생각했는데…! “큭… 내 안의 어둠을 숨기기 위해 10년만 놀 테니 조금만 더 고생해라, 막내야!” 큰오빠는 중2병을 얻고 돌아왔다. “형이 10년만 논다니까 나도 10년만 놀게!” 작은오빠는 각성한 채로 미래에서 회귀했다(고 주장한다). “신의 총애를 받는 고귀한 혼을 모실 기회를 주마, 멍충한 돼지야.” 막내오빠는… 생각만 해도 골치 아프니 넘어가자. “이 밥버러지 식충이들! 당장 나가서 일하지 못해!” 더는 바랄 것이 없는 소녀가장 이보배의 앞길엔 행복이 가득할 수 있을까?",src/img/주인공의여동생이다.png,,,"[Timestamp('2024-04-07 00:00:00'), Timestamp('2022-10-07 00:00:00')]"
상사의 청혼,,"로맨스,드라마",월,23,"[5.0, 3]","[5.0, 5.0, 5.0, 5.0, 5.0, 5.0, 5.0, 5.0, 5.0, 5.0, 5.0, 5.0, 5.0, 5.0, 5.0, 5.0, 5.0, 5.0, 5.0, 5.0, 5.0, 5.0, 5.0, 5.0, 5.0, 5.0, 5.0, 5.0, 5.0, 5.0, 5.0, 5.0, 5.0, 5.0, 5.0, 5.0, 5.0, 5.0, 5.0, 5.0, 5.0, 5.0, 5.0, 5.0, 5.0, 5.0, 5.0, 5.0, 4.5, 2.5, 0.0, 0.0, 0.0, 0.0, 0.0, 0.0, 0.0, 0.0]",58,"['a', 'b', 'c']",상사의 청혼,src/img/상사의청혼.png,,,"[Timestamp('2024-04-07 00:00:00'), Timestamp('2023-07-02 00:00:00')]"
달빛이 내리는 검,,"판타지,로맨스",월,2,"[1.0, 5]","[5.0, 4.0, 0.0, 0.0, 0.0, 0.0, 0.0, 0.0, 0.0, 0.0, 0.0, 0.0, 0.0, 0.0, 0.0, 0.0, 0.0, 0.0, 0.0, 0.0, 0.0, 0.0, 0.0, 0.0, 0.0, 0.0, 0.0, 0.0, 0.0, 0.0, 0.0, 0.0, 0.0, 0.0, 0.0, 0.0, 0.0, 0.0, 0.0, 0.0, 0.0, 0.0, 0.0, 0.0, 0.0]",45,"['a', 'b', 'c']","천한 무희 출신 어머니의 죽음과 함께 12살에서 성장이 멈춘 5황녀 유리. 쭉정이 황녀로 불리는 그녀는 황궁 구석에서 숨죽여 살던 중, 제국 서북부의 주인이자 살인귀로 악명이 높은 흑왕의 4번째 신부로 정해진다. 3명의 황녀를 신부로 맞이했지만 연달아 죽음을 맞이해 신부 잡아먹는 귀신이란 별칭도 가진 흑왕과의 혼인. 과연 이것은 유리 황녀에게 기회일까 아니면 또 다른 절망일까?",src/img/달빛이내리는검.png,,,"[Timestamp('2024-04-07 00:00:00'), Timestamp('2023-10-26 00:00:00')]"
이번 생은 가주가 되겠습니다,,"판타지,로맨스,한국",월,1410,"[4.5, 372]","[5.0, 5.0, 5.0, 5.0, 5.0, 5.0, 5.0, 5.0, 5.0, 5.0, 5.0, 5.0, 5.0, 5.0, 5.0, 5.0, 5.0, 5.0, 5.0, 5.0, 5.0, 5.0, 5.0, 5.0, 5.0, 5.0, 5.0, 5.0, 5.0, 5.0, 5.0, 5.0, 5.0, 5.0, 5.0, 5.0, 5.0, 5.0, 5.0, 5.0, 5.0, 5.0, 5.0, 5.0, 5.0, 5.0, 5.0, 5.0, 5.0, 5.0, 5.0, 5.0, 5.0, 5.0, 5.0, 5.0, 5.0, 5.0, 5.0, 5.0, 5.0, 5.0, 5.0, 5.0, 5.0, 5.0, 5.0, 5.0, 4.9, 4.9, 4.9, 4.9, 4.9, 4.9, 4.9, 4.9, 4.9, 4.9, 4.9, 4.9, 4.9, 4.9, 4.9, 4.9, 4.9, 4.9, 4.9, 4.9, 4.9, 4.9, 4.9, 4.9, 4.9, 4.9, 4.9, 4.9, 4.9, 4.9, 4.9, 4.9, 4.9, 4.9, 4.9, 4.9, 4.9, 4.9, 4.9, 4.9, 4.8, 4.8, 4.8, 4.8, 4.8, 4.8, 4.8, 4.8, 4.8, 4.8, 4.8, 4.8, 4.8, 4.7, 4.7, 4.7, 4.7, 4.7, 4.7, 4.7, 4.6, 4.6, 4.6, 4.6, 4.6, 4.6, 4.6, 4.6, 4.6, 4.6, 4.6, 4.5, 4.5, 4.5, 4.5, 4.3, 4.3, 4.3]",146,"['a', 'b', 'c']","“…한번 해 보자. 내가 가주가 되는 거야.” 제국에서 제일가는 가문, 롬바르디의 사생아로 환생한 피렌티아. 게다가 이 가문은 막대한 부는 물론 외교와 문화까지 통달한 말그대로 제국의 역사 자체! 금수저 오브 금수저 인생 당첨! 앞으로는 탄탄대로일 거라 생각했는데…. 아버지는 돌아가시고, 친척들은 문전박대, 거기다 그 잘나가던 가문까지 쫄딱 망해 버릴 줄이야!! 분통을 터트리며 술을 조금(?) 많이 마시며 돌아가는 길, 마차에 치여버리기까지! “이건 해도 해도 너무하잖아….” 하지만 원망도 잠시, 눈을 뜨니 일곱 살로 돌아왔다?! 사랑하는 아버지를 다시 보는 것도 믿기지 않는데, 내가 아버지와 가문을 살릴 수도 있다고? 거기다 회귀 전 가문의 원수, 2황자가 대형견마냥 졸졸 쫓아다니기까지?! 좋아, 이렇게 된 거 2황자도 가문도 다 내 거다! 환생에 회귀까지, 인생 3회차 피렌티아의 가주되기 프로젝트!",src/img/이번생은가주가되겠습니다.png,,,"[Timestamp('2024-04-07 00:00:00'), Timestamp('2021-03-01 00:00:00')]"
최애 구원 소녀,,로맨스,월,13,"[2.5, 13]","[5.0, 5.0, 5.0, 5.0, 5.0, 5.0, 5.0, 5.0, 2.0, 0.0, 0.0, 0.0, 0.0, 0.0, 0.0, 0.0, 0.0, 0.0, 0.0, 0.0, 0.0, 0.0, 0.0, 0.0, 0.0, 0.0, 0.0, 0.0, 0.0, 0.0, 0.0, 0.0, 0.0, 0.0, 0.0, 0.0, 0.0]",37,"['a', 'b', 'c']","긴 입원 생활의 위로였던 노래를 흥얼거리는 ‘이여주’에게 휴대폰 영상 속에서만 보던 아이돌 스타 ‘박재하’가 말을 건다. “내가 도와줄게. 수술비가 필요한 거지?” 그렇게 ‘여주’의 생명의 은인이자 최애가 된 ‘재하’. 그러나 5년 후, 그는 극단적인 선택으로 생을 마감하고... 충격에 빠진 ‘여주’는 그를 살려달라 별똥별을 향해 소리친다. 소원이 이루어진 걸까, 그녀는 7년 전으로 돌아가 당시 탑 아이돌이자 오디션 프로그램 <나는 최강 아이돌>의 심사위원 ‘장보란’의 몸에 빙의하는데... 오디션 참가자 중엔 연습생 '박재하'가 있다! “당신이 날 구원해 준 것처럼, 이번엔 내가 당신을 구할 거예요.”",src/img/최애구원소녀.png,,,"[Timestamp('2024-04-07 00:00:00'), Timestamp('2023-08-28 00:00:00')]"
마녀의 딸이 남주의 저주를 풀면,,"판타지,로맨스",월,24,"[2.4, 19]","[5.0, 5.0, 5.0, 5.0, 5.0, 5.0, 5.0, 5.0, 5.0, 5.0, 5.0, 5.0, 5.0, 5.0, 5.0, 4.0, 3.0, 3.0, 1.0, 0.0, 0.0, 0.0, 0.0, 0.0, 0.0, 0.0, 0.0, 0.0, 0.0, 0.0, 0.0, 0.0, 0.0, 0.0, 0.0, 0.0, 0.0, 0.0, 0.0, 0.0, 0.0, 0.0, 0.0, 0.0, 0.0, 0.0, 0.0, 0.0, 0.0, 0.0]",50,"['a', 'b', 'c']","남주에게 야수가 되는 저주를 건 마녀. 의 수양딸로 빙의해버렸다! 마녀와 함께 남주를 괴롭히다가 죽고 싶지는 않으니, 남주를 지극정성으로 보살폈는데… ""부탁이야, 나를 두고 가지 마."" ""네, 네?"" ""네가 그랬잖아. 네 말만 잘 들으면 먹여주고, 재워주고, 잡아먹어 주겠다고. 네가 나를 버린 후에도 나는 그 말만 생각하며 버텼어."" 버려요? 제가요? 누구를요? 한 마리 흑표범 같은 남주가 내게 애원을 하며 매달리기 시작했다.",src/img/마녀의딸이남주의저주를풀면.png,,,"[Timestamp('2024-04-07 00:00:00'), Timestamp('2023-09-11 00:00:00')]"
계약하시겠습니까?,,"액션,드라마",월,45,"[4.1, 18]","[5.0, 5.0, 5.0, 5.0, 5.0, 5.0, 5.0, 5.0, 5.0, 5.0, 5.0, 5.0, 5.0, 5.0, 5.0, 5.0, 5.0, 5.0, 5.0, 5.0, 5.0, 5.0, 5.0, 5.0, 5.0, 5.0, 5.0, 5.0, 4.6, 4.5, 4.3, 4.3, 4.0, 4.0, 4.0, 3.8, 3.7, 3.3, 3.0, 3.0, 2.3, 1.0, 1.0, 0.0, 0.0, 0.0, 0.0, 0.0, 0.0, 0.0]",50,"['a', 'b', 'c']","""회장님을 위한 일입니다. 문제가 됩니까?"" 이 말이 비수가 되어 돌아왔다. 그리고 그날, 난 죽었다. 그리고 난 다시 살아났다. 대한민국 최고의 부동산 투자 회사의 이사였던 윤석에서. 은둔형 외톨이이자 돼지인 김동규로. 좌절도 잠시, 복수를 발판 삼아 다시 일어났다. 기다려. 나를 죽인 대가를 톡톡히 치르게 해줄 테니까. 오늘도 난 윤석으로서 계획하고, 김동규로서 실행에 옮긴다. 복수를 위해서.",src/img/계약하시겠습니까.png,,,"[Timestamp('2024-04-07 00:00:00'), Timestamp('2023-09-16 00:00:00')]"
전직 성녀와 흑막의 비밀 연애,,"판타지,로맨스",월,19,"[2.3, 15]","[5.0, 5.0, 5.0, 5.0, 5.0, 5.0, 5.0, 5.0, 4.5, 4.0, 3.5, 3.0, 2.6, 1.0, 1.0, 1.0, 0.0, 0.0, 0.0, 0.0, 0.0, 0.0, 0.0, 0.0, 0.0, 0.0, 0.0, 0.0, 0.0, 0.0, 0.0, 0.0, 0.0, 0.0, 0.0, 0.0, 0.0, 0.0, 0.0, 0.0, 0.0, 0.0, 0.0]",43,"['a', 'b', 'c']","평범하게 살아가던 휴학생 김지연, 그녀는 친구가 보여주었던 로맨스 소설 <성녀의 꽃>에 빙의를 하게 된다. 절반밖에 읽지 못한 소설 속에 등장했던 아이올라라는 소녀. 성녀인게 분명한 여주인공과 남주인공의 로맨스 속 세계는 자신의 것은 아니다. 그래도 소설 속의 인물이 되었으니 행복할 수 있으리라 생각했다. 소설 속의 주인공이 된 것처럼 그렇게. 하지만 모두가 그녀에게 증오를 던진다. 혐오를 말한다. 여주인공을 괴롭히는 악녀이자 가짜 성녀인 아이올라라고. 그러나 아니었다. 바로, 아이올라 그녀가 진정한 성녀였다. 신의 축복으로 다시 되돌아간 처음의 시작. 그녀는 가족도, 증오하는 사람들도, 성녀의 자리도, 사랑했던 약혼자도 다 필요 없었다. 과거와는 다른 길을 걸을 것이다. ""이 세계가 나를 악녀로 만들려고 해도 상관없어. 난 반드시 살아남아 행복해질 테니까!""",src/img/전직성녀와흑막의비밀연애.png,,,"[Timestamp('2024-04-07 00:00:00'), Timestamp('2023-10-30 00:00:00')]"
레벨업 못하는 플레이어,,"판타지,액션,한국",월,687,"[3.3, 185]","[5.0, 5.0, 5.0, 5.0, 5.0, 5.0, 5.0, 5.0, 5.0, 5.0, 5.0, 5.0, 5.0, 5.0, 5.0, 5.0, 5.0, 5.0, 5.0, 5.0, 5.0, 5.0, 5.0, 5.0, 5.0, 5.0, 5.0, 5.0, 5.0, 5.0, 5.0, 5.0, 5.0, 5.0, 5.0, 5.0, 5.0, 5.0, 5.0, 5.0, 5.0, 5.0, 4.9, 4.9, 4.9, 4.9, 4.9, 4.9, 4.9, 4.9, 4.9, 4.9, 4.9, 4.9, 4.9, 4.9, 4.9, 4.9, 4.9, 4.9, 4.9, 4.9, 4.9, 4.9, 4.9, 4.9, 4.9, 4.9, 4.9, 4.8, 4.8, 4.8, 4.8, 4.8, 4.8, 4.8, 4.8, 4.8, 4.8, 4.8, 4.8, 4.8, 4.8, 4.8, 4.8, 4.8, 4.8, 4.8, 4.7, 4.7, 4.7, 4.7, 4.7, 4.7, 4.7, 4.7, 4.7, 4.7, 4.7, 4.7, 4.7, 4.7, 4.7, 4.7, 4.6, 4.6, 4.6, 4.6, 4.6, 4.6, 4.6, 4.6, 4.6, 4.6, 4.6, 4.6, 4.6, 4.5, 4.5, 4.5, 4.5, 4.5, 4.5, 4.5, 4.5, 4.5, 4.5, 4.5, 4.4, 4.4, 4.4, 4.3, 4.3, 4.3, 4.3, 4.3, 4.2, 4.1, 4.1, 4.1, 4.0, 3.6, 3.2]",143,"['a', 'b', 'c']","18세의 나이에 '플레이어'로 각성한 김기규. '탑'을 오르고 '게이트'를 닫으며 인생이 탄탄대로일 줄 알았는데... 튜토리얼을 아무리 클리어해도 레벨1. 1일 1고블린을 해도 레벨1. 5년이 지나도 레벨1. ""누가 알았겠냐고, 이런 플레이어가 있는지."" 그 누구도 몰랐다. 탑을 뒤흔들 레벨1의 역대급 반전 능력을!",src/img/레벨업못하는플레이어.png,,,"[Timestamp('2024-04-07 00:00:00'), Timestamp('2021-03-01 00:00:00')]"
뽑기로 강해진 SSS급 헌터,,"판타지,액션",월,169,"[2.9, 103]","[5.0, 5.0, 5.0, 5.0, 5.0, 5.0, 5.0, 5.0, 5.0, 5.0, 5.0, 5.0, 5.0, 5.0, 5.0, 5.0, 5.0, 5.0, 5.0, 5.0, 5.0, 5.0, 5.0, 5.0, 5.0, 5.0, 5.0, 5.0, 5.0, 5.0, 5.0, 5.0, 5.0, 5.0, 5.0, 5.0, 5.0, 5.0, 5.0, 5.0, 5.0, 5.0, 5.0, 4.9, 4.9, 4.9, 4.9, 4.9, 4.9, 4.8, 4.8, 4.8, 4.7, 4.6, 4.6, 4.5, 4.5, 4.5, 4.5, 4.4, 4.4, 4.3, 4.3, 4.2, 4.2, 4.2, 4.2, 4.2, 4.2, 4.2, 4.2, 4.1, 4.1, 4.0, 4.0, 4.0, 4.0, 3.9, 3.9, 3.8, 3.8, 3.8, 3.8, 3.7, 3.5, 3.5, 3.4, 3.2, 3.0, 3.0, 3.0, 3.0, 2.8, 0.0, 0.0, 0.0]",96,"['a', 'b', 'c']","전 재산을 쏟아부어 헌터로 각성했는데… 전투형 스킬 하나 없는 소통, 인내, 게임 탤런트뿐이라고? 헌터 사무소 영업직 인생은 이제 그만 살고 싶다고 ! 간절히 바라면 이루어지는가! 인생 최악의 날, 우주로부터 최강의 스킬을 얻었다! 클래스를 뒤집는 운빨 갓겜이 시작된다",src/img/뽑기로강해진SSS급헌터.png,,,"[Timestamp('2024-04-07 00:00:00'), Timestamp('2021-10-01 00:00:00')]"
가짜는 진짜가 되기를 바라지 않는다,,"판타지,로맨스",월,39,"[2.4, 18]","[5.0, 5.0, 5.0, 5.0, 5.0, 5.0, 5.0, 5.0, 5.0, 5.0, 5.0, 5.0, 5.0, 5.0, 5.0, 4.0, 4.0, 2.3, 1.0, 1.0, 1.0, 1.0, 1.0, 0.0, 0.0, 0.0, 0.0, 0.0, 0.0, 0.0, 0.0, 0.0, 0.0, 0.0, 0.0, 0.0, 0.0, 0.0, 0.0, 0.0, 0.0, 0.0, 0.0, 0.0, 0.0, 0.0, 0.0, 0.0, 0.0, 0.0, 0.0, 0.0, 0.0, 0.0, 0.0, 0.0, 0.0, 0.0, 0.0, 0.0, 0.0, 0.0]",62,"['a', 'b', 'c']","""내 자리는, 처음부터 없었구나…."" 가짜 공녀라 손가락질 받으면서도 가족들의 인정을 받기 위해 헌신했지만, 모두에게 배신 당한 프시케는 진짜 공녀를 살해하려 했다는 누명을 쓴 채 죽음을 맞는다. '내게 다음 생이 주어진다면, 절대로 이렇게 살지 않을 것이다.' 마지막 순간 떠올린 생각 덕이었을까. 프시케가 눈을 뜨자 진짜 공녀가 돌아오기 전 과거로 돌아가 있었다. '당신들에게 휘둘렸던 모든 시간이 후회돼.' 다시 주어진 삶, 운명의 굴레에서 벗어나 가문이 아닌 나 자신을 위한 삶을 살겠다.",src/img/가짜는진짜가되기를바라지않는다.png,,,"[Timestamp('2024-04-07 00:00:00'), Timestamp('2023-04-14 00:00:00')]"
남주가 내 후원을 좋아해!,,"판타지,로맨스",월,15,"[2.9, 15]","[5.0, 5.0, 3.0, 3.0, 2.0, 1.0, 1.0, 1.0, 1.0, 1.0, 1.0, 0.0, 0.0, 0.0, 0.0, 0.0, 0.0, 0.0, 0.0, 0.0, 0.0, 0.0, 0.0, 0.0, 0.0, 0.0, 0.0, 0.0, 0.0, 0.0, 0.0, 0.0, 0.0, 0.0, 0.0, 0.0, 0.0, 0.0, 0.0]",39,"['a', 'b', 'c']","내가 지금까지 한 잘못이라고는 시청자 수 0따리인 게임 스트리밍 방송에 열심히 후원한 죄 밖에 없었다. 그런데 겨우 그거 가지고 나한테 이런 시련을 주는 건 너무 가혹하잖아! “꾸물 거릴 시간 없어!” “아, 좀 기다려봐! 방어구 구입하잖아요!” 떨어져 버렸다. 그것도, 내가 보던 스트리밍 방송 속으로. *** 최지혁은 S급 던전 보상으로 나온 소원권을 노려보았다. 같이 들어온 헌터들을 빼돌리면서까지 얻은 아이템이었다. 아무리 이 아이템이 세계의 멸망을 막든, 제 목숨을 걸고 얻은 아이템이건 상관없었다. 죽더라도 저를 비참하게 버려버린 빌어먹을 성좌의 얼굴을 봐야겠다고 생각했다. 그런데 그 빌어먹을 성좌가 겨우 20대 초반으로 보이는 여자애일 줄 누가 알았겠는가. “채유라.” 평생 평범하고 평화롭게 살아온 그녀에게는 미안하지만 안타깝게도 그는 절대 그의 성좌를 놓아줄 생각은 없었다. “너에게 있어서 내가 제일 중요하다고 말해.” 적어도, 그가 세상의 끝을 볼 때까지는. “어서.” #성좌여주 #화신남주 #지갑전사여주 #환율깡패여주 #회귀남주 #악바리남주 #차원이동 #레이드물 #액션개그판타지표지",src/img/남주가내후원을좋아해.png,,,"[Timestamp('2024-04-07 00:00:00'), Timestamp('2023-11-29 00:00:00')]"
사랑받는 막내는 처음이라,,"판타지,로맨스",월,223,"[4.3, 66]","[5.0, 5.0, 5.0, 5.0, 5.0, 5.0, 5.0, 5.0, 5.0, 5.0, 5.0, 5.0, 5.0, 5.0, 5.0, 5.0, 5.0, 5.0, 5.0, 5.0, 5.0, 5.0, 5.0, 5.0, 5.0, 5.0, 5.0, 5.0, 5.0, 5.0, 4.7, 4.5, 4.5, 3.7, 1.0, 0.0, 0.0]",37,"['a', 'b', 'c']","세계의 멸망을 막을 유일한 희망으로서 모두에게 희생을 강요받는 삶만 99번째. 제발 이번이 끝이길 바랐는데…! ""아가씨가 태어나셨어요!"" 기어코 100번째 삶을 시작하고 말았다. 어차피 또 영웅 취급하며 희생시키겠지. 그렇게 생각했는데, ""무사히 태어나줘서 고맙구나"" ""언니가 다 구해주께!"" ""우리 막내 웃는 얼굴 나한테도 보여주면 안 될까?"" ""아기야, 나 보고 싶었어?"" 이번 생은 조금… 이상하다?",src/img/사랑받는막내는처음이라.png,,,"[Timestamp('2024-04-07 00:00:00'), Timestamp('2023-12-01 00:00:00')]"
뒤끝작렬,,"드라마,한국",월,118,"[4.0, 85]","[5.0, 5.0, 5.0, 5.0, 5.0, 5.0, 5.0, 5.0, 5.0, 5.0, 5.0, 5.0, 5.0, 5.0, 5.0, 5.0, 5.0, 5.0, 5.0, 5.0, 5.0, 5.0, 5.0, 5.0, 5.0, 5.0, 5.0, 5.0, 5.0, 5.0, 5.0, 5.0, 5.0, 5.0, 5.0, 5.0, 5.0, 5.0, 5.0, 5.0, 5.0, 5.0, 5.0, 5.0, 5.0, 5.0, 5.0, 5.0, 5.0, 5.0, 5.0, 5.0, 5.0, 5.0, 5.0, 5.0, 5.0, 5.0, 5.0, 5.0, 5.0, 5.0, 5.0, 5.0, 5.0, 5.0, 5.0, 5.0, 5.0, 5.0, 5.0, 5.0, 5.0, 5.0, 5.0, 5.0, 5.0, 5.0, 5.0, 5.0, 5.0, 5.0, 5.0, 5.0, 5.0, 5.0, 5.0, 5.0, 4.9, 4.8, 4.8, 4.8, 4.8, 4.8, 4.8, 4.8, 4.8, 4.8, 4.7, 4.7, 4.6, 4.6, 4.5, 4.4, 4.4, 4.3, 4.3, 4.3, 4.3, 4.3, 4.3, 4.2, 4.1, 4.1, 4.0, 4.0, 4.0, 4.0, 4.0, 4.0, 4.0, 3.9, 3.8, 3.8, 3.8, 3.7, 3.7, 3.7, 3.4, 3.1, 3.0, 3.0, 3.0, 3.0, 3.0, 3.0, 3.0, 2.3, 2.3, 2.3, 2.0, 2.0, 2.0, 2.0, 2.0, 1.8, 1.7, 1.6, 1.4, 1.4, 1.0, 1.0, 1.0, 1.0, 0.0, 0.0, 0.0, 0.0, 0.0, 0.0, 0.0, 0.0, 0.0, 0.0, 0.0, 0.0]",166,"['a', 'b', 'c']","""“야, 착각하지마 난 한번도 널 동생으로 생각한 적 없어 주제를 모르고” 가슴을 파고드는 비수였다 한명우 명석한 두뇌와 재벌가의 자식이었다 다만 하늘은 모든 걸 주지않았다 불치병 수준인 선천적 심장병 이를 악물고 인정받기 위해 최선 또 최선을 다했다 그러나 아버지인 회장을 비롯해 식구 그 누구도 진심으로 대하지 않았다 그러던 그가 급작스런 사고를 당했다 그리고 치명적인 부상을 당한 대학생 김철민의 몸으로 들어갔다 건강하다 아니 건강하다못해 넘친다 잘돌아가는 머리에 체력까지 이제 두 마리 토끼를 잡으러 간다 꼭 두 마리 토끼여야 했다 """,src/img/뒤끝작렬.png,,,"[Timestamp('2024-04-07 00:00:00'), Timestamp('2021-03-08 00:00:00')]"
여주와 남주의 아이들을 키우게 되었습니다,,"판타지,로맨스",월,25,"[2.4, 18]","[5.0, 5.0, 5.0, 5.0, 5.0, 5.0, 5.0, 5.0, 5.0, 5.0, 5.0, 5.0, 5.0, 5.0, 5.0, 5.0, 5.0, 5.0, 5.0, 5.0, 5.0, 5.0, 5.0, 5.0, 5.0, 5.0, 5.0, 4.7, 4.5, 4.5, 4.0, 3.0, 2.3, 1.0, 0.0, 0.0, 0.0]",37,"['a', 'b', 'c']","소중한 동생들과 사별한 '예희'는 어느 날 소설 <더 큰 행복 하나> 속 비운의 단역 '메르헨'으로 빙의한다. '메르헨'은 유산의 아픔이 가시기도 전에 남편이 한때 사랑했던 여인의 자식들을 키우게 되는 비참한 여인이다. 그런 메르헨에 빙의한 '예희'는 뜻밖에도 이 아이들이 사별한 동생들임을 단번에 알아차리게 된다. 메르헨에겐 가혹한 현실일지라도 전생의 기억을 안고 있는 '예희'는 동생들의 환생인 아이들을 아끼고 사랑하며, 아이들을 노리는 존재로부터 목숨을 다해 지키는데... 소설 <더 큰 행복 하나>에 나왔듯, 나라를 수호했던 고룡 '에스카야'는 제국에 3개의 보물을 남겨 두고 떠났다. 그 보물 중 하나를 아이들이 갖고 있을 거란 추측으로 위협을 받는 가운데 과연 '예희'는 남편과 함께 아이들을 지켜내고, 이 세계로 빙의한 비밀을 알아낼 수 있을까?",src/img/여주와남주의아이들을키우게되었습니다.png,,,"[Timestamp('2024-04-07 00:00:00'), Timestamp('2023-12-13 00:00:00')]"
데모나스,,"판타지,로맨스",월,7,"[2.6, 29]","[5.0, 5.0, 5.0, 5.0, 5.0, 5.0, 5.0, 5.0, 5.0, 2.7, 0.0, 0.0, 0.0, 0.0, 0.0, 0.0, 0.0, 0.0, 0.0, 0.0, 0.0, 0.0, 0.0, 0.0, 0.0, 0.0, 0.0, 0.0, 0.0, 0.0]",30,"['a', 'b', 'c']","전장 위를 누비는 고결한 기사, ‘알테어 체르노보그’. 황제의 명으로 전우이자 사랑했던 ‘악마의 자식’ 아인 에스타로트를 죽이기 위해 전장에 나갔고, 결국 그녀는 아인에게 살해당한다. ""아인, 미안해. 이 손이 닿는 데까지 널 지켜주고 싶었어."" 기억의 파편을 지나 저승으로 가려는 그때, 눈을 떠보니 수년 전 돌아가신 아버지가 눈앞에 나타났다?! 거짓말처럼 어린 시절로 회귀한 알테어, 그리고 생각한다. '평생을 인간에게 핍박받아온 아인을 유일하게 구원해낼 수 있는 기회.' 알테어는 아인을 지키기 위해 가문의 원수 ‘에스타로트’ 공작에게 검술 수업을 받고, 비밀 도서관 잠입 / 아버지 설득하기 / 정보상과의 계약 등등… 필사적으로 노력한다. ""아인, 나는… 당신을 만나길 기다려 왔어요. 약속할게요, 이번 생에서는 꼭 당신을 지켜내겠다고.""",src/img/데모나스.png,,,"[Timestamp('2024-04-07 00:00:00'), Timestamp('2023-12-18 00:00:00')]"
배덕한 짐승을 구원해버리면 [19세 완전판],,"판타지,로맨스",월,27,"[2.8, 12]","[5.0, 5.0, 5.0, 5.0, 5.0, 5.0, 5.0, 5.0, 5.0, 5.0, 5.0, 5.0, 5.0, 5.0, 5.0, 5.0, 5.0, 5.0, 5.0, 5.0, 5.0, 5.0, 5.0, 5.0, 5.0, 5.0, 4.0, 4.0, 3.5, 0.0, 0.0, 0.0, 0.0, 0.0, 0.0, 0.0, 0.0, 0.0, 0.0, 0.0, 0.0, 0.0, 0.0]",43,"['a', 'b', 'c']","백작가 하녀 아샤는 아픈 엄마의 약값을 벌고, 작은 동물병원을 차리는 것이 꿈이다. 평범한 일상을 보내던 어느 날, 아샤는 하녀장의 지목을 받아 심부름을 가게 된다. 그렇게 아르테 제국의 가장 어둡고, 기괴한 ‘밤의 나비’라는 거리로 가게 되는데……. “꺼져. 손대지 마.” 그곳에서 만난 너무나도 아름다운 노예 리이. “저,저……. 당신을 꼭 치료할 거예요. 고통스럽고 괴롭겠지만 조금만 참아주세요. 꼭 낫게 해드릴게요.” 아샤는 상처로 몸부림치는 리이를 치유하고, 이제 건강해진 그를 보내주려 하는데. “날 구한건 너야. 나의 구원이자 나의 주인, 나의 아샤.” 그는 아샤의 곁에 함께하기로 마음먹은 것 같았다. 묘하게 웃는 그를 보며 아샤는 깨달았다. 망했다. 이건 완전히 망했다. 분명 저 매혹적인 웃음은 이미 자신이 빠져나갈 수 없음을 예상하고 있었다. [낯가림 심하고 수줍은 많은 여주, 꼼꼼하고 일 잘하는 하녀 여주, 치유마법을 부리는 여주] [짐승처럼 자란 남주, 남자고 여자고 홀리는 마성의 색기를 부리는 남주, 여주 바라기 남주]",src/img/배덕한짐승을구원해버리면19세완전판.png,,,"[Timestamp('2024-04-07 00:00:00'), Timestamp('2024-01-05 00:00:00')]"
어린 흑막의 형수님이 되었다,,"판타지,로맨스",월,52,"[3.7, 22]","[5.0, 5.0, 5.0, 5.0, 5.0, 5.0, 5.0, 5.0, 5.0, 5.0, 5.0, 5.0, 5.0, 5.0, 5.0, 5.0, 5.0, 5.0, 4.8, 4.7, 4.3, 4.0, 4.0, 4.0, 3.6, 2.0, 0.0, 0.0, 0.0, 0.0, 0.0, 0.0, 0.0]",33,"['a', 'b', 'c']","기억상실증에 걸린 엑스트라에 빙의 후 우연히 아이를 구했는데, 얘가 흑막이었다. ……어? 흑막에게는 요정의 저주 때문에 죽는 형이 있었다. 그가 흑화 계기고. 딱한 형제들. 내가 그 요정을 만나면 죽사발 내줬을 텐데, 안타깝게도 나는 엑스트라……. “엘리아?” 잠깐, ……그 요정이 나네?",src/img/어린흑막의형수님이되었다.png,,,"[Timestamp('2024-04-07 00:00:00'), Timestamp('2024-01-13 00:00:00')]"
던전 호텔에 오신 것을 환영합니다,,"판타지,로맨스",월,33,"[3.5, 17]","[5.0, 5.0, 5.0, 5.0, 5.0, 5.0, 5.0, 5.0, 5.0, 5.0, 4.0, 3.0, 3.0, 0.0, 0.0, 0.0, 0.0, 0.0, 0.0, 0.0, 0.0, 0.0, 0.0]",23,"['a', 'b', 'c']","[클래스 : 호텔 경영자(히든)로 각성했습니다!] 맥x모x골x 커피가 포션이 되고, 하루 묵기만 하면 체력이 회복되는 수상한 호텔. 이곳의 경영자로 각성해버렸다! 손님은 모두 헌터, 호텔은 던전 한복판. 영업용 미소만 걸치면 돈이 들어오잖아?! ""어서 오세요, 영춘 호텔에 오신 것을 환영합니다!"" ※예약 문의 : 02-123-4567",src/img/던전호텔에오신것을환영합니다.png,,,"[Timestamp('2024-04-07 00:00:00'), Timestamp('2024-03-18 00:00:00')]"
만 년 만에 귀환한 플레이어,,,월,686,"[3.5, 215]","[5.0, 5.0, 5.0, 5.0, 5.0, 5.0, 5.0, 5.0, 5.0, 5.0, 5.0, 5.0, 5.0, 5.0, 5.0, 5.0, 5.0, 5.0, 5.0, 5.0, 5.0, 4.9, 4.9, 4.9, 4.9, 4.9, 4.9, 4.9, 4.9, 4.9, 4.9, 4.9, 4.9, 4.9, 4.9, 4.9, 4.9, 4.8, 4.8, 4.8, 4.8, 4.8, 4.8, 4.8, 4.8, 4.8, 4.8, 4.8, 4.8, 4.7, 4.7, 4.7, 4.7, 4.7, 4.7, 4.7, 4.7, 4.6, 4.6, 4.6, 4.5, 4.5, 4.3, 4.1, 4.1, 4.1, 3.8, 3.3, 3.3, 3.3, 3.2, 2.9, 2.8, 2.7, 2.4]",75,"['a', 'b', 'c']","어느 날, 갑작스럽게 지옥으로 떨어졌다. 가진 것은 살고 싶다는 갈망과 포식의 권능 뿐. 일천의 지옥부터 구천의 지옥까지. 수만, 수십만의 악마를 잡아먹었고. 마침내 일곱 대공까지 그 앞에 무릎을 꿇었다. ""어째서 돌아가려고 하십니까? 왕께서는 이미 지옥의 모든 것을 가지고 계시지 않습니까."" ""가지긴 뭘 다 가져."" 먹을 것도, 즐길 것도 없다! 지옥에 있는 거라고는 황량한 대지와 끔찍한 악마 뿐! ""난 돌아갈 거야."" 만 년이라는 아득한 시간 만에 그가 지구로 귀환한다. 그러나.. 지구는 자신이 그동안 알던 지구가 아니었다.",src/img/만년만에귀환한플레이어.png,,,"[Timestamp('2024-04-07 00:00:00'), Timestamp('2022-07-31 00:00:00')]"
소공녀는 파혼을 기다린다,,"판타지,로맨스",월,46,"[2.9, 10]","[5.0, 5.0, 5.0, 5.0, 5.0, 5.0, 5.0, 5.0, 5.0, 5.0, 5.0, 5.0, 5.0, 5.0, 5.0, 4.5, 3.8, 3.0, 3.0, 2.3, 1.0, 0.0, 0.0, 0.0, 0.0, 0.0, 0.0, 0.0, 0.0, 0.0, 0.0, 0.0, 0.0, 0.0, 0.0, 0.0, 0.0, 0.0, 0.0, 0.0, 0.0, 0.0, 0.0, 0.0, 0.0, 0.0, 0.0, 0.0, 0.0, 0.0, 0.0]",51,"['a', 'b', 'c']","""사비나? 얘는 뭔데 여주 보다 비중이 높아?"" 친구에게 조언해 줄 땐 몰랐다. ""차라리 남주가 얘를 직접 죽이는 건 어때? 감정을 모르는 사이코패스인 거지."" 내가 그 사이코패스에게 죽는 사비나가 될 거라곤. 죽지 않으려면 사이코패스 황자를 피해야 하는데, 피하면 피할수록 더 깊이 얽히는 듯한 건 기분 탓인가? ""사비나, 아무도 모르는 곳으로, 같이 도망쳐 버릴까?"" [도망치지 못하도록, 영원히 가둬 버릴까.] 이 사이코패스 황자가 나에게 집착하고 있다? 난 죽기 싫다고! 제발 파혼해 주세요 황자님!!",src/img/소공녀는파혼을기다린다.png,,,"[Timestamp('2024-04-07 00:00:00'), Timestamp('2023-06-02 00:00:00')]"
남편교체,,"판타지,로맨스",월,19,"[3.2, 11]","[5.0, 5.0, 5.0, 5.0, 5.0, 5.0, 5.0, 5.0, 5.0, 5.0, 5.0, 4.0, 4.0, 2.7, 0.0, 0.0, 0.0, 0.0, 0.0, 0.0, 0.0, 0.0, 0.0, 0.0, 0.0, 0.0, 0.0, 0.0, 0.0, 0.0, 0.0, 0.0, 0.0, 0.0, 0.0, 0.0, 0.0, 0.0]",38,"['a', 'b', 'c']","지옥 같은 과거를 되풀이하고 싶지 않다면, 반드시 남편을 교체해야 한다. 자신의 감정을 사랑이라 믿었지만 남편인 조제프의 학대만 받다 아이를 가진 채 죽임을 당한 ""아실리"". 남편을 저주할 새도 없이 눈을 떠보니 결혼 전으로 돌아와 있었다. 그 지옥 같은 생활을 다시 해야 한다는 위기감에 그녀는 필사적으로 자신을 구원할 남자를 찾게 되고, 곧장 약혼녀들이 의문의 죽음을 당해 저주를 받았다는 소문이 파다한 ""에스페라드 카메디치"" 공작을 찾게 된다. “저 아실리는 그란디에 공작 전하께 혼인을 청하는 바입니다.” “영애가 하신 말씀은 지금 죽기라도 바란다는 말입니까? 영애에게는 제게 닥친 불행이 장난 같습니까?” 아실리는 알고 있다. 이 남자는 미래에 왕위를 계승하여 황제가 된다는 것을! 과연, 아실리는 '남편교체'에 성공하여 전남편을 향한 복수를 완성할 수 있을까?!",src/img/남편교체.png,,,"[Timestamp('2024-04-07 00:00:00'), Timestamp('2024-01-15 00:00:00')]"
불패검선,,"무협,한국",월,323,"[2.8, 152]","[5.0, 5.0, 5.0, 5.0, 5.0, 5.0, 5.0, 5.0, 5.0, 5.0, 5.0, 5.0, 5.0, 5.0, 5.0, 5.0, 5.0, 5.0, 5.0, 5.0, 5.0, 5.0, 5.0, 5.0, 5.0, 5.0, 5.0, 5.0, 5.0, 5.0, 5.0, 5.0, 5.0, 5.0, 5.0, 5.0, 5.0, 5.0, 5.0, 5.0, 5.0, 5.0, 5.0, 5.0, 5.0, 5.0, 5.0, 5.0, 5.0, 5.0, 5.0, 5.0, 5.0, 5.0, 5.0, 5.0, 5.0, 5.0, 5.0, 5.0, 5.0, 5.0, 5.0, 5.0, 5.0, 5.0, 5.0, 5.0, 5.0, 5.0, 5.0, 5.0, 5.0, 5.0, 5.0, 5.0, 5.0, 5.0, 5.0, 5.0, 4.9, 4.9, 4.9, 4.9, 4.9, 4.9, 4.9, 4.9, 4.9, 4.9, 4.9, 4.9, 4.9, 4.9, 4.9, 4.9, 4.9, 4.9, 4.9, 4.9, 4.9, 4.9, 4.9, 4.9, 4.9, 4.9, 4.8, 4.8, 4.8, 4.8, 4.8, 4.8, 4.8, 4.8, 4.8, 4.8, 4.8, 4.8, 4.8, 4.8, 4.8, 4.7, 4.7, 4.7, 4.7, 4.7, 4.7, 4.7, 4.7, 4.7, 4.7, 4.7, 4.7, 4.7, 4.6, 4.6, 4.6, 4.6, 4.6, 4.6, 4.6, 4.6, 4.6, 4.6, 4.6, 4.6, 4.6, 4.6, 4.6, 4.6, 4.5, 4.5, 4.5, 4.5, 4.5, 4.5, 4.5, 4.4, 4.4, 4.4, 4.4, 4.4, 4.4, 4.4, 4.4, 4.4, 4.4, 4.4, 4.4, 4.3, 4.3, 4.3, 4.3, 4.3, 4.3, 4.2, 4.2, 4.2, 4.2, 4.2, 4.1, 4.1, 4.1, 4.0, 4.0, 4.0, 4.0, 4.0, 4.0, 3.9, 3.9, 3.9, 3.9, 3.8, 3.7, 3.6, 3.5, 3.4, 3.4, 3.4, 3.4, 3.4, 3.0, 3.0, 3.0, 2.8, 2.4, 2.1, 1.0]",209,"['a', 'b', 'c']",시골 객점의 아들 송우문. 어릴 적부터 몸이 약했던 그는 어느 날 노도사가 그려 주고 간 산수화를 보고 바보가 된다. 그렇게 동네에선 바보라 놀림받고 부모에겐 한심한 아들로 자라지만 스무 살이 되던 날! 각성과 함께 산수화 속 절대무공을 꽃피운다!,src/img/불패검선.png,,,"[Timestamp('2024-04-07 00:00:00'), Timestamp('2020-07-03 00:00:00')]"
아기 다람쥐가 다 잘해요,,"판타지,로맨스",월,162,"[3.1, 66]","[5.0, 5.0, 5.0, 5.0, 5.0, 5.0, 5.0, 5.0, 5.0, 5.0, 5.0, 5.0, 5.0, 5.0, 5.0, 5.0, 5.0, 5.0, 5.0, 5.0, 5.0, 5.0, 5.0, 5.0, 5.0, 5.0, 5.0, 5.0, 5.0, 5.0, 5.0, 5.0, 5.0, 5.0, 5.0, 5.0, 5.0, 5.0, 5.0, 5.0, 5.0, 5.0, 5.0, 5.0, 5.0, 5.0, 5.0, 5.0, 5.0, 5.0, 5.0, 5.0, 5.0, 5.0, 5.0, 5.0, 5.0, 5.0, 5.0, 4.8, 4.8, 4.7, 4.5, 4.5, 4.4, 4.4, 4.2, 3.9, 3.7, 3.7, 3.3, 3.2, 3.0, 1.8, 1.0, 0.0, 0.0, 0.0]",78,"['a', 'b', 'c']","사자 가문에서 태어난 유약한 다람쥐 수인 베아티. 그 탓에 수도 이모집에서 구박데기로 살다 유일한 친구이자 약혼자인 2황자에게 꿈을 이루기 위해 떠나겠다고 말한 순간, '리테르 너 이 나쁜 새끼…!' 그놈의 독니에 죽었다. 다시 눈을 떴더니 2왕자와 엮이기 전의 어린 시절. 이럴 때 필요한 건 뭐? 스피드. 바로 몸만 빼내 친부 사자공의 영지로 튀었다. 비록 환영받진 못하겠지만 그래도 앞으로 발견될 이 엄청난 비법을 가져가 준다면, 내쫓지는 않을 거…… ""어서 오십시오, 아가씨!"" ""세상에! 언제 이렇게 자라셔서…."" ""아가씨가 저 앙증맞은 두 발로 걸으신다!"" ……응? 왜 이렇게 환영하지? 저거 설마 내 동상이야?",src/img/아기다람쥐가다잘해요.png,,,"[Timestamp('2024-04-07 00:00:00'), Timestamp('2022-09-09 00:00:00')]"
철벽의 영애,,"판타지,로맨스",월,12,"[1.6, 13]","[5.0, 5.0, 5.0, 5.0, 5.0, 5.0, 5.0, 5.0, 5.0, 5.0, 5.0, 4.0, 4.0, 4.0, 1.0, 1.0, 1.0, 1.0, 1.0, 0.0, 0.0, 0.0, 0.0, 0.0, 0.0, 0.0, 0.0, 0.0, 0.0, 0.0, 0.0, 0.0, 0.0, 0.0, 0.0, 0.0, 0.0, 0.0, 0.0, 0.0, 0.0, 0.0, 0.0, 0.0, 0.0, 0.0, 0.0, 0.0, 0.0, 0.0, 0.0, 0.0, 0.0, 0.0, 0.0, 0.0, 0.0, 0.0]",58,"['a', 'b', 'c']","[사랑과 맞바꾸어 운명을 뒤집는 악녀!] 후작영애 밀리아나는 황자와 약혼하여 행복한 나날을 보내던 중, 돌연 황제를 암살했다는 오명을 쓰고 처형당하고 만다. 그러나 죽음의 순간, 어디선가 들려온 목소리에 이끌려 1000번의 인생을 경험하게 된 밀리아나. 각각의 인생에서 다양한 능력을 익히고 1001번째 인생에서 드디어 자기 자신, '밀리아나'의 삶으로 회귀한다. 첫 번째 인생에서는 일어나지 않았던 사건, 만나지 못했던 인물들, 그리고 여기저기 도사리고 있는 모략까지…. 밀리아나는 어떻게든 지난 생에서 잃은 사람들을 살리기 위해 노력한다. 그러나 '아무도 죽지 않는 세계'를 위해서는 밀리아나가 그 누구와도 이어져선 안 된다…?!",src/img/철벽의영애.png,,,"[Timestamp('2024-04-07 00:00:00'), Timestamp('2023-07-20 00:00:00')]"
샤크 와이번,,액션,월,23,"[3.2, 13]","[5.0, 5.0, 5.0, 5.0, 5.0, 5.0, 5.0, 5.0, 5.0, 5.0, 5.0, 5.0, 5.0, 5.0, 5.0, 5.0, 5.0, 5.0, 5.0, 5.0, 5.0, 5.0, 4.5, 4.0, 3.0, 2.3, 1.0, 1.0, 1.0, 1.0, 1.0, 0.0, 0.0, 0.0, 0.0, 0.0, 0.0, 0.0, 0.0, 0.0, 0.0, 0.0, 0.0, 0.0, 0.0, 0.0, 0.0, 0.0]",48,"['a', 'b', 'c']","“여수에서 돈 자랑하지 말고, 순천에서 인물 자랑하지 말고, 벌교에서 주먹 자랑하지 마라.” ……라는 오랜 격언이 있는데, 벌교에서 주먹 자랑을 대차게 해버린 놈이 있었으니, 18세 고교생 현우용. 학교 불량배들은 물론, 그들의 뒤를 봐주던 조폭들까지 모두 깨버린 우용은 특수상해로 체포돼 악명 높은 '참빛 소년교도소'에서 2년간 복역하고 출소 후 서울로 상경한다. 21세의 나이에 고등학교 2학년으로 복학하게 된 우용의 목표는 단 하나, '무사히 고등학교 졸업장을 따서 나가자'였다. 하지만, 평범한 인문계 고교일 것이라는 예상과는 달리 한양고는 온갖 학교폭력과 부당행위가 가득한 곳이었다. 우용은 처음에는 조용히 살겠다고 다짐하며 모든 것을 참고 견디려 하지만 완전히 도를 넘어버린 일진들의 행동에 마음을 바꿔 먹게 되는데... ‘샤크’ 유니버스의 확장, 그 첫 번째 프로젝트. 서울 최강 쾌남 현우용과 그 동료들의 거침없는 질주!",src/img/샤크와이번.png,,,"[Timestamp('2024-04-07 00:00:00'), Timestamp('2023-07-23 00:00:00')]"
아기 성녀님은 세상을 멸망시키고 싶어!,,"판타지,로맨스",월,78,"[3.9, 41]","[5.0, 5.0, 5.0, 5.0, 5.0, 5.0, 5.0, 5.0, 5.0, 5.0, 5.0, 5.0, 5.0, 5.0, 5.0, 5.0, 5.0, 5.0, 5.0, 5.0, 5.0, 5.0, 5.0, 5.0, 5.0, 5.0, 5.0, 5.0, 5.0, 5.0, 5.0, 5.0, 4.5, 4.0, 4.0, 3.0, 3.0, 3.0, 3.0, 1.5, 0.0, 0.0, 0.0, 0.0, 0.0, 0.0, 0.0, 0.0, 0.0, 0.0, 0.0, 0.0, 0.0, 0.0]",54,"['a', 'b', 'c']","끝나지 않는 윤회, 반복되는 불행한 죽음. 99번의 환생을 거치며 삶에 지쳐버린 대마녀 루시펠라. 그녀는 윤회를 멈추기 위해 세상을 멸망시키려 한다. 하지만… 눈을 떠보니 이 세상을 구원할 '아기 성녀'로 다시 태어나버렸다? 적이었던 사제들에게 키워지고 동료였던 제자들에게 위협받기까지! 아기 성녀님은 무사히 세상을 멸망시킬 수 있을까?",src/img/아기성녀님은세상을멸망시키고싶어.png,,,"[Timestamp('2024-04-07 00:00:00'), Timestamp('2023-07-27 00:00:00')]"
재투성이 소녀는 빛의 공녀님,,"판타지,로맨스",월,7,"[2.0, 14]","[5.0, 5.0, 3.0, 0.0, 0.0, 0.0, 0.0, 0.0, 0.0, 0.0, 0.0, 0.0, 0.0, 0.0, 0.0, 0.0, 0.0, 0.0, 0.0, 0.0, 0.0, 0.0, 0.0, 0.0, 0.0, 0.0, 0.0, 0.0, 0.0, 0.0, 0.0, 0.0, 0.0, 0.0, 0.0, 0.0, 0.0, 0.0, 0.0, 0.0, 0.0, 0.0, 0.0]",43,"['a', 'b', 'c']","잿빛 머리의 고아 '신더'는 재처럼 더럽다고 천대받으며 노예로 부려지는 고통스러운 나날을 보내고 있었다. 유일한 마음의 쉼터인 말벗은 작은 새 '심'뿐. 그런데 어느 날 밝혀진 신더가 '빛의 여신'의 후예이자 일제스타 가문의 유일한 딸이라는 소식! 그렇게 신더는 하루아침에 후작가의 영애가 된다. 지금까지의 괴로운 나날로부터 해방되어 다른 삶을 살게 된 신더는 '루미엘라(빛)'라는 진짜 이름을 얻으며 조금씩 자존감을 되찾아 간다. 처음으로 가지게 된 '가족'이라는 존재에 당황하면서도, 상냥한 오빠들 사이에서 사랑받으며 후작 영애로서의 삶이 시작된다...!",src/img/재투성이소녀는빛의공녀님.png,,,"[Timestamp('2024-04-07 00:00:00'), Timestamp('2023-10-18 00:00:00')]"
갑자기 엄마가 되었습니다,,"판타지,드라마",월,5,"[1.0, 8]","[5.0, 5.0, 0.0, 0.0, 0.0, 0.0, 0.0, 0.0, 0.0, 0.0, 0.0, 0.0, 0.0, 0.0, 0.0, 0.0, 0.0, 0.0, 0.0, 0.0, 0.0, 0.0, 0.0, 0.0, 0.0, 0.0, 0.0, 0.0, 0.0, 0.0, 0.0, 0.0, 0.0, 0.0, 0.0, 0.0, 0.0, 0.0]",38,"['a', 'b', 'c']","3포 세대 주인공 앞에 나타난 전생의 아들의 부탁! 근데 지금 나는 아이를 낳을 상황이 아닌데…?! 삶에 치여 연애 한 번 제대로 못해본 ‘한다감＇의 앞에 전생의 아들 ‘최정식’이 나타나 이번 생에 자신을 낳아달라는 부탁을 한다. 학자금 대출, 전세 대출, 갓 시작한 일… 아이를 낳을 여건이 되지 않는 다감은 정식의 부탁을 거절하려 하나, 그런 다감에게 정식은 연애부터 차근차근 시작할 것을 제안한다. 하지만 제대로 된 연애를 해본 적 없는 ‘연애바보’ 한다감의 연애 작전은 번번히 실패하게 되는데…! 과연 다감은 안정적인 연애와 함께 정식을 낳게 될 것인가? 아니면, 전혀 다른 선택을 하게 될까?!",src/img/갑자기엄마가되었습니다.png,,,"[Timestamp('2024-04-07 00:00:00'), Timestamp('2023-10-31 00:00:00')]"
롱리브더킹,,"드라마,액션,한국",월,45,"[3.1, 32]","[5.0, 5.0, 5.0, 5.0, 5.0, 5.0, 5.0, 5.0, 5.0, 5.0, 5.0, 5.0, 5.0, 5.0, 5.0, 5.0, 5.0, 5.0, 5.0, 5.0, 5.0, 5.0, 5.0, 5.0, 5.0, 5.0, 5.0, 5.0, 5.0, 5.0, 5.0, 5.0, 5.0, 5.0, 5.0, 5.0, 5.0, 5.0, 5.0, 5.0, 5.0, 5.0, 5.0, 5.0, 5.0, 5.0, 5.0, 5.0, 5.0, 5.0, 5.0, 5.0, 5.0, 5.0, 5.0, 5.0, 5.0, 5.0, 5.0, 5.0, 5.0, 5.0, 5.0, 5.0, 5.0, 5.0, 5.0, 5.0, 5.0, 5.0, 5.0, 5.0, 5.0, 5.0, 5.0, 5.0, 5.0, 5.0, 5.0, 5.0, 5.0, 5.0, 5.0, 5.0, 5.0, 5.0, 5.0, 5.0, 5.0, 5.0, 5.0, 5.0, 5.0, 5.0, 5.0, 5.0, 5.0, 5.0, 5.0, 5.0, 5.0, 5.0, 5.0, 5.0, 5.0, 5.0, 5.0, 5.0, 5.0, 5.0, 5.0, 5.0, 5.0, 5.0, 5.0, 5.0, 5.0, 5.0, 5.0, 5.0, 5.0, 5.0, 5.0, 5.0, 5.0, 5.0, 5.0, 5.0, 5.0, 5.0, 5.0, 5.0, 5.0, 5.0, 5.0, 5.0, 5.0, 5.0, 5.0, 5.0, 5.0, 5.0, 5.0, 5.0, 5.0, 5.0, 5.0, 5.0, 5.0, 5.0, 5.0, 5.0, 5.0, 5.0, 5.0, 5.0, 5.0, 5.0, 5.0, 5.0, 5.0, 5.0, 5.0, 5.0, 5.0, 5.0, 5.0, 5.0, 5.0, 5.0, 5.0, 5.0, 5.0, 5.0, 5.0, 5.0, 5.0, 5.0, 5.0, 5.0, 5.0, 5.0, 5.0, 5.0, 5.0, 5.0, 5.0, 5.0, 5.0, 5.0, 5.0, 5.0, 5.0, 5.0, 5.0, 5.0, 5.0, 5.0, 5.0, 5.0, 5.0, 5.0, 5.0, 5.0, 5.0, 5.0, 5.0, 5.0, 5.0, 5.0, 5.0, 5.0, 5.0, 5.0, 5.0, 5.0, 5.0, 5.0, 5.0, 5.0, 5.0, 5.0, 5.0, 5.0, 5.0, 5.0, 5.0, 5.0, 5.0, 5.0, 5.0, 5.0, 4.8, 4.3, 4.0, 4.0, 4.0, 3.0, 3.0, 3.0, 1.0, 1.0, 0.0, 0.0, 0.0, 0.0, 0.0, 0.0, 0.0, 0.0, 0.0, 0.0, 0.0, 0.0, 0.0, 0.0, 0.0, 0.0, 0.0, 0.0, 0.0, 0.0, 0.0, 0.0, 0.0, 0.0, 0.0, 0.0, 0.0, 0.0, 0.0, 0.0, 0.0, 0.0, 0.0, 0.0, 0.0, 0.0, 0.0, 0.0, 0.0, 0.0, 0.0, 0.0, 0.0, 0.0, 0.0, 0.0, 0.0, 0.0, 0.0, 0.0, 0.0, 0.0, 0.0, 0.0, 0.0, 0.0, 0.0, 0.0, 0.0, 0.0, 0.0, 0.0, 0.0, 0.0, 0.0, 0.0, 0.0, 0.0, 0.0, 0.0, 0.0, 0.0, 0.0, 0.0, 0.0, 0.0, 0.0, 0.0, 0.0, 0.0, 0.0, 0.0, 0.0, 0.0, 0.0, 0.0, 0.0, 0.0, 0.0, 0.0, 0.0, 0.0, 0.0, 0.0, 0.0, 0.0, 0.0, 0.0, 0.0, 0.0, 0.0, 0.0, 0.0, 0.0, 0.0, 0.0, 0.0, 0.0, 0.0, 0.0, 0.0, 0.0, 0.0, 0.0, 0.0, 0.0, 0.0, 0.0, 0.0, 0.0, 0.0, 0.0, 0.0, 0.0, 0.0, 0.0, 0.0, 0.0, 0.0, 0.0, 0.0, 0.0, 0.0, 0.0, 0.0, 0.0, 0.0, 0.0, 0.0, 0.0, 0.0, 0.0, 0.0, 0.0, 0.0, 0.0, 0.0, 0.0, 0.0, 0.0, 0.0, 0.0, 0.0, 0.0, 0.0, 0.0, 0.0, 0.0, 0.0, 0.0, 0.0, 0.0, 0.0, 0.0, 0.0, 0.0, 0.0, 0.0, 0.0, 0.0, 0.0, 0.0, 0.0, 0.0, 0.0, 0.0, 0.0, 0.0, 0.0, 0.0, 0.0, 0.0, 0.0, 0.0, 0.0, 0.0, 0.0, 0.0, 0.0, 0.0, 0.0, 0.0, 0.0, 0.0, 0.0, 0.0, 0.0, 0.0, 0.0, 0.0, 0.0, 0.0, 0.0, 0.0, 0.0, 0.0, 0.0, 0.0, 0.0, 0.0, 0.0, 0.0, 0.0, 0.0, 0.0, 0.0, 0.0, 0.0, 0.0, 0.0, 0.0, 0.0, 0.0, 0.0, 0.0, 0.0, 0.0, 0.0, 0.0, 0.0, 0.0, 0.0, 0.0]",475,"['a', 'b', 'c']","한 여인을 위해 불가능에 도전하는 남자가 있다. 의리와 사랑을 빼고 는 아무것도 없다고 말하는 남자 장세출! 사랑하는 여인 강소현을 위해, 목숨보다 더 소중한 친구 정춘택을 위해 목포 건달 장세출은 대통...",src/img/롱리브더킹.png,,,"[Timestamp('2024-04-07 00:00:00'), Timestamp('2018-04-24 00:00:00')]"
"천마,리치왕의 무림을 부수다",,"판타지,액션,무협,한국",월,177,"[2.7, 99]","[5.0, 5.0, 5.0, 5.0, 5.0, 5.0, 5.0, 5.0, 5.0, 5.0, 5.0, 5.0, 5.0, 5.0, 5.0, 5.0, 5.0, 5.0, 5.0, 5.0, 5.0, 5.0, 5.0, 5.0, 5.0, 5.0, 5.0, 5.0, 5.0, 5.0, 5.0, 5.0, 5.0, 5.0, 4.8, 4.8, 4.8, 4.8, 4.8, 4.8, 4.7, 4.7, 4.7, 4.7, 4.7, 4.5, 4.5, 4.5, 4.5, 4.4, 4.3, 4.3, 4.2, 4.2, 4.0, 4.0, 4.0, 3.8, 3.7, 3.7, 3.7, 3.7, 3.7, 3.7, 3.6, 3.5, 3.4, 3.4, 3.4, 3.3, 3.3, 3.0, 3.0, 3.0, 3.0, 3.0, 3.0, 2.3, 2.3, 2.0, 1.8, 1.6, 1.4, 1.0, 1.0, 0.0, 0.0, 0.0, 0.0, 0.0, 0.0, 0.0, 0.0, 0.0, 0.0, 0.0, 0.0]",97,"['a', 'b', 'c']","16대 마교주 구옥경(究鈺慶) 마교의 모든 무공을 진일보시킨 이유로, 현재 천마라 불리게 된 인물이다 그러던 어느 날, 그는 이세계에서 건너온 언데드 마법사와 격돌하게 되고, 서로 심각한 부상을 입는다 140년 뒤 소년의 몸으로 다시 되살아난 천마 그런데 세상이 달라졌다 언데드 마법사가 훑고 간 무림은 완전히 탈바꿈되어 있었다 각지에 몬스터가 나타나고, 마법을 익힌 무림인들도 생겨났다 뭐, 어떤 세상이든 상관없다 리치왕 그놈은 결국, 자신의 손에 죽게 될 테니까",src/img/천마리치왕의무림을부수다.png,,,"[Timestamp('2024-04-07 00:00:00'), Timestamp('2021-07-01 00:00:00')]"
오늘부터 황녀?!,,"판타지,로맨스,한국",월,104,"[3.0, 67]","[5.0, 5.0, 5.0, 5.0, 5.0, 5.0, 5.0, 5.0, 5.0, 5.0, 5.0, 5.0, 5.0, 5.0, 5.0, 5.0, 5.0, 5.0, 5.0, 5.0, 5.0, 5.0, 5.0, 5.0, 5.0, 5.0, 5.0, 5.0, 5.0, 5.0, 5.0, 5.0, 5.0, 5.0, 5.0, 5.0, 5.0, 5.0, 5.0, 5.0, 5.0, 5.0, 5.0, 5.0, 5.0, 5.0, 5.0, 5.0, 5.0, 5.0, 5.0, 5.0, 5.0, 5.0, 5.0, 5.0, 4.8, 4.8, 4.7, 4.5, 4.5, 4.5, 4.5, 4.5, 4.5, 4.3, 4.0, 4.0, 4.0, 4.0, 3.8, 3.7, 3.6, 3.5, 3.3, 3.3, 3.3, 3.0, 3.0, 3.0, 3.0, 3.0, 2.1, 2.0, 1.0, 0.0, 0.0, 0.0, 0.0, 0.0, 0.0, 0.0, 0.0, 0.0, 0.0, 0.0, 0.0, 0.0, 0.0, 0.0, 0.0, 0.0, 0.0, 0.0, 0.0, 0.0, 0.0, 0.0, 0.0, 0.0, 0.0, 0.0, 0.0, 0.0, 0.0, 0.0, 0.0, 0.0, 0.0, 0.0, 0.0, 0.0, 0.0, 0.0, 0.0, 0.0, 0.0, 0.0]",128,"['a', 'b', 'c']","평범한 삶은 어디에…?""이 아이야말로 짐이 12년 전에 잃어버린 황녀가 확실하다.""이름도 없는 빈털터리 용사에서모든 걸 다 가진 황녀, 나나엘이 되어버렸다!",src/img/오늘부터황녀.png,,,"[Timestamp('2024-04-07 00:00:00'), Timestamp('2021-08-09 00:00:00')]"
악당 공작가의 실세 막내딸입니다,,"판타지,로맨스",월,131,"[2.9, 49]","[5.0, 5.0, 5.0, 5.0, 5.0, 5.0, 5.0, 5.0, 5.0, 5.0, 5.0, 5.0, 5.0, 5.0, 5.0, 5.0, 5.0, 5.0, 5.0, 5.0, 5.0, 5.0, 5.0, 5.0, 5.0, 5.0, 5.0, 5.0, 5.0, 5.0, 5.0, 5.0, 5.0, 5.0, 5.0, 5.0, 5.0, 5.0, 5.0, 5.0, 5.0, 5.0, 5.0, 5.0, 5.0, 4.8, 4.8, 4.8, 4.6, 4.6, 4.5, 4.5, 4.5, 4.5, 4.5, 4.5, 4.2, 4.0, 4.0, 4.0, 3.8, 3.4, 2.3, 1.0, 0.0, 0.0, 0.0, 0.0, 0.0, 0.0, 0.0, 0.0, 0.0, 0.0, 0.0, 0.0, 0.0, 0.0, 0.0, 0.0, 0.0, 0.0, 0.0, 0.0, 0.0, 0.0]",86,"['a', 'b', 'c']","고등학생 시절 취미로 쓰다 그친 소설 속에 빙의했다. 하필이면 주연도, 조연도 아닌 이름도 없는 일곱 살 고아 소녀에게 빙의했는데... 남의 집에서 구박데기로 살다 학대에 지쳐 달아났더니 붙잡혀 노예로 팔려 가 버렸다. 이번 생은 정말 망했구나 싶었는데... 노예 경매장에서 날 구해 낸 것은 바로 소설 속 등장하는 악명 높은 악역, '헨리에트 시틀릿 웬즈그레이'였다. 그는 황제를 꼭두각시처럼 부리고, 귀족들의 목을 써는 게 취미인 원작 속 최대 최악의 악당이다. ... 그게 나의 친부라고? 그런데, 악역이라는 명성과 다르게 실제로 함께 지내보니 뭔가 좀 이상한 것 같다. """"그래, 내 딸아."""" """"네가 하고 싶은 것은 다 해도 좋다. 우리 가문의 그 누구든, 너의 말이라면 반드시 귀 기울이고 그대로 행하며 이룰 테니."""" 잠깐... 내가 쓴 소설은 이렇지 않았던 것 같은데?""",src/img/악당공작가의실세막내딸입니다.png,,,"[Timestamp('2024-04-07 00:00:00'), Timestamp('2023-03-08 00:00:00')]"
나의 손절일지,,드라마,월,8,"[2.8, 13]","[5.0, 5.0, 5.0, 0.0, 0.0, 0.0, 0.0, 0.0, 0.0, 0.0, 0.0, 0.0, 0.0, 0.0, 0.0, 0.0, 0.0, 0.0, 0.0, 0.0, 0.0, 0.0, 0.0, 0.0]",24,"['a', 'b', 'c']","줄거리 내 인생... 대체 어디서부터 잘못된 걸까? 짧은 인생, 남 탓도 못하고 우당탕탕 이곳저곳에 치이고 구르기만 하다 스트레스로 찌든 채 허망한 죽음을 맞이한 남자 '성지환.' 운 좋게도(?) 그 흔하다는 '회귀물' 주인공으로 다시 태어났는데... 어라? 내 재미없는 현실은 그대로!? 할 수 있는 건 '하지 않기'밖에 없단다! 어쩔 수 없지, 적어도 내 인생에 방해만 된 쓰레기들, 그 인연 손절하겠다! 초능력이라고 하기엔 너무 사소한... 이것만으로 인생을 바꿀 수 있을까? ""함께 해서 더러웠고, 이번 생엔 만나지 말자!""",src/img/나의손절일지.png,,,"[Timestamp('2024-04-07 00:00:00'), Timestamp('2023-12-24 00:00:00')]"
SSS급 창고 캐릭터로 살아남기,,"판타지,액션",월,40,"[2.3, 29]","[5.0, 5.0, 5.0, 5.0, 5.0, 5.0, 5.0, 5.0, 5.0, 5.0, 5.0, 5.0, 4.7, 4.5, 4.0, 4.0, 3.7, 3.0, 3.0, 2.0, 1.0, 0.0, 0.0, 0.0, 0.0, 0.0, 0.0, 0.0, 0.0, 0.0, 0.0, 0.0]",32,"['a', 'b', 'c']",[어느 날 게임 속 창고 캐릭터가 되어버렸다!] 초 고난이도 가상현실 게임 <오버 더 판타지>. 만렙 캐릭터를 일곱 개나 키운 고인물이 게임 속에 갇혀 버렸다. 하필이면 10레벨짜리 창고 캐릭터로 말이다. 볼품없지만 재화와 아이템이 풍족해서 그나마 다행인 건가?,src/img/SSS급창고캐릭터로살아남기.png,,,"[Timestamp('2024-04-07 00:00:00'), Timestamp('2024-01-20 00:00:00')]"
네 입술에 물들어 [19세 완전판],,"로맨스,드라마",월,3,"[0.0, 0]","[5.0, 5.0, 5.0, 4.0, 0.0, 0.0, 0.0, 0.0, 0.0, 0.0, 0.0, 0.0, 0.0, 0.0, 0.0, 0.0, 0.0, 0.0, 0.0, 0.0, 0.0, 0.0, 0.0, 0.0, 0.0, 0.0, 0.0, 0.0, 0.0, 0.0, 0.0]",31,"['a', 'b', 'c']","내가 그 사람을 사랑해도 될까…? 그 사람은… 언니의 첫사랑인걸. 잊지 못했던 첫사랑을 10년 만에 다시 만났다. 그것도 지독히도 피하고 싶은 정략결혼의 상대로. 지안은 그를 다시 만난 순간 직감했다. 열심히 도망쳤다고 생각했는데 결국은 전부 제자리걸음이었다는 것을. 영원히 벗어날 수 없다면 차라리 그를 눈에 담기로 결정했다. 이런 결혼쯤은 괜찮다는 겁 없는 지안의 말에 가까이 다가온 도진은 낮은 음성으로 경고한다. “나랑 이런 거 할 수 있겠어?” 숨결이 느껴질 만큼 아슬아슬한 거리로 들어선 도진의 눈을 피하지 않고 지안은 단호하게 말했다. “할 수 있어요. 저는 배우니까.” 뜨거웠던 첫키스 이후 도진은 다른 사람이 되어 불도저처럼 그녀에게 직진한다. 그러나 오랜 시간 동안 쌓여버린 오해가 두 사람 사이를 가로막는데……! “그럴 거면 날 살리지 말지 그랬어요.” 죽은 언니의 그림자 속에 갇혀버린 것처럼 그와 함께하는 시간이 늘어나는 만큼 마치 세 사람이 함께 있는 것 같았다. 감당할 수 있다고 자신했는데 처절하게 무너졌다. “함부로 말하지는 말지.” 무너지는 그녀를 붙잡고 오히려 묻고 싶었다. 자신이 어떤 마음이었는지 알고 있냐고. 알고 보니 이 남자, 그녀보다 더 지독한 사랑을 하고 있었다.",src/img/네입술에물들어19세완전판.png,,,"[Timestamp('2024-04-07 00:00:00'), Timestamp('2024-01-22 00:00:00')]"
배틀슬라임,,액션,월,9,"[2.1, 10]","[2.5, 2.0, 1.0, 1.0, 1.0, 1.0, 1.0, 1.0, 1.0, 0.0, 0.0, 0.0, 0.0, 0.0, 0.0, 0.0, 0.0, 0.0, 0.0, 0.0]",20,"['a', 'b', 'c']","신이 되어 타이탄에 복수하겠어 핵폭탄을 사용한 3차 세계대전이 휩쓸고 간 지구는 인간과 생명체들을 멸망 직전까지 몰고 간다. 국가라는 개념이 없어지고 민족화된 세상. 타이탄 사는 황폐화된 세계를 슬라임을 사용해 점차 복구시키고 자원을 독점하면서 지구상 유일무이한 기업으로 성장한다. 타이탄 사의 수장 제네시스의 목표는 오직 하나. 슬라임과 성장기 아이들을 결합시켜 지구에 블랙홀을 일으킨 후, 자신의 야망을 실현시킬 신을 만드는 것. 이를 막기 위한 천방지축 노아와 까칠한 아크의 사투를 그린 이야기.",src/img/배틀슬라임.png,,,"[Timestamp('2024-04-07 00:00:00'), Timestamp('2024-01-22 00:00:00')]"
아도니스,,"판타지,로맨스,한국",월,273,"[3.6, 81]","[5.0, 5.0, 5.0, 5.0, 5.0, 5.0, 5.0, 5.0, 5.0, 5.0, 5.0, 5.0, 5.0, 5.0, 5.0, 5.0, 5.0, 5.0, 5.0, 5.0, 5.0, 5.0, 5.0, 5.0, 5.0, 5.0, 5.0, 5.0, 5.0, 5.0, 5.0, 5.0, 5.0, 5.0, 5.0, 5.0, 5.0, 5.0, 5.0, 5.0, 5.0, 5.0, 5.0, 5.0, 5.0, 5.0, 5.0, 5.0, 5.0, 5.0, 5.0, 5.0, 5.0, 5.0, 5.0, 5.0, 5.0, 5.0, 5.0, 5.0, 5.0, 5.0, 5.0, 5.0, 5.0, 5.0, 5.0, 5.0, 5.0, 5.0, 5.0, 5.0, 5.0, 5.0, 5.0, 5.0, 5.0, 5.0, 5.0, 5.0, 5.0, 5.0, 5.0, 5.0, 5.0, 5.0, 5.0, 5.0, 5.0, 5.0, 5.0, 5.0, 5.0, 5.0, 5.0, 5.0, 5.0, 5.0, 5.0, 5.0, 5.0, 5.0, 5.0, 5.0, 5.0, 5.0, 5.0, 5.0, 5.0, 5.0, 5.0, 5.0, 5.0, 5.0, 5.0, 5.0, 5.0, 5.0, 5.0, 5.0, 5.0, 5.0, 5.0, 5.0, 5.0, 5.0, 5.0, 5.0, 5.0, 5.0, 5.0, 5.0, 5.0, 5.0, 5.0, 5.0, 5.0, 5.0, 5.0, 5.0, 5.0, 5.0, 5.0, 5.0, 5.0, 5.0, 5.0, 5.0, 5.0, 5.0, 5.0, 5.0, 5.0, 5.0, 5.0, 5.0, 5.0, 5.0, 5.0, 5.0, 5.0, 5.0, 5.0, 5.0, 5.0, 5.0, 5.0, 5.0, 5.0, 5.0, 5.0, 5.0, 5.0, 5.0, 5.0, 5.0, 5.0, 5.0, 5.0, 5.0, 5.0, 5.0, 5.0, 5.0, 5.0, 5.0, 5.0, 5.0, 5.0, 5.0, 5.0, 5.0, 5.0, 5.0, 5.0, 4.9, 4.9, 4.9, 4.9, 4.8, 4.8, 4.8, 4.8, 4.8, 4.8, 4.8, 4.8, 4.8, 4.8, 4.8, 4.8, 4.8, 4.8, 4.7, 4.7, 4.7, 4.7, 4.7, 4.6, 4.6, 4.6, 4.6, 4.6, 4.6, 4.6, 4.5, 4.4, 4.4, 4.4, 4.3, 4.3, 4.3, 4.3, 4.3, 4.2, 4.0, 4.0, 4.0, 4.0, 3.8, 3.7, 3.7, 3.4]",243,"['a', 'b', 'c']",자신과 누구보다 닮았던 자 전생에서 파국을 맞이하게 된 두 사람은 새로운 생에서도 또다시 만나게 되고 비극을 바복하게 되는 것일까....,src/img/아도니스.png,,,"[Timestamp('2024-04-07 00:00:00'), Timestamp('2018-07-17 00:00:00')]"
버림받고 즐기는 소박한 독신의 삶,,"판타지,로맨스",월,98,"[4.0, 39]","[5.0, 5.0, 5.0, 5.0, 5.0, 5.0, 5.0, 5.0, 5.0, 5.0, 5.0, 5.0, 5.0, 5.0, 5.0, 5.0, 5.0, 5.0, 5.0, 5.0, 5.0, 5.0, 5.0, 5.0, 5.0, 5.0, 5.0, 5.0, 5.0, 5.0, 5.0, 5.0, 5.0, 5.0, 5.0, 4.3, 4.2, 4.0, 4.0, 4.0, 0.0, 0.0, 0.0, 0.0, 0.0, 0.0, 0.0, 0.0, 0.0, 0.0, 0.0]",51,"['a', 'b', 'c']","캐서린은 많은 걸 원하지 않았다. 옷과 장신구 같은 사치품이 없어도, 끝이 다 찢겨 흉측한 침실의 커튼이나 굽이 다 닳아 높이가 다른 구두도 괜찮았다. 돌아가신 어머니를 위해서라도 이를 악물고 견딘지 2년. 이제 더는 그럴 필요를 느끼지 못했다. ""좋아요, 제가 나갈게요."" 캐서린은이 모든 것에 지쳤다. *** ""교황의 번견인가? 여기까지 잘도 찾아왔군."" 그녀의 저택에 침입한 남자는 머리부터 발끝까지 젖은 채였다. 까만 가죽 장화 아래로 진흙이 엉망으로 뭉개진 게 보였다. 이럴수가. 바닥을 닦던 도중에 풀도 아닌 진흙을 끌고 오다니! “변장이 꽤 그럴싸해. 누가 봐도 평범한 도시 여성이라 하마터면 속아 넘어갈 뻔했….” “닦아.” 그녀는 잡고 있던 대걸레를 남자에게 내밀었다. “뭘 그렇게 멍청하게 봐? 바닥 닦으라니까? 그리고 초면에 함부로 검 들이미는 거 아니야. 주거 침입으로 모자라 살인 미수로 신고당하고 싶어?”",src/img/버림받고즐기는소박한독신의삶.png,,,"[Timestamp('2024-04-07 00:00:00'), Timestamp('2023-04-30 00:00:00')]"
나는 EX급 헌터다,,"판타지,액션",월,63,"[2.6, 59]","[5.0, 5.0, 5.0, 5.0, 5.0, 5.0, 5.0, 5.0, 5.0, 5.0, 5.0, 5.0, 5.0, 5.0, 5.0, 5.0, 5.0, 5.0, 5.0, 4.6, 4.4, 4.0, 4.0, 4.0, 4.0, 3.8, 3.7, 3.7, 3.7, 3.7, 3.5, 3.5, 3.0, 2.0, 0.0, 0.0, 0.0, 0.0, 0.0, 0.0]",40,"['a', 'b', 'c']","갑작스럽게 나타난 괴물 오버로드들에게 맞서 싸웠으나, 끝내 패배하고 고향과 동료들을 잃었던 여덟 영웅 중 하나인 아덴. 오버로드들의 우두머리인 여왕과의 전투를 마지막으로, 그는 게이트와 헌터라는 존재가 있는 세계에서 평범한 청년 한태민으로 환생한다. 상실과 실패의 기억으로 무기력하게 살아가던 어느날, 다시 소중한 사람을 잃은 한태민은 헌터로 각성하게 되는데… 과연 실패한 영웅이었던 한태민은, 이번에야 말로 자신의 동료들과 세계를 뻗어오는 마수로부터 지킬 수 있을 것인가?",src/img/나는EX급헌터다.png,,,"[Timestamp('2024-04-07 00:00:00'), Timestamp('2023-12-04 00:00:00')]"
마도선자,,무협,월,18,"[2.0, 36]","[5.0, 5.0, 5.0, 5.0, 5.0, 5.0, 5.0, 5.0, 4.0, 3.0, 2.7, 1.0, 1.0, 1.0, 0.0, 0.0, 0.0, 0.0, 0.0, 0.0, 0.0, 0.0, 0.0, 0.0, 0.0, 0.0, 0.0, 0.0]",28,"['a', 'b', 'c']","장강을 핏빛으로 물들인 '장강혈마'! 온갖 악행으로 결국 처단을 당하게 되고 죽기 직전에 자신의 신병 '멸수회천도'에 자신의 혼을 넣는다. 그렇게 시간이 지나 어느날, 물고기 배 속에서 우연히 '멸수회천도'를 발견한 애 딸린 아낙네 선자. 장강혈마는 어수룩한 촌 아낙네인 선자의 몸을 빼앗고 다시금 세상에 준동하여 천하마도를 꿈꾸는데... 하지만 세상물정 모르는 선자와 호시탐탐 기회만 노리는 장강혈마의 강호행이 펼쳐진다!",src/img/마도선자.png,,,"[Timestamp('2024-04-07 00:00:00'), Timestamp('2024-03-14 00:00:00')]"
절세무신,,"무협,중국",월,76,"[2.3, 50]","[5.0, 5.0, 5.0, 5.0, 5.0, 5.0, 5.0, 5.0, 5.0, 5.0, 5.0, 5.0, 5.0, 5.0, 5.0, 5.0, 5.0, 5.0, 5.0, 5.0, 5.0, 5.0, 5.0, 5.0, 5.0, 5.0, 5.0, 5.0, 5.0, 5.0, 5.0, 5.0, 5.0, 5.0, 5.0, 5.0, 5.0, 5.0, 5.0, 5.0, 5.0, 5.0, 5.0, 5.0, 5.0, 5.0, 5.0, 5.0, 5.0, 5.0, 5.0, 5.0, 5.0, 5.0, 5.0, 5.0, 5.0, 5.0, 5.0, 5.0, 5.0, 5.0, 5.0, 5.0, 5.0, 5.0, 5.0, 5.0, 5.0, 5.0, 5.0, 5.0, 5.0, 5.0, 5.0, 5.0, 5.0, 5.0, 5.0, 5.0, 5.0, 5.0, 5.0, 5.0, 5.0, 5.0, 5.0, 5.0, 5.0, 5.0, 5.0, 5.0, 5.0, 5.0, 5.0, 5.0, 5.0, 5.0, 5.0, 5.0, 5.0, 5.0, 5.0, 5.0, 5.0, 5.0, 5.0, 5.0, 5.0, 5.0, 5.0, 5.0, 5.0, 5.0, 5.0, 5.0, 5.0, 5.0, 5.0, 5.0, 5.0, 5.0, 5.0, 5.0, 5.0, 5.0, 5.0, 5.0, 5.0, 5.0, 5.0, 5.0, 5.0, 5.0, 5.0, 5.0, 5.0, 5.0, 5.0, 5.0, 5.0, 5.0, 5.0, 5.0, 5.0, 5.0, 5.0, 5.0, 5.0, 5.0, 5.0, 5.0, 5.0, 5.0, 5.0, 5.0, 5.0, 5.0, 5.0, 5.0, 5.0, 5.0, 5.0, 5.0, 5.0, 5.0, 5.0, 5.0, 5.0, 5.0, 5.0, 5.0, 5.0, 5.0, 5.0, 5.0, 5.0, 5.0, 5.0, 5.0, 5.0, 5.0, 5.0, 5.0, 5.0, 5.0, 5.0, 5.0, 5.0, 5.0, 5.0, 5.0, 5.0, 5.0, 5.0, 5.0, 5.0, 5.0, 5.0, 5.0, 5.0, 5.0, 5.0, 5.0, 5.0, 5.0, 5.0, 5.0, 5.0, 5.0, 5.0, 5.0, 5.0, 5.0, 5.0, 5.0, 5.0, 5.0, 5.0, 5.0, 5.0, 5.0, 5.0, 5.0, 5.0, 5.0, 5.0, 5.0, 5.0, 5.0, 5.0, 5.0, 5.0, 5.0, 5.0, 5.0, 5.0, 5.0, 5.0, 5.0, 5.0, 5.0, 5.0, 5.0, 5.0, 5.0, 5.0, 5.0, 5.0, 5.0, 5.0, 5.0, 5.0, 5.0, 5.0, 5.0, 5.0, 5.0, 5.0, 5.0, 5.0, 5.0, 5.0, 5.0, 5.0, 5.0, 5.0, 5.0, 5.0, 5.0, 5.0, 5.0, 5.0, 5.0, 5.0, 5.0, 5.0, 5.0, 5.0, 5.0, 5.0, 5.0, 5.0, 5.0, 5.0, 5.0, 5.0, 5.0, 5.0, 5.0, 5.0, 5.0, 5.0, 5.0, 5.0, 5.0, 5.0, 5.0, 5.0, 5.0, 5.0, 5.0, 5.0, 5.0, 5.0, 5.0, 5.0, 5.0, 5.0, 5.0, 5.0, 5.0, 5.0, 5.0, 5.0, 5.0, 5.0, 5.0, 5.0, 5.0, 5.0, 5.0, 5.0, 5.0, 5.0, 5.0, 5.0, 5.0, 5.0, 5.0, 4.5, 4.5, 4.4, 4.3, 4.3, 4.3, 4.3, 4.3, 4.3, 4.2, 4.2, 4.2, 4.2, 4.1, 4.0, 4.0, 4.0, 4.0, 4.0, 4.0, 4.0, 4.0, 4.0, 4.0, 4.0, 4.0, 4.0, 4.0, 4.0, 4.0, 4.0, 4.0, 4.0, 4.0, 4.0, 4.0, 4.0, 4.0, 4.0, 4.0, 3.8, 3.7, 3.7, 3.7, 3.7, 3.7, 3.7, 3.7, 3.7, 3.7, 3.7, 3.7, 3.7, 3.7, 3.7, 3.7, 3.7, 3.7, 3.5, 3.5, 3.3, 3.3, 3.0, 3.0, 1.0, 0.0, 0.0, 0.0, 0.0, 0.0, 0.0, 0.0, 0.0, 0.0, 0.0, 0.0]",406,"['a', 'b', 'c']","현대 세계에 살던 주인공 '임풍'은 뜻밖의 사로고 무림 세계에 살던 약골 '임풍'의 몸에 빙의한다. 무림 세계에선 강자가 곧 지존이고 법이다! 갖은 멸시를 당하던 과거의 약골 '임풍'은 새롭게 태어나며, 무도의 최고봉을 향해 한 걸음씩 올라선다.",src/img/절세무신.png,,,"[Timestamp('2024-04-07 00:00:00'), Timestamp('2019-12-30 00:00:00')]"
천검지존,,"판타지,액션,개그,무협,중국",월,12,"[2.3, 15]","[5.0, 5.0, 5.0, 5.0, 5.0, 5.0, 5.0, 5.0, 5.0, 5.0, 5.0, 5.0, 5.0, 5.0, 5.0, 5.0, 5.0, 5.0, 5.0, 5.0, 5.0, 5.0, 5.0, 5.0, 5.0, 5.0, 5.0, 5.0, 5.0, 5.0, 5.0, 5.0, 5.0, 5.0, 5.0, 5.0, 5.0, 5.0, 5.0, 5.0, 5.0, 5.0, 5.0, 5.0, 5.0, 5.0, 5.0, 5.0, 5.0, 5.0, 5.0, 5.0, 5.0, 5.0, 5.0, 5.0, 5.0, 5.0, 5.0, 5.0, 5.0, 5.0, 5.0, 5.0, 5.0, 5.0, 5.0, 5.0, 5.0, 5.0, 5.0, 5.0, 5.0, 5.0, 5.0, 5.0, 5.0, 5.0, 4.0, 4.0, 4.0, 4.0, 4.0, 4.0, 3.3, 3.0, 1.0, 0.0, 0.0, 0.0, 0.0, 0.0, 0.0, 0.0, 0.0, 0.0, 0.0, 0.0, 0.0, 0.0, 0.0, 0.0, 0.0, 0.0, 0.0, 0.0, 0.0, 0.0, 0.0, 0.0, 0.0, 0.0, 0.0, 0.0, 0.0, 0.0, 0.0, 0.0, 0.0, 0.0, 0.0, 0.0, 0.0, 0.0, 0.0, 0.0, 0.0, 0.0, 0.0, 0.0, 0.0, 0.0, 0.0, 0.0, 0.0, 0.0, 0.0, 0.0, 0.0, 0.0, 0.0, 0.0, 0.0, 0.0, 0.0, 0.0, 0.0, 0.0, 0.0, 0.0, 0.0, 0.0, 0.0, 0.0, 0.0, 0.0, 0.0, 0.0, 0.0, 0.0, 0.0, 0.0, 0.0, 0.0, 0.0, 0.0, 0.0, 0.0, 0.0, 0.0, 0.0, 0.0, 0.0, 0.0, 0.0]",175,"['a', 'b', 'c']","도(刀)는 추앙받고 검(劍)은 멸시받는 시대. 무혼 중 가장 서열이 높은 도혼을 각성하면 가문의 자랑이자 다른 이들의 부러움도 한눈에 살 수 있었다. 그리고 도혼 9성으로 각성할 기회를 얻은 초현. 모두 그가 도혼으로 각성할 것이라 믿어 의심치 않았다. 하지만... 어렸을 때 수련하다 우연히 만난 천도서가 말하길, 검혼을 각성해 천도본원결을 깨우치면 최강자가 될 수 있다고 한다. 어려서부터 유달리 힘에 대한 열망이 강했던 초현은 도혼을 포기하고 결국 검혼 10성으로 각성하게 된다. 남들과 달리 어려운 길을 선택한 초현. 과연 그는 검혼으로 최강자가 될 수 있을까?",src/img/천검지존.png,,,"[Timestamp('2024-04-07 00:00:00'), Timestamp('2022-04-07 00:00:00')]"
개꿈,,"로맨스,드라마,성인",월,10,"[3.9, 11]","[5.0, 5.0, 5.0, 5.0, 5.0, 5.0, 5.0, 5.0, 5.0, 4.5, 3.0, 3.0, 0.0, 0.0, 0.0, 0.0, 0.0, 0.0, 0.0, 0.0, 0.0, 0.0, 0.0, 0.0]",24,"['a', 'b', 'c']","독서실 알바이자 공시생인 27살 윤빛나는 잘생긴 파트너 강경준과 잠자리를 가지며, 그에게 재벌 3세 여자친구 차현주가 있다는 사실을 알면서도 관계를 끊어내지 못하는데...",src/img/개꿈.png,,,"[Timestamp('2024-04-07 00:00:00'), Timestamp('2023-12-29 00:00:00')]"
내게 종말은 게임이다,,"판타지,액션,드라마",월,170,"[3.7, 55]","[5.0, 5.0, 5.0, 5.0, 5.0, 5.0, 5.0, 5.0, 5.0, 5.0, 5.0, 5.0, 5.0, 5.0, 5.0, 5.0, 5.0, 5.0, 5.0, 5.0, 5.0, 5.0, 5.0, 5.0, 5.0, 5.0, 5.0, 5.0, 5.0, 5.0, 5.0, 5.0, 5.0, 5.0, 5.0, 5.0, 5.0, 5.0, 5.0, 5.0, 5.0, 5.0, 5.0, 5.0, 5.0, 4.9, 4.7, 4.6, 4.4, 4.3, 4.2, 4.0, 3.5, 0.0]",54,"['a', 'b', 'c']",백수나 다름없는 삶을 살던 게임 스트리머 고천수. 시청자 수는 1명. 어느 날 플레이어로 지목된 그는 현실 세계의 서바이벌 게임에 내던져진다. 클리어 조건은 죽지 않는 것. 24시간 라이브 생존 스트리밍이 시작된다.,src/img/내게종말은게임이다.png,,,"[Timestamp('2024-04-06 00:00:00'), Timestamp('2023-04-08 00:00:00')]"
악역 황녀님은 과자집에서 살고 싶어,,"판타지,개그,로맨스,한국",월,226,"[3.5, 78]","[5.0, 5.0, 5.0, 5.0, 5.0, 5.0, 5.0, 5.0, 5.0, 5.0, 5.0, 5.0, 5.0, 5.0, 5.0, 5.0, 5.0, 5.0, 5.0, 5.0, 5.0, 5.0, 5.0, 5.0, 5.0, 5.0, 5.0, 5.0, 5.0, 5.0, 5.0, 5.0, 5.0, 5.0, 5.0, 5.0, 5.0, 5.0, 5.0, 5.0, 5.0, 5.0, 5.0, 5.0, 5.0, 5.0, 5.0, 5.0, 5.0, 5.0, 5.0, 5.0, 5.0, 5.0, 5.0, 5.0, 5.0, 5.0, 5.0, 5.0, 5.0, 5.0, 5.0, 5.0, 5.0, 5.0, 5.0, 5.0, 5.0, 5.0, 5.0, 5.0, 5.0, 5.0, 5.0, 5.0, 5.0, 5.0, 5.0, 5.0, 5.0, 5.0, 5.0, 5.0, 5.0, 4.8, 4.8, 4.5, 4.2, 4.1, 4.0, 4.0, 3.7, 3.4, 2.6, 1.0, 0.0, 0.0, 0.0, 0.0, 0.0, 0.0, 0.0, 0.0, 0.0, 0.0, 0.0, 0.0]",108,"['a', 'b', 'c']","찢어지게 가난한 집 아이로 환생한 줄 알았더니…. “아나스타샤 황손 저하를 모시러 왔습니다!” …아무래도 나는 ‘원작’에서 권력을 탐하다 비참한 최후를 맞이하는 황녀에 빙의한 모양이다. 권력에 관심이 없음을 보여 줄 겸, 전생에서 못다 이룬 파티시에의 꿈을 향한 욕심도 채울 겸, 계약한 정령의 도움을 받아 열심히 과자만 구웠다. 맛있는 걸 먹으면 기분이 좋아질 테니 설마 나를 죽이지야 않겠지! 그런데 냉혹하고 비정한 황제(할아버지)도, 나를 파멸로 몰고 갈 남주 황태손(사촌 오빠)도, 제국 최강의 기사인 소공작(오빠 친구)도, 나한테 칼을 꽂을 노예 기사(엘프)도! ""저하의 라임 파이가 좋다는 말입니다."" …이 사람들, 설마 과자 말고 나한테 푹 빠진 건가? 디저트처럼 달콤하고 사랑스러운 악역 황녀 아샤의 베이킹&힐링 판타지!",src/img/악역황녀님은과자집에서살고싶어.png,,,"[Timestamp('2024-04-06 00:00:00'), Timestamp('2021-06-02 00:00:00')]"
던전 견문록,,"판타지,액션",월,684,"[4.7, 236]","[5.0, 5.0, 5.0, 5.0, 5.0, 5.0, 5.0, 5.0, 5.0, 5.0, 5.0, 5.0, 5.0, 5.0, 5.0, 5.0, 5.0, 5.0, 5.0, 5.0, 5.0, 5.0, 5.0, 5.0, 5.0, 5.0, 5.0, 5.0, 5.0, 5.0, 5.0, 5.0, 5.0, 5.0, 5.0, 5.0, 5.0, 5.0, 5.0, 5.0, 5.0, 5.0, 5.0, 5.0, 5.0, 5.0, 5.0, 4.9, 4.9, 4.9, 4.9, 4.9, 4.9, 4.9, 4.9, 4.9, 4.9, 4.9, 4.9, 4.9, 4.9, 4.9, 4.9, 4.9, 4.9, 4.9, 4.9, 4.8, 4.8, 4.8, 4.8, 4.8, 4.7, 4.7, 4.7, 4.6, 4.6, 4.6, 4.5, 4.5, 4.3, 4.3]",82,"['a', 'b', 'c']","미궁에서 태어나 괴수의 젖을 먹고 자란 인류의 후손, 특별한 힘과 강인한 신체를 지닌 그들이 돌아왔을 때 인류는 그들을 가리켜 던전 베이비라 불렀다. 그중에서도 가장 깊은 미궁에서 태어난 김진우. ""강해지려고 한 적은 없어. 단지 난 살고싶었을 뿐이야."" 가장 비천한 토굴꾼에서 미궁의 왕까지, 지금 그의 일대기가 펼쳐진다.",src/img/던전견문록.png,,,"[Timestamp('2024-04-05 00:00:00'), Timestamp('2022-09-26 00:00:00')]"
괴물 공작이 나를 아내로 착각한다,,"판타지,로맨스",월,41,"[4.8, 22]","[5.0, 5.0, 5.0, 5.0, 5.0, 5.0, 5.0, 5.0, 5.0, 5.0, 5.0, 5.0, 5.0, 5.0, 5.0, 5.0, 5.0, 5.0, 5.0, 5.0, 5.0, 5.0, 4.8, 3.0]",24,"['a', 'b', 'c']","빙의한 소설 속 흑막이자 저주받은 '괴물 공작', 딜리언 시나이즈가 눈앞에 나타났다. 대체 누구에게 당한 건지, 다 죽어가는 채로. 모른 척할 수 없어 치료해줬는데 기억을 잃은 데다 이상한 착각까지 한다? ""당신만 보면 심장이 무섭게 뛰고, 정신이 아찔합니다."" ""그, 그건…."" ""역시 저희는 연인이었군요."" ""아니에요, 모르는 사이였다니까요?!"" 한 번 시작된 오해는 걷잡을 수 없이 커져만 가는데. ""부인이 제 곁을 떠나면…."" ""죽이기라도 하게요?"" ""아니, 당신을 데려간 놈을 죽여야지."" 이 무서운 남자한테서 무사히 벗어날 수 있을까?",src/img/괴물공작이나를아내로착각한다.png,,,"[Timestamp('2024-04-05 00:00:00'), Timestamp('2024-03-23 00:00:00')]"
이차원 용병,,"판타지,한국",월,258,"[3.4, 97]","[5.0, 5.0, 5.0, 5.0, 5.0, 5.0, 5.0, 5.0, 5.0, 5.0, 5.0, 5.0, 5.0, 5.0, 5.0, 5.0, 5.0, 5.0, 5.0, 5.0, 5.0, 5.0, 5.0, 5.0, 5.0, 5.0, 5.0, 5.0, 5.0, 5.0, 5.0, 5.0, 5.0, 5.0, 5.0, 5.0, 5.0, 5.0, 5.0, 5.0, 5.0, 5.0, 5.0, 5.0, 5.0, 5.0, 5.0, 5.0, 5.0, 5.0, 5.0, 5.0, 5.0, 5.0, 5.0, 5.0, 5.0, 5.0, 5.0, 5.0, 5.0, 5.0, 5.0, 5.0, 5.0, 5.0, 5.0, 5.0, 5.0, 5.0, 5.0, 5.0, 5.0, 5.0, 5.0, 5.0, 5.0, 5.0, 5.0, 5.0, 5.0, 5.0, 5.0, 5.0, 5.0, 5.0, 5.0, 5.0, 5.0, 5.0, 5.0, 5.0, 5.0, 5.0, 5.0, 5.0, 5.0, 4.9, 4.9, 4.9, 4.9, 4.9, 4.9, 4.9, 4.9, 4.8, 4.8, 4.8, 4.8, 4.8, 4.8, 4.8, 4.8, 4.8, 4.8, 4.8, 4.8, 4.8, 4.8, 4.8, 4.8, 4.8, 4.8, 4.8, 4.8, 4.8, 4.8, 4.8, 4.8, 4.8, 4.8, 4.8, 4.8, 4.8, 4.8, 4.8, 4.8, 4.7, 4.7, 4.7, 4.7, 4.7, 4.7, 4.7, 4.7, 4.7, 4.7, 4.7, 4.7, 4.7, 4.7, 4.7, 4.7, 4.7, 4.6, 4.6, 4.6, 4.6, 4.6, 4.6, 4.5, 4.5, 4.5, 4.5, 4.5, 4.5, 4.5, 4.5, 4.5, 4.5, 4.5, 4.5, 4.5, 4.5, 4.5, 4.5, 4.5, 4.5, 4.5, 4.5, 4.5, 4.4, 4.4, 4.4, 4.4, 4.4, 4.4, 4.4, 4.4, 4.4, 4.4, 4.4, 4.4, 4.4, 4.4, 4.4, 4.4, 4.3, 4.3, 4.3, 4.3, 4.3, 4.3, 4.3, 4.3, 4.3, 4.3, 4.3, 4.3, 4.3, 4.3, 4.2, 4.2, 4.2, 4.2, 4.2, 4.2, 4.2, 4.2, 4.2, 4.1, 4.1, 4.1, 4.1, 4.1, 4.0, 4.0, 4.0, 4.0, 4.0, 4.0, 4.0, 4.0, 4.0, 4.0, 4.0, 4.0, 4.0, 4.0, 4.0, 4.0, 3.9, 3.9, 3.8, 3.8, 3.8, 3.8, 3.8, 3.8, 3.7, 3.7, 3.7, 3.7, 3.7, 3.6, 3.6, 3.6, 3.6, 3.6, 3.5, 3.4, 3.3, 3.3, 3.2, 3.0, 3.0, 3.0, 2.7, 1.0, 0.0, 0.0, 0.0, 0.0, 0.0, 0.0, 0.0, 0.0, 0.0]",278,"['a', 'b', 'c']",『이차원 용병』취직하고 싶습니까?영혼을 팔아서라도 취직하고 싶으십니까?그렇다면 잘 오셨습니다.,src/img/이차원용병.png,,,"[Timestamp('2024-04-05 00:00:00'), Timestamp('2018-07-18 00:00:00')]"
백작 영애의 애인을 꼬셔라,,"판타지,로맨스",월,23,"[2.9, 16]","[5.0, 5.0, 5.0, 5.0, 5.0, 5.0, 5.0, 5.0, 4.0, 4.0, 3.0, 3.0, 2.3, 1.3, 1.0, 1.0, 1.0, 0.0, 0.0, 0.0, 0.0, 0.0, 0.0, 0.0, 0.0, 0.0, 0.0, 0.0, 0.0, 0.0, 0.0, 0.0, 0.0, 0.0, 0.0, 0.0, 0.0, 0.0, 0.0, 0.0, 0.0, 0.0, 0.0, 0.0, 0.0, 0.0, 0.0, 0.0, 0.0, 0.0, 0.0, 0.0, 0.0, 0.0, 0.0, 0.0, 0.0, 0.0, 0.0, 0.0, 0.0, 0.0, 0.0, 0.0, 0.0, 0.0, 0.0, 0.0]",68,"['a', 'b', 'c']","18살. 마탑에 갇혀 황제에게 이용만 당하다가 회귀한 리델 크로스. 이번 생에는 절대 마법과 관련 없는 평범한 삶을 살 것이라 다짐하며, 백작가의 메이드가 되는 것까지는 좋았는데. 백작은 리델에게 밀레나 아가씨의 애인으로 소문난 그레이엄을 꼬셔 떼어내라는 명령을 내린다. 하지만 떼어내라는 놈이 회귀 전 황제와 너무 똑같이 생겨서 적응 안 되는 그레이엄? 얼굴만 봐도 벌벌 떨리는데 저 사람을 꼬시라니요!",src/img/백작영애의애인을꼬셔라.png,,,"[Timestamp('2024-04-05 00:00:00'), Timestamp('2022-09-25 00:00:00')]"
소르골 전기:천년전쟁,,"판타지,액션,중국",월,40,"[3.0, 35]","[5.0, 5.0, 5.0, 5.0, 5.0, 5.0, 5.0, 5.0, 5.0, 5.0, 5.0, 5.0, 5.0, 5.0, 5.0, 5.0, 5.0, 5.0, 5.0, 5.0, 5.0, 5.0, 5.0, 5.0, 5.0, 5.0, 5.0, 5.0, 5.0, 5.0, 5.0, 5.0, 5.0, 5.0, 5.0, 5.0, 5.0, 5.0, 5.0, 5.0, 5.0, 5.0, 5.0, 5.0, 5.0, 5.0, 5.0, 5.0, 5.0, 5.0, 5.0, 4.7, 4.3, 4.3, 4.3, 4.0, 4.0, 4.0, 4.0, 4.0, 4.0, 4.0, 4.0, 3.7, 3.7, 3.7, 3.7, 3.5, 3.0, 3.0, 3.0, 3.0, 3.0, 3.0, 3.0, 3.0, 3.0, 3.0, 3.0, 3.0, 3.0, 3.0, 3.0, 3.0, 2.5, 2.0, 1.7, 1.0, 1.0, 1.0, 1.0, 1.0, 1.0, 1.0, 1.0, 1.0, 1.0, 1.0, 1.0, 1.0, 1.0, 1.0, 1.0, 1.0, 1.0, 1.0, 1.0, 1.0, 0.0, 0.0, 0.0, 0.0, 0.0, 0.0, 0.0, 0.0, 0.0, 0.0, 0.0, 0.0, 0.0, 0.0, 0.0, 0.0, 0.0, 0.0, 0.0, 0.0, 0.0, 0.0, 0.0, 0.0, 0.0, 0.0, 0.0, 0.0, 0.0, 0.0, 0.0, 0.0, 0.0, 0.0, 0.0, 0.0, 0.0, 0.0, 0.0, 0.0, 0.0, 0.0, 0.0, 0.0, 0.0, 0.0, 0.0, 0.0, 0.0, 0.0, 0.0, 0.0, 0.0, 0.0, 0.0, 0.0, 0.0, 0.0, 0.0, 0.0, 0.0, 0.0, 0.0, 0.0, 0.0, 0.0, 0.0, 0.0, 0.0, 0.0, 0.0, 0.0, 0.0, 0.0, 0.0, 0.0, 0.0, 0.0, 0.0, 0.0, 0.0, 0.0, 0.0, 0.0, 0.0, 0.0, 0.0, 0.0, 0.0, 0.0, 0.0, 0.0, 0.0, 0.0, 0.0, 0.0, 0.0, 0.0, 0.0, 0.0, 0.0, 0.0, 0.0, 0.0, 0.0, 0.0, 0.0, 0.0, 0.0, 0.0, 0.0, 0.0, 0.0, 0.0, 0.0, 0.0, 0.0, 0.0, 0.0, 0.0, 0.0, 0.0, 0.0, 0.0, 0.0, 0.0, 0.0, 0.0, 0.0, 0.0, 0.0, 0.0, 0.0, 0.0, 0.0, 0.0, 0.0, 0.0, 0.0, 0.0, 0.0, 0.0, 0.0, 0.0, 0.0, 0.0, 0.0, 0.0, 0.0, 0.0, 0.0, 0.0, 0.0, 0.0, 0.0, 0.0, 0.0, 0.0, 0.0, 0.0, 0.0, 0.0, 0.0, 0.0, 0.0, 0.0, 0.0, 0.0, 0.0, 0.0, 0.0, 0.0, 0.0, 0.0, 0.0, 0.0, 0.0, 0.0, 0.0, 0.0, 0.0, 0.0, 0.0, 0.0, 0.0, 0.0, 0.0]",295,"['a', 'b', 'c']","게임 BJ인 희청은 <정령사:나타르 전기> 게임을 하던 도중에 소르골 캐릭터를 뽑은 첫번째 유저가 되고 의문의 전화 한 통과 함께 미지의 세계로 넘어간다. 진시황의 암살이 성공해 통일되지 못한 상태로 천년을 이어져온 전국시대. 각 국가마다 발전시킨 무공비급과 신식기술이 치열하게 대립하는 가운데, 불사불멸의 소르골을 지닌 주인공의 활약이 시작된다. 땅의 결계 지쇄 9경과 하늘의 결계 천봉3관을 돌파하고 천년전쟁을 마무리 할 인물은 과연?",src/img/소르골전기천년전쟁.png,,,"[Timestamp('2024-04-05 00:00:00'), Timestamp('2019-03-05 00:00:00')]"
당신이 원하는 게 제 심장인가요,,"판타지,로맨스",월,11,"[2.2, 12]","[5.0, 5.0, 5.0, 5.0, 5.0, 5.0, 5.0, 5.0, 5.0, 5.0, 5.0, 5.0, 5.0, 5.0, 5.0, 5.0, 5.0, 5.0, 5.0, 5.0, 5.0, 5.0, 5.0, 5.0, 5.0, 5.0, 5.0, 5.0, 5.0, 5.0, 5.0, 5.0, 5.0, 5.0, 5.0, 5.0, 5.0, 5.0, 5.0, 5.0, 5.0, 5.0, 5.0, 5.0, 5.0, 5.0, 5.0, 5.0, 5.0, 5.0, 4.0, 1.0, 0.0, 0.0, 0.0, 0.0, 0.0, 0.0, 0.0, 0.0, 0.0, 0.0, 0.0, 0.0, 0.0, 0.0, 0.0, 0.0, 0.0, 0.0, 0.0, 0.0, 0.0, 0.0, 0.0, 0.0, 0.0, 0.0, 0.0, 0.0]",80,"['a', 'b', 'c']","인간과 바다 종족 간의 휴전 조약의 증표로 인간 제국에 인질로 보내진 코델리아. 그러나 성년이 되던 날 인간 황제로부터 심장이 도려내져서 죽임을 당한다. 숨이 끊어지기 직전, 우연히 회귀하게 된 코델리아는 자신이 살해당한 이유에 엄청난 비밀이 있었다는 것을 알게 되고, 같은 결말을 피하고자 황제에게 거래를 제안해 황궁을 탈출하려 하는데...",src/img/당신이원하는게제심장인가요.png,,,"[Timestamp('2024-04-05 00:00:00'), Timestamp('2022-08-22 00:00:00')]"
계약 결혼일 뿐이었다,,"판타지,로맨스",월,62,"[4.1, 16]","[5.0, 5.0, 5.0, 5.0, 5.0, 5.0, 5.0, 5.0, 5.0, 5.0, 5.0, 5.0, 5.0, 5.0, 5.0, 4.8, 4.7, 4.7, 4.7, 4.5, 4.5, 4.3, 4.3, 4.0, 4.0, 4.0, 4.0, 3.7, 3.0, 3.0, 0.0, 0.0]",32,"['a', 'b', 'c']","적국에 끌려온 패망국의 황녀, 추락하는 모습마저 아름다운 아르간의 보물. 그러나 머지않아 목이 매달려 야만인들에게 진상될 포로. 엘리제는 그 운명을 피해 어떻게든 살아남아야만 한다. 동생의 유언을 지키기 위해, 그리고 아르간의 재건을 위해. 선택지는 단 하나. 반옐라의 번견, 적국의 총사령관. 비천하고 광증을 가진 용인, 레제트 키르스탄. 엘리제는 눈앞의 이 차갑고 완고한 사내를 이용하기로 한다. 설령, 그 방법이 얼토당토않은 거짓말이라 할지라도. ""내가, 당신의 아이를 낳아줄게요.""",src/img/계약결혼일뿐이었다.png,,,"[Timestamp('2024-04-04 00:00:00'), Timestamp('2023-12-17 00:00:00')]"
황녀님이 사악하셔,,"판타지,로맨스,한국",월,165,"[2.9, 92]","[5.0, 5.0, 5.0, 5.0, 5.0, 5.0, 5.0, 5.0, 5.0, 5.0, 5.0, 5.0, 5.0, 5.0, 5.0, 5.0, 5.0, 5.0, 5.0, 5.0, 5.0, 5.0, 5.0, 5.0, 5.0, 5.0, 5.0, 5.0, 5.0, 5.0, 5.0, 5.0, 5.0, 5.0, 5.0, 5.0, 5.0, 5.0, 5.0, 5.0, 5.0, 5.0, 5.0, 5.0, 5.0, 5.0, 5.0, 5.0, 5.0, 5.0, 5.0, 5.0, 5.0, 5.0, 4.8, 4.7, 4.7, 4.6, 4.6, 4.5, 4.5, 4.5, 4.1, 4.0, 4.0, 4.0, 4.0, 3.3, 3.0, 3.0, 2.7, 2.5, 1.0, 1.0, 0.0, 0.0, 0.0, 0.0, 0.0, 0.0, 0.0, 0.0, 0.0, 0.0, 0.0, 0.0, 0.0, 0.0, 0.0, 0.0, 0.0, 0.0, 0.0, 0.0, 0.0, 0.0, 0.0, 0.0, 0.0, 0.0, 0.0, 0.0, 0.0, 0.0, 0.0, 0.0, 0.0, 0.0, 0.0, 0.0, 0.0, 0.0, 0.0, 0.0, 0.0, 0.0, 0.0, 0.0, 0.0, 0.0]",120,"['a', 'b', 'c']","나는 삼백 살이 넘는 마녀이지만, 믿었던 인간에게 배신당해 죽었다. 꼼짝없이 영혼계에 붙잡혀 있을 줄 알았는데 서로가 서로를 죽이는 황실에 황녀로 환생했다. 이렇게 된 이상 내가 황제가 돼야겠다. “너. 내 부하가 대라.” 이렇게 했으니까 모두 나를 두려워하겠지, 생각했는데. “한 번만 만져주면 안 돼? 네가 머리를 쓰다듬어줬다고 하면 모두가 부러워할 거야.” …뭐야. 왜 이래. “더 해 줘. 귀여우니까.” 하지만 단체로 미쳤나, 싶을 정도로 내게 맹목적인 애정을 보이고 있다. …나 황제 될 수 있겠지?",src/img/황녀님이사악하셔.png,,,"[Timestamp('2024-04-04 00:00:00'), Timestamp('2021-06-19 00:00:00')]"
공포게임 남주와 감금당했다,,"판타지,로맨스",월,27,"[4.0, 10]","[5.0, 5.0, 5.0, 5.0, 5.0, 5.0, 5.0, 5.0, 5.0, 0.0, 0.0, 0.0, 0.0, 0.0, 0.0, 0.0, 0.0, 0.0, 0.0, 0.0, 0.0, 0.0, 0.0]",23,"['a', 'b', 'c']","공포게임 속 메이드가 되었다. 대저택에 갇혀 탈출하려는 남주에게 페널티를 주거나, 안내자 역할을 해주는. 남주의 플레이가 끝날 때까지 대충 의무만 이행하려 했는데. “내가 나가기만 하면, 당신도 똑같이 가둬둘 겁니다.” 남주가 너무 시끄럽다. 이렇게 된 거 빨리 그가 탈출하도록 돕기로 했다. “밥 먹자, 디트리히.” “포션이야. 이거 바르면 바로 나을 거야.” “이번 탈출 힌트가 저기에…….” 다음 플레이를 위해 든든히 먹였고, 남주가 다치면 빨리 다음 플레이를 하도록 포션을 주었고, 대놓고 문제의 힌트도 주었다. 자, 이제 나갈 수 있겠지? 그런데. “글쎄. 답을 잘 모르겠군요.” 머리도 잘 돌아가는 녀석이 이게 무슨 말이야? ……남주가 도무지 저택에서 나갈 생각을 안 한다. “네가 안 나가면 내가 나갈게.” 저 꼴 보기 싫은 놈을 계속 봐야 한다는 생각에 짜증이 나 홧김에 외쳤는데. “당신 여기서 나갈 수 있는 것이었습니까?” 그의 눈이 싸악 가라앉았다. “말해두겠는데, 저는 여기서 나갈 생각이 없습니다.” “뭐?” “그리고 당신도 못 나갑니다.” 대체 이게 어떻게 된 일이지?",src/img/공포게임남주와감금당했다.png,,,"[Timestamp('2024-04-04 00:00:00'), Timestamp('2024-03-16 00:00:00')]"
수상한 고백,,"로맨스,드라마",월,9,"[2.2, 6]","[5.0, 3.0, 2.0, 1.0, 1.0, 1.0, 1.0, 1.0, 0.0, 0.0, 0.0, 0.0, 0.0, 0.0, 0.0, 0.0, 0.0, 0.0, 0.0, 0.0, 0.0, 0.0, 0.0, 0.0, 0.0, 0.0, 0.0, 0.0, 0.0, 0.0, 0.0, 0.0, 0.0, 0.0, 0.0, 0.0, 0.0, 0.0, 0.0, 0.0, 0.0, 0.0, 0.0, 0.0, 0.0, 0.0, 0.0, 0.0, 0.0, 0.0, 0.0, 0.0, 0.0, 0.0, 0.0, 0.0, 0.0, 0.0, 0.0, 0.0, 0.0, 0.0, 0.0, 0.0, 0.0, 0.0]",66,"['a', 'b', 'c']","“우리 결혼해!” 해외 출장에서 다녀오자마자 공항에서 짝사랑 상대인 강현과 자신의 단짝 친구인 윤아가 결혼한다는 소식을 들은 고민해. 둘이 사귀는 것도 몰랐는데 결혼이라고?! 심지어 윤아는 자신이 좋아하는 상대가 강현임을 알고 있었다. 성공을 향한 일념으로 일에만 매달려 열심히 살았는데, 그 결과가 절친의 배신과 실연의 콜라보라니! 울적한 마음으로 퇴근하고 집에 돌아가는 길, 민해는 자신의 반려묘 마리를 우연히 발견하고 차도에 뛰어든다. 사고 직후에 기억 나는 건 번쩍이는 헤드라이트 불빛과 붕 떠오르는 감각. ‘이렇게 죽는 건가?’라는 생각이 드는 동시에 눈을 떠보니 교통사고 나기 1년 반 전으로 돌아왔다. 이렇게 된 이상 다르게 살아보겠어! 워라밸도 지키고, 늦기 전에 고백도 할 거야! 의지를 다지던 민해에게 이전 생(?)에선 크게 연관이 없었던 권주혁 부장이 점점 민해에게 관심을 보이기 시작하는데… 우연히 과거로 회귀한 민해의 새 인생 구축 프로젝트!",src/img/수상한고백.png,,,"[Timestamp('2024-04-02 00:00:00'), Timestamp('2022-11-23 00:00:00')]"
티엔다비스 - 완벽한 구원을 위하여,,"판타지,로맨스",월,22,"[4.9, 12]","[5.0, 5.0, 5.0, 5.0, 5.0, 5.0, 5.0, 5.0, 5.0, 5.0, 5.0, 5.0, 5.0, 5.0, 5.0, 5.0, 5.0, 5.0, 5.0, 5.0, 5.0, 5.0, 5.0, 4.5, 3.7, 0.0, 0.0]",27,"['a', 'b', 'c']","“생긴 대로 버르장머리가 없으시네요!” 사랑스러운 성녀 후보, 이비 아리아테에게 어느 날 저주가 내렸다. 요컨대 모든 물음에 반드시 진실을 답하는 저주. 별안간 닥친 저주로 전도유망한 앞날과 잡힐 듯 가깝던 성녀 자리가 한없이 멀어지고 마는데.",src/img/티엔다비스완벽한구원을위하여.png,,,"[Timestamp('2024-04-02 00:00:00'), Timestamp('2023-11-23 00:00:00')]"
일단 결혼부터,,"판타지,로맨스",월,32,"[2.5, 19]","[5.0, 5.0, 5.0, 5.0, 5.0, 5.0, 5.0, 5.0, 5.0, 5.0, 5.0, 5.0, 5.0, 5.0, 5.0, 4.5, 4.0, 4.0, 4.0, 4.0, 4.0, 3.5, 3.0, 2.0, 1.0, 0.0, 0.0, 0.0, 0.0, 0.0, 0.0, 0.0, 0.0, 0.0, 0.0, 0.0, 0.0, 0.0]",38,"['a', 'b', 'c']","언제나 우중충한 날씨, 범죄자들이 들끓고 우울증은 기본이라는-해가 뜨지 않는 저주 받은 땅, 동부.그리고 그곳을 다스리는 괴물, 에카르드 공작.사촌과 결혼할 위기에 처해있던 헤델은 괴물 공작에게 청혼을 받는다.모두가 말리고 반대하지만, 헤델은 어쩔 수 없이 공작의 청혼을 받아들이게 되는데…….“이런 음식은 난생처음 먹어봅니다!”“마님이 오신 뒤로는 항상 해를 볼 수 있어요……!”“동부는 이제 마님 없이는 살 수 없습니다.”생각보다 동부 사람들을 잘 길들여버렸다?일단 결혼부터 시작해서, 동부를 점령하는 헤델의 이야기.",src/img/일단결혼부터.png,,,"[Timestamp('2024-04-02 00:00:00'), Timestamp('2022-04-05 00:00:00')]"
초월진화,,"판타지,액션,중국",월,48,"[2.3, 53]","[5.0, 5.0, 5.0, 5.0, 5.0, 5.0, 5.0, 5.0, 5.0, 5.0, 5.0, 5.0, 5.0, 5.0, 5.0, 5.0, 5.0, 5.0, 5.0, 5.0, 5.0, 5.0, 5.0, 5.0, 5.0, 5.0, 5.0, 5.0, 5.0, 5.0, 5.0, 5.0, 5.0, 5.0, 5.0, 5.0, 5.0, 5.0, 5.0, 5.0, 5.0, 5.0, 5.0, 5.0, 5.0, 5.0, 5.0, 5.0, 5.0, 5.0, 5.0, 5.0, 5.0, 5.0, 5.0, 5.0, 5.0, 5.0, 5.0, 5.0, 5.0, 5.0, 5.0, 5.0, 5.0, 5.0, 5.0, 5.0, 5.0, 5.0, 5.0, 5.0, 4.8, 4.7, 4.5, 4.3, 4.3, 4.2, 4.2, 4.2, 4.0, 4.0, 4.0, 4.0, 4.0, 3.7, 3.7, 3.7, 3.7, 3.7, 3.7, 3.7, 3.7, 3.7, 3.7, 3.6, 3.5, 3.0, 3.0, 3.0, 3.0, 3.0, 2.4, 2.0, 1.0, 1.0, 1.0, 0.0, 0.0, 0.0, 0.0, 0.0, 0.0, 0.0, 0.0, 0.0, 0.0, 0.0, 0.0, 0.0, 0.0, 0.0, 0.0, 0.0, 0.0, 0.0, 0.0, 0.0, 0.0, 0.0, 0.0, 0.0, 0.0, 0.0, 0.0, 0.0, 0.0, 0.0, 0.0, 0.0, 0.0]",141,"['a', 'b', 'c']","초능력이 있어야만 살아남을 수 있는 시대 그리고 초능력 최하위 레벨을 지닌 명하 의문의 사고로 여신의 도움을 받게 된 명하 는 과연,인류 최강자가 되어 세상을 구할 수 있을까?",src/img/초월진화.png,,,"[Timestamp('2024-04-02 00:00:00'), Timestamp('2022-08-14 00:00:00')]"
구미호를 잘못 키웠다,,"판타지,로맨스",월,78,"[4.0, 28]","[5.0, 5.0, 5.0, 5.0, 5.0, 5.0, 5.0, 5.0, 5.0, 5.0, 5.0, 5.0, 5.0, 5.0, 5.0, 5.0, 5.0, 5.0, 5.0, 5.0, 4.5, 3.0, 3.0, 0.0, 0.0, 0.0, 0.0, 0.0, 0.0, 0.0, 0.0, 0.0, 0.0, 0.0, 0.0, 0.0]",36,"['a', 'b', 'c']","조신하게 키운 녀석이 농염해졌다. 어느 날 요괴를 주웠다. 그것도 새끼 구미호를. 녀석의 처우가 고민이 되던 차 만난 동대륙의 신녀, 그녀는 내게 성체가 될 때까지 키운 뒤 고향으로 보내라고 한다. 새끼 여우를 키우라니… 저주받은 인간이 어떻게 어린 생명을 품고 치료한단 말인가. 낯설고 두려웠지만 거부할 수 없었다. 여우가, 란이... 너무나도 사랑스러웠기에. 그렇게 애정을 듬뿍 퍼부어 고이고이 키웠는데... 다 커서 오금이 저리도록 농염해진 녀석이 독립을 거부한다. 그동안의 훈육이 물거품이 될 정도로 야한 얼굴로. ""도망치는 건 안 돼."" ""계속 착하도록 날 도와줘요, 실리아. 내 곁에서."" 영원히.",src/img/구미호를잘못키웠다.png,,,"[Timestamp('2024-04-01 00:00:00'), Timestamp('2023-12-07 00:00:00')]"
여왕 쎄시아의 반바지,,"판타지,로맨스,한국",월,298,"[3.4, 144]","[5.0, 5.0, 5.0, 5.0, 5.0, 5.0, 5.0, 5.0, 5.0, 5.0, 5.0, 5.0, 5.0, 5.0, 5.0, 5.0, 5.0, 5.0, 5.0, 5.0, 5.0, 5.0, 5.0, 5.0, 5.0, 5.0, 5.0, 5.0, 5.0, 5.0, 5.0, 5.0, 5.0, 5.0, 5.0, 5.0, 5.0, 5.0, 5.0, 5.0, 5.0, 5.0, 5.0, 5.0, 5.0, 5.0, 5.0, 5.0, 5.0, 5.0, 5.0, 5.0, 5.0, 5.0, 5.0, 5.0, 5.0, 5.0, 5.0, 5.0, 5.0, 5.0, 5.0, 5.0, 5.0, 5.0, 5.0, 5.0, 5.0, 5.0, 5.0, 5.0, 5.0, 5.0, 5.0, 5.0, 5.0, 5.0, 5.0, 5.0, 5.0, 5.0, 5.0, 5.0, 5.0, 5.0, 5.0, 5.0, 5.0, 5.0, 5.0, 5.0, 5.0, 5.0, 5.0, 5.0, 5.0, 5.0, 5.0, 5.0, 5.0, 5.0, 5.0, 5.0, 5.0, 5.0, 5.0, 5.0, 5.0, 5.0, 5.0, 4.9, 4.9, 4.9, 4.9, 4.8, 4.8, 4.8, 4.8, 4.8, 4.7, 4.7, 4.7, 4.5, 4.3, 3.7, 3.5, 0.0, 0.0, 0.0, 0.0, 0.0, 0.0, 0.0, 0.0, 0.0, 0.0, 0.0, 0.0]",139,"['a', 'b', 'c']","아흔아홉 개 나라를 평정하고 통치자의 잔을 손에 쥔 위대한 여왕 쎄시아, 그녀의 진짜 고민은 바로 불편한 코르셋? 발렌시아 대국을 이룬 여왕 쎄시아는 복잡한 레이스와 무거운 코르셋에 조여 고통스러워 하던 중, 신뢰하는 의동생 에넌 라이언하트 공작에게 쩔어주게 편하고 아무튼 죽여주는 옷을 가져올 것을 명한다. 한편 대한민국 중소 의류회사에서 열정페이로 고생만 하다가 사고로 죽음을 맞은 패턴사 유리는 눈을 떠보니 쎄시아가 통치하는 중세적인 국가에서 다시 태어나버렸다. 낙후된 의류사정을 혁명하겠노라 다짐한 유리는 수월하게 사업을 하기 위하여 남장을 택하고 대륙 최대급 상단에서 디자이너로 일하게 되는데. 에넌이 유리를 발견한 순간 유리가 해내 보일 일은 대체 무엇일까.",src/img/여왕쎄시아의반바지.png,,,"[Timestamp('2024-04-01 00:00:00'), Timestamp('2020-04-04 00:00:00')]"
눈매가 사나운 반친구,,"로맨스,드라마",월,16,"[4.5, 11]","[5.0, 5.0, 5.0, 5.0, 5.0, 5.0, 5.0, 5.0, 0.0, 0.0, 0.0, 0.0, 0.0, 0.0, 0.0, 0.0]",16,"['a', 'b', 'c']","사나운 눈매와 날카로운 인상으로 주변 사람들에게 경계를 받고 있는 요주의 그녀 '안세영'. 모두가 경계심을 놓지 못할 때 그녀의 앞에 한 남자애가 마주선다. ""나 너 좋아해, 나랑 사귀자!"" ""......뭐?!"" 난데없는 사랑고백에 진땀이 빠지는 세영, 하지만 이건 시작에 불과했으니... 가까이 다가갈수록 반전의 모습을 보이는 그녀 '안세영'과 그 모습을 빈틈없이 파고 들려는 직진남 '남호열'의 줄다리기가 지금 시작된다!",src/img/눈매가사나운반친구.png,,,"[Timestamp('2024-04-01 00:00:00'), Timestamp('2024-01-29 00:00:00')]"
신화급 귀속 아이템을 손에 넣었다,,"판타지,액션",월,611,"[3.2, 155]","[5.0, 5.0, 5.0, 5.0, 5.0, 5.0, 5.0, 5.0, 5.0, 5.0, 5.0, 5.0, 5.0, 5.0, 5.0, 5.0, 5.0, 5.0, 5.0, 5.0, 5.0, 5.0, 5.0, 4.9, 4.9, 4.9, 4.9, 4.9, 4.9, 4.9, 4.9, 4.9, 4.8, 4.8, 4.8, 4.7, 4.7, 4.7, 4.7, 4.7, 4.7, 4.7, 4.6, 4.6, 4.6, 4.6, 4.6, 4.6, 4.6, 4.6, 4.6, 4.5, 4.5, 4.5, 4.5, 4.5, 4.5, 4.4, 4.4, 4.4, 4.3, 4.3, 4.3, 4.3, 4.3, 4.2, 4.2, 4.2, 4.2, 4.2, 4.2, 4.2, 4.2, 4.2, 4.2, 4.1, 4.1, 4.1, 4.1, 4.1, 4.0, 4.0, 4.0, 3.9, 3.8, 3.8, 3.8, 3.8, 3.7, 3.7, 3.7, 3.6, 3.6, 3.6, 3.5, 3.5, 3.4, 3.2, 3.0, 2.8]",100,"['a', 'b', 'c']","D급 무투계 레이더, 최강의 귀속 아이템으로 세계를 구할 신의 대적자가 되다!",src/img/신화급귀속아이템을손에넣었다.png,,,"[Timestamp('2024-03-31 00:00:00'), Timestamp('2022-06-13 00:00:00')]"
악역 공작 영애의 특별한 쌀 재배법,,"판타지,로맨스",월,30,"[2.4, 18]","[5.0, 5.0, 5.0, 5.0, 5.0, 5.0, 5.0, 5.0, 5.0, 5.0, 5.0, 4.0, 4.0, 4.0, 3.0, 2.3, 2.3, 1.0, 1.0, 1.0, 1.0, 1.0, 1.0, 1.0, 1.0, 1.0, 1.0, 0.0, 0.0, 0.0, 0.0, 0.0, 0.0, 0.0, 0.0, 0.0, 0.0, 0.0, 0.0, 0.0, 0.0, 0.0, 0.0, 0.0]",44,"['a', 'b', 'c']",어느 날 전생이 기억났다. 쌀 농사꾼으로의 성공을 목전에 두고 망할 트럭에 치여 허무하게 죽은 전생이! 게다가 전생에서 읽은 소설 속 악역 영애란다. 무려 사이코패스 남자 주인공들과 엮이다가 결국 처참하게 죽임당하는. 하늘이 무너지는 듯한 충격에 나는 굳건히 다짐했다. 이번 생에는 결코 쉽게 죽어주지 않겠어!,src/img/악역공작영애의특별한쌀재배법.png,,,"[Timestamp('2024-03-31 00:00:00'), Timestamp('2023-10-23 00:00:00')]"
남주의 여자사람친구가 되었다,,"판타지,로맨스",월,142,"[3.6, 31]","[5.0, 5.0, 5.0, 5.0, 5.0, 5.0, 5.0, 5.0, 5.0, 5.0, 5.0, 5.0, 5.0, 5.0, 5.0, 5.0, 5.0, 5.0, 5.0, 5.0, 5.0, 5.0, 5.0, 5.0, 5.0, 5.0, 5.0, 5.0, 5.0, 5.0, 5.0, 5.0, 5.0, 5.0, 5.0, 5.0, 5.0, 5.0, 5.0, 5.0, 5.0, 5.0, 4.0, 3.7, 2.7, 0.0, 0.0, 0.0, 0.0, 0.0, 0.0, 0.0, 0.0, 0.0, 0.0]",55,"['a', 'b', 'c']","미친 외모의 남주, 루드릭 바우저. …를 짝사랑하는 여자사람친구로 환생해 버렸다?! 주인공들의 사랑놀음에 이용당할 운명이라니… 나, 달리아 에이버린은 금수저 라이프를 만끽하며 세계 각국의 미남들과 뜨거운 연애를 할 거야! 그런데……… “안녕하세요, 바우저 영애.” “……으아앙!” 여자애로 착각해 울려 버렸다? 그 후 친해진 것도 잠시, 전쟁으로 헤어졌다 다시 만난 남주는…… “못 본 새 눈이 많이 낮아졌나 봐, 에이버린 공녀."" 왜 내 연애 사업을 방해하고 난리야! 우리 그냥 친구 사이 아니었니? 안 돼! 이번 생에는 남주의 가'족'같은 친구가 되어주겠어!",src/img/남주의여자사람친구가되었다.png,,,"[Timestamp('2024-03-31 00:00:00'), Timestamp('2023-03-02 00:00:00')]"
튜토리얼이 너무 어렵다,,"판타지,액션,한국",월,392,"[3.0, 156]","[5.0, 5.0, 5.0, 5.0, 5.0, 5.0, 5.0, 5.0, 5.0, 5.0, 5.0, 5.0, 5.0, 5.0, 5.0, 5.0, 5.0, 5.0, 5.0, 5.0, 5.0, 5.0, 5.0, 5.0, 5.0, 5.0, 5.0, 5.0, 5.0, 5.0, 5.0, 5.0, 5.0, 5.0, 5.0, 5.0, 5.0, 5.0, 5.0, 5.0, 5.0, 5.0, 5.0, 5.0, 5.0, 5.0, 5.0, 5.0, 5.0, 5.0, 5.0, 5.0, 5.0, 5.0, 5.0, 5.0, 5.0, 5.0, 5.0, 4.9, 4.9, 4.9, 4.9, 4.9, 4.9, 4.8, 4.8, 4.8, 4.8, 4.8, 4.8, 4.8, 4.8, 4.8, 4.8, 4.8, 4.8, 4.8, 4.8, 4.8, 4.8, 4.8, 4.8, 4.8, 4.8, 4.8, 4.7, 4.7, 4.7, 4.7, 4.7, 4.7, 4.6, 4.6, 4.6, 4.6, 4.6, 4.6, 4.6, 4.6, 4.6, 4.6, 4.5, 4.5, 4.5, 4.5, 4.5, 4.5, 4.5, 4.4, 4.4, 4.4, 4.4, 4.4, 4.4, 4.4, 4.4, 4.4, 4.4, 4.4, 4.3, 4.3, 4.3, 4.3, 4.3, 4.3, 4.3, 4.3, 4.2, 4.2, 4.2, 4.2, 4.2, 4.2, 4.2, 4.2, 4.1, 4.1, 4.1, 4.1, 4.0, 4.0, 4.0, 4.0, 4.0, 4.0, 4.0, 3.9, 3.9, 3.9, 3.8, 3.8, 3.7, 3.7, 3.6, 3.6, 3.5, 3.5, 3.1]",159,"['a', 'b', 'c']","gandara 퓨전 판타지 장편소설 '튜토리얼이 너무 어렵다' 가 웹툰으로 독자 여러분을 찾아갑니다. 삶이 무료하던 어느 날, 내 눈앞에 나타난 초대 메세지. [튜토리얼 세계에 입장하시겠습니까?] 그리고 뒤이어 나타난 난이도 선택 창. [이지] [노말] [하드] [헬] 나는 주저없이 헬 난이도를 선택했다. 그리고 후회했다. 아무리 헬 난이도라지만, 이건 너무 심하잖아.",src/img/튜토리얼이너무어렵다.png,,,"[Timestamp('2024-03-31 00:00:00'), Timestamp('2021-02-01 00:00:00')]"
나만 아는 주인공들,,"판타지,액션",월,31,"[3.4, 24]","[5.0, 5.0, 5.0, 5.0, 5.0, 5.0, 5.0, 5.0, 4.5, 4.0, 4.0, 3.5, 3.0, 0.0, 0.0, 0.0, 0.0, 0.0, 0.0, 0.0, 0.0]",21,"['a', 'b', 'c']","만약 내게 한 번의 기회가 더 주어진다면, 그때는 지금과 다른 삶을 살고 싶다. “만약 내게 다시 한번 더 기회가 주어진다면…” 지구의 종말이 시작되고 10년, 죽음을 눈앞에 두고 생을 후회하던 유현의 머리 위로 강렬한 빛이 내려온다. 그러다 눈을 떴을 땐 낯선 풍경이 펼쳐져 있는데... 인간이 아닌 이종족 ‘텔러’로 환생한 것도 모자라, 10년 전으로 회귀까지 하게 된 유현! “기왕 이렇게 된 거 최선을 다해 살아 주겠어!” 살아남는 데에만 급급했던 지난 생과 달리, 이번엔 성공적인 삶을 살고자 다짐하게 된다. 새롭게 얻어 낸 또 한 번의 삶에서 과연 유현은 스스로 인생의 주인공이 될 수 있을까?",src/img/나만아는주인공들.png,,,"[Timestamp('2024-03-31 00:00:00'), Timestamp('2024-03-27 00:00:00')]"
더는 못본척 하지 않기로 했다,,"판타지,로맨스",월,47,"[1.3, 58]","[5.0, 5.0, 5.0, 5.0, 5.0, 5.0, 5.0, 5.0, 5.0, 5.0, 5.0, 5.0, 5.0, 5.0, 5.0, 5.0, 5.0, 5.0, 5.0, 5.0, 5.0, 5.0, 5.0, 5.0, 5.0, 5.0, 5.0, 5.0, 5.0, 5.0, 5.0, 5.0, 5.0, 5.0, 5.0, 5.0, 5.0, 5.0, 5.0, 5.0, 5.0, 5.0, 5.0, 5.0, 5.0, 5.0, 5.0, 5.0, 5.0, 5.0, 5.0, 5.0, 5.0, 4.7, 4.5, 4.3, 4.0, 4.0, 4.0, 4.0, 3.7, 3.5, 3.2, 3.0, 2.5, 2.5, 2.0, 1.0, 1.0, 1.0, 1.0, 1.0, 1.0, 0.0, 0.0, 0.0, 0.0, 0.0, 0.0, 0.0, 0.0, 0.0, 0.0, 0.0, 0.0, 0.0, 0.0, 0.0, 0.0, 0.0, 0.0, 0.0, 0.0, 0.0, 0.0, 0.0, 0.0, 0.0, 0.0, 0.0, 0.0, 0.0, 0.0, 0.0, 0.0, 0.0, 0.0, 0.0, 0.0, 0.0, 0.0, 0.0, 0.0, 0.0, 0.0, 0.0, 0.0, 0.0, 0.0, 0.0, 0.0, 0.0, 0.0]",123,"['a', 'b', 'c']","회귀하고 나서야 깨달았다. 외도를 저지른 남편은 어떻게든 다시 또 외도를 저지르고, 저 망할 내연녀는 다시 또 내 앞에 나타나고, 내 명줄은 그리 길지 않다는 걸. ""우리 이혼해요."" ""...뭐?"" ""당신에게 줄 돈은 한 푼도 없으니까 내가 사준 것들 전부 내놓고 나가세요. 저기 저 구석에 처박힌 속옷까지 전부, 다."" ""갑자기 왜 이러는 거요?"" ""갑자기?"" 절로 비틀린 미소가 그려졌다. 원래 염치없는 사람인 줄은 알았지만 이건 좀 심하잖아. ""그건 당신이 더 잘 알겠지, 이 하반신으로 생각하는 짐승 새끼야.""",src/img/더는못본척하지않기로했다.png,,,"[Timestamp('2024-03-31 00:00:00'), Timestamp('2021-09-29 00:00:00')]"
L.A.G,,"액션,드라마",월,300,"[4.2, 158]","[5.0, 5.0, 5.0, 5.0, 5.0, 5.0, 5.0, 5.0, 5.0, 5.0, 5.0, 5.0, 5.0, 5.0, 5.0, 5.0, 5.0, 5.0, 5.0, 5.0, 5.0, 5.0, 5.0, 5.0, 5.0, 5.0, 5.0, 5.0, 5.0, 5.0, 5.0, 5.0, 5.0, 5.0, 5.0, 5.0, 5.0, 5.0, 5.0, 4.9, 4.9, 4.9, 4.9, 4.9, 4.9, 4.9, 4.8, 4.8, 4.8, 4.8, 4.8, 4.8, 4.8, 4.8, 4.8, 4.7, 4.7, 4.7, 4.7, 4.7, 4.7, 4.7, 4.7, 4.7, 4.6, 4.6, 4.6, 4.6, 4.5, 4.5, 4.5, 4.5, 4.5, 4.5, 4.5, 4.5, 4.4, 4.4, 4.4, 4.4, 4.3, 4.3, 4.2, 4.2, 4.1, 4.0, 4.0, 3.9, 3.9, 3.9, 3.8, 3.8, 3.8, 3.7, 3.7, 3.7, 3.7, 3.7, 3.6, 3.6, 3.5, 3.4, 3.4, 3.3, 3.3, 3.2, 3.2, 3.0, 3.0, 3.0, 3.0, 2.1, 1.7]",113,"['a', 'b', 'c']","""인간이 각성을 통해 능력이나 스킬을 쓸고 있고 각 층, 방마다 몬스터들이 나오고 거기에 따른 미션이 주어지는 미지의 공간 L A G 이곳의 목표는 최하층에 도달하는 것이다 그 알 수 없는 공간 L A G에서 수없이 죽음과 삶을 반복하고 있는 주인공 하지만 이번 생에는 패시브 스킬을 무한으로 소유할 수 있는 능력을 갖게 되고 드디어 이곳을 탈출할 수 있는 기회가 찾아온다 그러나 L A G도 지금까지 자신의 겪어왔던 것과 달리 계속 변하게 되면서 한 치 앞도 알 수 없게 된다 그 누구도 믿을 수 없고 끝이 보이지 않는 지옥 같은 L A G에서 끝까지 살아남아 최하층 탈출을 위해 싸워나가는 처절한 생존 서바이벌 """,src/img/LAG.png,,,"[Timestamp('2024-03-31 00:00:00'), Timestamp('2022-03-08 00:00:00')]"
상사와의 수상한 잠자리,,"로맨스,드라마",월,9,"[1.0, 3]","[5.0, 5.0, 5.0, 5.0, 5.0, 5.0, 5.0, 5.0, 5.0, 5.0, 5.0, 5.0, 5.0, 5.0, 5.0, 5.0, 4.0, 4.0, 3.0, 3.0, 0.0, 0.0, 0.0, 0.0, 0.0, 0.0, 0.0, 0.0, 0.0, 0.0, 0.0, 0.0, 0.0, 0.0, 0.0, 0.0, 0.0, 0.0, 0.0, 0.0, 0.0, 0.0, 0.0, 0.0, 0.0, 0.0, 0.0, 0.0, 0.0, 0.0, 0.0, 0.0, 0.0, 0.0, 0.0, 0.0, 0.0, 0.0, 0.0, 0.0, 0.0, 0.0, 0.0, 0.0, 0.0, 0.0, 0.0, 0.0, 0.0, 0.0, 0.0, 0.0, 0.0, 0.0, 0.0, 0.0, 0.0, 0.0, 0.0, 0.0, 0.0, 0.0, 0.0, 0.0, 0.0, 0.0, 0.0, 0.0, 0.0, 0.0, 0.0, 0.0, 0.0, 0.0, 0.0, 0.0, 0.0, 0.0, 0.0, 0.0, 0.0, 0.0]",102,"['a', 'b', 'c']","3년간 헌신한 남자친구에게 헌신짝처럼 버려진 은수. 홧김에 클럽으로 놀러 갔다가 일이 좀 이상하게 흘러간 모양이다……? “지독한 불면증입니다. 그런데 당신 곁에서는 잠이 왔어요.” ‘어디서 약을 팔려고. 그렇게 잘 자 놓고서는!’ 술에 취해 정말 ‘잠만’ 자고 헤어진 상대가 자신을 애타게 찾았다며 얼토당토않은 소리를 하는데. “오늘도 당신과 자고 싶어요. 그냥 자기만 하는 겁니다.” 그러나 끈질긴 남자의 요구에 한 번 더 재워 주게 된 은수. 남자가 잠든 사이, 거짓 번호를 알려 주고 도망쳐 나온다. “반갑습니다. 채은수 씨. 본부장 서도진입니다.” 그런데 며칠 후, 기획팀에 새로 부임한 본부장은 그날 은수가 도망치듯 두고 나온 바로 그 남자였다! “우선 1년만 사귀어 봅시다.” 심지어 ‘밤’을 함께하는 조건으로 계약연애까지 제안해 오는데! 계약연애로 이어진 하룻밤 인연, 과연 그 결말은……?!",src/img/상사와의수상한잠자리.png,,,"[Timestamp('2024-03-31 00:00:00'), Timestamp('2022-06-07 00:00:00')]"
철혈검가 사냥개의 회귀,,"판타지,액션",월,470,"[3.8, 111]","[5.0, 5.0, 5.0, 5.0, 5.0, 5.0, 5.0, 5.0, 5.0, 5.0, 5.0, 5.0, 5.0, 5.0, 5.0, 5.0, 5.0, 5.0, 5.0, 5.0, 5.0, 5.0, 5.0, 5.0, 5.0, 5.0, 4.9, 4.9, 4.9, 4.9, 4.9, 4.9, 4.9, 4.9, 4.8, 4.8, 4.8, 4.8, 4.8, 4.8, 4.8, 4.8, 4.8, 4.8, 4.8, 4.7, 4.7, 4.7, 4.7, 4.7, 4.7, 4.7, 4.6, 4.6, 4.6, 4.6, 4.6, 4.4, 4.4, 4.3, 4.3, 4.3, 4.3, 4.3, 4.2, 4.2, 4.2, 4.2, 4.1, 4.0, 3.7, 3.6, 3.5, 2.3]",74,"['a', 'b', 'c']","바스커빌 가문의 사냥개 '비키르'. 사냥개로서 가문에 충성한 보답은 모함과 누명으로 얼룩진 단두대의 칼날이었다. ""다시는 토끼를 잡고 나면 삶아지는 사냥개처럼 살지 않겠노라."" 그런 그에게 죽음 대신 찾아온 뜻밖의 기회. 어둠 속에서 송곳니를 갈고닦는 비키르의 눈이 붉게 빛났다. ""기다려라. 휴고. 이번엔 반드시 네 목을 물어뜯어 주마."" 주인을 향한 사냥개의 잔혹한 핏빛 복수가 시작된다.",src/img/철혈검가사냥개의회귀.png,,,"[Timestamp('2024-03-31 00:00:00'), Timestamp('2023-04-14 00:00:00')]"
그대와 나 사이의 간격,,"판타지,로맨스",월,23,"[2.8, 18]","[5.0, 5.0, 5.0, 5.0, 5.0, 5.0, 5.0, 5.0, 5.0, 5.0, 5.0, 5.0, 5.0, 5.0, 5.0, 5.0, 5.0, 5.0, 5.0, 5.0, 5.0, 5.0, 5.0, 5.0, 5.0, 5.0, 5.0, 5.0, 5.0, 5.0, 5.0, 5.0, 5.0, 5.0, 5.0, 5.0, 5.0, 0.0, 0.0, 0.0]",40,"['a', 'b', 'c']","시골 자작가의 장녀인 헤리에타는 왕국에서 가장 영향력 있고 부유한 가문의 후계자, 에드윈을 짝사랑한다. 헛된 꿈이라는 걸 알기에 그에게 말 한마디조차 건네지 못하고 속만 태우던 그녀. 그리고 갑자기 전해져 온 그의 약혼 소식. 실연의 상처에 아파하던 헤리에타가 마음을 추스르며 회복하기 시작할 무렵, “얼굴들 익혀 둬. 앞으로 이곳에서 함께 지내게 될 노예니까.” 노예가 된 에드윈이 헤리에타의 집으로 오게 된다. * * * “더 구속하고, 더 억압해 주십시오. 헤리에타 님. 그것이 당신에 의해서라면 저는 기쁘게 받아들일 겁니다.” “뭐라……고요?” 구속하고 억압해 달라니. 이해하지 못할 에드윈의 요청에 헤리에타가 얼떨떨한 얼굴로 되물었다. 하지만 에드윈은 그녀의 질문에 대답하는 대신 말없이 그녀의 손을 제 쪽으로 가깝게 끌어당겼다. “‘그대여. 그대는 나 스스로가 인정한 나의 유일한 주군이자 삶의 숨이니…….’” 에드윈이 고개를 숙여 헤리에타의 손등 위에 조심스럽게 입맞춤을 했다. 손등에 닿은 그의 숨결이 뜨거웠다. “‘……그대는 부디 그대의 충직한 검이자 충실한 종인 나를 휘두름에 주저하지 말라.’” 그것은 기사의 서약 중 일부분으로, 기사 작위를 하사받는 이가 앞으로 자신이 모시게 될 주군을 향해 읊는 충성의 맹세였다. 눈 한 번 제대로 맞출 수 없던 고귀하고 드높았던 에드윈은 이제 그녀 발아래 있었다.",src/img/그대와나사이의간격.png,,,"[Timestamp('2024-03-30 00:00:00'), Timestamp('2023-06-30 00:00:00')]"
맞바람을 핀다는 건,,"판타지,로맨스",월,70,"[3.2, 52]","[5.0, 5.0, 5.0, 5.0, 5.0, 5.0, 5.0, 5.0, 5.0, 5.0, 5.0, 5.0, 5.0, 5.0, 5.0, 5.0, 5.0, 5.0, 5.0, 5.0, 5.0, 5.0, 5.0, 5.0, 5.0, 5.0, 5.0, 5.0, 5.0, 5.0, 5.0, 5.0, 5.0, 5.0, 5.0, 5.0, 5.0, 5.0, 5.0, 5.0, 5.0, 4.5, 4.5, 3.7, 3.0, 0.0, 0.0, 0.0, 0.0, 0.0, 0.0, 0.0, 0.0, 0.0, 0.0, 0.0, 0.0, 0.0, 0.0, 0.0, 0.0, 0.0, 0.0]",63,"['a', 'b', 'c']","“어려서는 아버지인 내 말에, 결혼한 뒤에는 네 남편의 말에 순종하는 것. 그게 챈들러가의 장녀인 네가 해야 하는 일이란다.” ..",src/img/맞바람을핀다는건.png,,,"[Timestamp('2024-03-30 00:00:00'), Timestamp('2023-05-26 00:00:00')]"
게임 속 기연이 현실로,,"판타지,액션",월,115,"[3.7, 84]","[5.0, 5.0, 5.0, 5.0, 5.0, 5.0, 5.0, 5.0, 5.0, 5.0, 5.0, 5.0, 5.0, 5.0, 5.0, 5.0, 5.0, 5.0, 5.0, 5.0, 5.0, 5.0, 5.0, 5.0, 5.0, 5.0, 5.0, 5.0, 5.0, 5.0, 5.0, 4.9, 4.8, 4.8, 4.7, 4.6, 4.5, 4.5, 4.5, 4.2, 4.2, 4.0, 4.0, 4.0, 3.8, 3.6, 3.5, 0.0, 0.0]",49,"['a', 'b', 'c']",게임 속 기연이 현실로,src/img/게임속기연이현실로.png,,,"[Timestamp('2024-03-29 00:00:00'), Timestamp('2023-09-21 00:00:00')]"
꽃을 피우는 아기 가주님,,"판타지,로맨스",월,79,"[4.5, 27]","[5.0, 5.0, 5.0, 5.0, 5.0, 5.0, 5.0, 5.0, 5.0, 5.0, 5.0, 5.0, 5.0, 5.0, 5.0, 5.0, 5.0, 5.0, 5.0, 5.0, 5.0, 5.0, 5.0, 5.0, 5.0, 5.0, 5.0, 5.0, 5.0, 5.0, 5.0, 5.0, 5.0, 5.0, 5.0, 5.0, 5.0, 5.0, 5.0, 4.8, 4.8, 4.7, 4.5, 4.0, 0.0]",45,"['a', 'b', 'c']","""글로리오사…. 꽃잎 하나 못 피우는 추한 것 같으니, 너야말로 나무의 먹이로 딱이구나―."" 나는 화인(花人) 일족 엘바도르 가문의 37명의 자녀 중 하나로, 가문의 근간인 신목에게 제물로 바쳐졌다. 그 후 태중 약혼자 아르비드의 도움으로 가문을 멸망시키고 죽음으로써 겨우 구원받았는데 눈을 뜨니, 과거로 회귀했다…? 끔찍한 과거를 모두 다시 겪어야 한단 건가? 나는 죽어서도 구원받지 못한 거야?! …모든 것을 다시 시작해야 한다면, 이번 생에선 스스로 구원하겠어―! 글로리오사의 강렬하고도 사랑스러운 구원물 <꽃을 피우는 아기 가주님>",src/img/꽃을피우는아기가주님.png,,,"[Timestamp('2024-03-27 00:00:00'), Timestamp('2023-08-26 00:00:00')]"
야간근무,,"로맨스,드라마",월,2,"[2.9, 7]","[5.0, 5.0, 5.0, 5.0, 5.0, 5.0, 5.0, 5.0, 5.0, 5.0, 5.0, 5.0, 5.0, 5.0, 0.0]",15,"['a', 'b', 'c']","""신 비서. 오늘부터 우리 집에서 야간근무를 해줘."" 회사의 야근 금지가 시행된 지 나흘째 되는 날. 윤아는 워커홀릭 부사장, 제후의 부탁을 받게 된다. 그렇게 시작된 둘만의 야간근무. 하지만 두 사람은 어느새 일보다 서로에게 집중하기 시작하는데...",src/img/야간근무.png,,,"[Timestamp('2024-03-27 00:00:00'), Timestamp('2024-03-24 00:00:00')]"
악역은 곱게 죽고 싶다,,"판타지,로맨스",월,94,"[2.6, 39]","[5.0, 5.0, 5.0, 5.0, 5.0, 5.0, 5.0, 5.0, 5.0, 5.0, 5.0, 5.0, 5.0, 5.0, 5.0, 5.0, 5.0, 5.0, 5.0, 5.0, 5.0, 5.0, 5.0, 5.0, 5.0, 5.0, 5.0, 5.0, 5.0, 5.0, 5.0, 4.7, 4.0, 4.0, 4.0, 3.5, 3.0, 3.0, 3.0, 3.0, 3.0, 3.0, 1.0, 1.0, 1.0, 1.0, 0.0, 0.0, 0.0, 0.0, 0.0, 0.0, 0.0, 0.0, 0.0, 0.0, 0.0, 0.0, 0.0, 0.0, 0.0, 0.0, 0.0, 0.0, 0.0, 0.0, 0.0, 0.0, 0.0, 0.0, 0.0, 0.0, 0.0, 0.0, 0.0, 0.0]",76,"['a', 'b', 'c']","죽고 싶어 자살 시도를 했다 눈을 떴다. 그런데 다시 눈을 떠 보니 죽지 않는 소설 세계관 최악의 흡혈귀 '달의 주인'이 되어있었다. 빙의한 시간대마저 주인공이 등장하는 원작으로부터 무려 몇백 년 전.나를 죽여줄 주인공을 기다리고, 그 가문을 지키며 언젠간 죽을 수 있으리란 희망 아래 버티는데…우연히 죽어가던 꼬맹이 남자애를 발견했다.",src/img/악역은곱게죽고싶다.png,,,"[Timestamp('2024-03-26 00:00:00'), Timestamp('2022-05-23 00:00:00')]"
어느날 짝남에게 공작님이 빙의했다,,"판타지,로맨스",월,13,"[2.7, 12]","[5.0, 5.0, 4.0, 1.0, 0.0, 0.0, 0.0, 0.0, 0.0, 0.0, 0.0, 0.0, 0.0, 0.0, 0.0, 0.0, 0.0, 0.0, 0.0, 0.0, 0.0, 0.0, 0.0, 0.0, 0.0, 0.0, 0.0]",27,"['a', 'b', 'c']","짝사랑하던 소꿉친구의 몸에 로판 속 공작님이 빙의해버렸다. 외모, 성적, 성격 모든 게 완벽하던 소꿉친구였는데… ……이 사고뭉치는 뭐야?!! 내 짝남 돌려내! 생활력 빵점 오만한 공작님과 로판 덕후 유소아의 좌충우돌 학원로맨스",src/img/어느날짝남에게공작님이빙의했다.png,,,"[Timestamp('2024-03-25 00:00:00'), Timestamp('2023-09-10 00:00:00')]"
보스리턴,,액션,월,18,"[3.3, 10]","[5.0, 5.0, 5.0, 5.0, 5.0, 4.3, 4.0, 3.0, 1.0, 1.0, 1.0, 0.0, 0.0, 0.0, 0.0, 0.0, 0.0, 0.0, 0.0, 0.0, 0.0, 0.0, 0.0, 0.0, 0.0]",25,"['a', 'b', 'c']","형님이 돌아왔다!? 전국구 조직의 보스 '백강훈', 믿었던 부하의 칼에 맞고 고교생으로 회귀! 아내의 죽음을 되풀이하지 않기 위해 폭력 없는 새 삶을 살 수 있을까?",src/img/보스리턴.png,,,"[Timestamp('2024-03-25 00:00:00'), Timestamp('2023-11-22 00:00:00')]"
낙원의 불청객,,"로맨스,드라마",월,15,"[4.8, 4]","[5.0, 5.0, 5.0, 0.0, 0.0, 0.0]",6,"['a', 'b', 'c']","세계는 세 구역으로 나뉘어져 있다. 하늘섬, 지상, 그리고 지하 세계인 '프로세르피나'. 프로세르피나에 사는 '미오베'는 첫사랑 '할룩'과 함께 하늘섬에 갈 날만을 꿈꾼다. 그러나 미오베가 잠든 밤, 지하 세계에서 일어난 혁명은 할룩과 미오베의 운명을 바꾸게 되는데....!",src/img/낙원의불청객.png,,,"[Timestamp('2024-03-25 00:00:00'), Timestamp('2024-03-18 00:00:00')]"
너를 소유하는 법,,"로맨스,드라마",월,8,"[2.8, 9]","[5.0, 5.0, 5.0, 5.0, 5.0, 5.0, 5.0, 5.0, 5.0, 5.0, 5.0, 5.0, 5.0, 5.0, 5.0, 5.0, 5.0, 5.0, 5.0, 5.0, 5.0, 5.0, 5.0, 5.0, 5.0, 5.0, 5.0, 5.0, 5.0, 5.0, 5.0, 5.0, 5.0, 5.0, 5.0, 5.0, 5.0, 5.0, 5.0, 5.0, 5.0, 5.0, 5.0, 5.0, 5.0, 5.0, 5.0, 5.0, 5.0, 5.0, 5.0, 4.7, 3.0, 3.0, 0.0, 0.0, 0.0, 0.0, 0.0, 0.0, 0.0, 0.0, 0.0, 0.0, 0.0, 0.0, 0.0, 0.0, 0.0, 0.0, 0.0, 0.0, 0.0, 0.0]",74,"['a', 'b', 'c']","24년간 손과 발이 단단히 묶인 채로 살아왔다. 머지않아 정략결혼까지 하게 된다면, 완전히 철창 안에 갇힌 새가 되고 말 것이다 아버지를 향한 반항심으로, 태어나 처음으로 클럽에 간 날. 이름 모를 낯선 남자의 손이 아라의 속옷을 움켜쥐려던 그 순간, ""아가씨, 여기 계셨습니까?"" 아라의 첫사랑, 경호원 윤. 5년 전, 아무런 말도 없이 사라졌던 그가 마치 꿈속에서 나타난 듯 문가에 떡하니 서 있었다. ""회장님께서 애타게 찾고 계십니다."" ""나쁜 놈⋯⋯ 5년 만에 나타난 주제에."" 아버지의 충견으로 180도 다른 사람이 되어 돌아온 윤을 되찾기 위해, 아라는 윤이 감추고 있는 비밀을 본격적으로 파헤치기 시작하는데. 과연 두 사람은 서로를 온전하게 소유할 수 있을까?",src/img/너를소유하는법.png,,,"[Timestamp('2024-03-24 00:00:00'), Timestamp('2023-01-16 00:00:00')]"
이계막차,,"판타지,로맨스,드라마",월,29,"[4.3, 14]","[5.0, 5.0, 5.0, 5.0, 5.0, 5.0, 5.0, 5.0, 5.0, 5.0, 5.0, 5.0, 5.0, 5.0, 3.7, 3.0, 1.0, 1.0, 0.0, 0.0, 0.0, 0.0, 0.0, 0.0, 0.0, 0.0, 0.0, 0.0, 0.0, 0.0, 0.0, 0.0, 0.0, 0.0, 0.0, 0.0, 0.0, 0.0, 0.0, 0.0, 0.0, 0.0, 0.0, 0.0, 0.0, 0.0, 0.0, 0.0, 0.0, 0.0, 0.0, 0.0, 0.0, 0.0, 0.0, 0.0, 0.0, 0.0, 0.0, 0.0, 0.0, 0.0, 0.0, 0.0, 0.0, 0.0, 0.0, 0.0, 0.0, 0.0, 0.0, 0.0, 0.0, 0.0, 0.0, 0.0, 0.0, 0.0, 0.0, 0.0, 0.0, 0.0, 0.0, 0.0, 0.0, 0.0, 0.0, 0.0, 0.0, 0.0, 0.0, 0.0, 0.0, 0.0]",94,"['a', 'b', 'c']","""꽃을 피우면 소원을 빌 수 있다고? 야근 후 피곤한 몸을 이끌어 겨우 막차를 탄 ‘강지안’은 잠깐 졸게 되고 종착역까지 가버리게 된다 그리고 눈을 뜬 그곳은 한 번도 본 적 없는 세상 ‘이계’였다 온갖 요괴와 귀신들 사이에서 돌아갈 방법을 찾는 와중 익명의 누군가에게 받은 달맞이꽃을 피우면 소원을 빌어 돌아갈 수 있다고 한다 그리고 지안에게 나타난 수상한 남자 ‘찬’ 소문도 좋지 않고 하는 짓마다 믿음직스럽지 못한 그가 지안과 함께 꽃을 피우기로 약속하는데… 무사히 꽃을 피워 소원을 빌고 다시 돌아갈 수 있을까? """,src/img/이계막차.png,,,"[Timestamp('2024-03-24 00:00:00'), Timestamp('2022-04-10 00:00:00')]"
무존재감,,드라마,월,8,"[2.8, 11]","[5.0, 5.0, 5.0, 5.0, 5.0, 5.0, 5.0, 4.0, 3.0, 3.0, 2.7, 1.0, 1.0, 0.0, 0.0, 0.0, 0.0, 0.0, 0.0, 0.0, 0.0, 0.0, 0.0, 0.0, 0.0, 0.0, 0.0, 0.0, 0.0, 0.0, 0.0, 0.0, 0.0, 0.0, 0.0, 0.0, 0.0, 0.0, 0.0, 0.0, 0.0, 0.0, 0.0, 0.0, 0.0]",45,"['a', 'b', 'c']","세계는 원인불명 바이러스로 인해 많은 사람들이 식인 괴물로 변했고, 죽어가는 사람들의 비명소리가 괴물들의 울음소리에 삼켜졌다. 선천적으로 부족한 존재감으로 주변 사람들의 관심을 받지 못해 암울한 삶을 살았던 소년 ‘김종도’는 괴물들에게도 관심을 받지 못해 종말 끝에서 살아남았고, 어째서인지 김종도는 몇몇 괴물들과 대화가 가능했다. 그렇게 괴물들과의 소통으로 아주 조금이나마 외로움을 달래던 와중에, 고등학교 시절 같은 반 여학생 ‘조명’을 우연한 계기로 만나게 된다. 주변의 무관심과는 다르게 김종도를 관심 있게 대하는 몇 안 되는 사람 중 한 명이었고, 그렇게 김종도의 ‘무존재감’이 흔들리기 시작한다.",src/img/무존재감.png,,,"[Timestamp('2024-03-24 00:00:00'), Timestamp('2024-03-04 00:00:00')]"
가장 썩은 것을 줄게,,드라마,월,2,"[0.0, 0]",[5.0],1,"['a', 'b', 'c']",가장 썩은 것을 줄게,src/img/가장썩은것을줄게.png,,,"[Timestamp('2024-03-21 00:00:00'), Timestamp('2024-03-21 00:00:00')]"
열애 수업,,"로맨스,드라마",월,23,"[4.8, 8]","[5.0, 5.0, 5.0, 5.0, 5.0, 5.0, 5.0, 5.0, 5.0, 5.0, 5.0, 5.0, 5.0, 5.0, 5.0, 5.0, 5.0, 5.0, 5.0, 5.0, 5.0, 5.0, 5.0, 5.0, 5.0, 5.0, 5.0, 5.0, 5.0, 5.0, 5.0, 5.0, 5.0, 5.0, 5.0, 5.0, 5.0, 5.0, 5.0, 5.0, 5.0, 5.0, 4.0, 0.0, 0.0, 0.0, 0.0, 0.0, 0.0, 0.0, 0.0, 0.0, 0.0, 0.0, 0.0, 0.0, 0.0, 0.0, 0.0, 0.0, 0.0, 0.0, 0.0, 0.0]",64,"['a', 'b', 'c']","의붓어머니와 자매의 갖은 핍박 속에서 살아가던 지은채. 어느 날 지옥 같은 집안에서 벗어날 기회가 생긴다. 바로 옛 스승이자 차운 그룹 차남 차이헌과의 맞선 자리. ""여긴 네가 있을 곳이 아냐, 돌아가."" 은채를 본 이헌은 돌아서지만 ""죽은 듯이, 아무것도 아닌 존재로 살게요. 제발… 한 번만 도와주세요."" 은채는 그에게 간절히 매달린다. 그렇게 성사된 조건부 결혼 생활. 첫째, 의심받지 않도록 뜨겁게 사랑하는 모습을 보여줄 것 둘째, 이 결혼을… 1년 후 산산조각 내줄 것 두 사람만의 은밀하고 뜨거운 <열애 수업>이 시작된다.",src/img/열애수업.png,,,"[Timestamp('2024-03-18 00:00:00'), Timestamp('2022-08-01 00:00:00')]"
적기사는 눈먼 돈을 좇지 않는다,,"판타지,로맨스,한국",월,304,"[3.9, 96]","[5.0, 5.0, 5.0, 5.0, 5.0, 5.0, 5.0, 5.0, 5.0, 5.0, 5.0, 5.0, 5.0, 5.0, 5.0, 5.0, 5.0, 5.0, 5.0, 5.0, 5.0, 5.0, 5.0, 5.0, 5.0, 5.0, 5.0, 5.0, 5.0, 5.0, 5.0, 5.0, 5.0, 5.0, 5.0, 5.0, 5.0, 5.0, 5.0, 5.0, 5.0, 5.0, 5.0, 5.0, 5.0, 5.0, 5.0, 5.0, 5.0, 5.0, 5.0, 5.0, 5.0, 5.0, 5.0, 5.0, 5.0, 5.0, 5.0, 5.0, 5.0, 5.0, 5.0, 5.0, 5.0, 5.0, 5.0, 5.0, 5.0, 5.0, 5.0, 5.0, 5.0, 5.0, 5.0, 5.0, 5.0, 5.0, 5.0, 5.0, 4.9, 4.9, 4.9, 4.9, 4.9, 4.8, 4.8, 4.8, 4.8, 4.7, 4.7, 4.7, 4.7, 4.7, 4.7, 4.5, 4.5, 4.5, 4.4, 4.4, 4.4, 4.4, 4.3, 4.3, 4.3, 4.2, 4.2, 4.2, 4.0, 4.0, 3.9, 3.9, 3.7, 3.0, 0.0, 0.0, 0.0, 0.0, 0.0, 0.0, 0.0]",121,"['a', 'b', 'c']","황실 기사 유디트는 한때 돈만 쥐여 주면 뭐든 했던 쓰레기였다. 황실의 개로, 단장의 도구로, 돈의 노예로 살았다. 가난을 핑계 삼아 죄책감을 버렸다. 그러나 끝에 있던 건 배신과 죽음이었다. 하지만 눈 떠보니 6년의 세월을 회귀해 신입 기사 때로 돌아와 있는데…? '이제 돈 때문에 움직이는 칼잡이는 되지 않겠어.' 이전과는 다른 생을 살겠다며 다짐하는 유디트 앞에 적기사단장이 나타나 스카우트하는데……. ""합당한 대우를 약속하겠다. 적기사단에 소속을 두지 않겠나?"" 흑기사였던 과거를 버리고 적기사로서 눈먼 돈을 좇지 않기로 한 유디트. 이번 생은 후회하지 않는 삶을 살 수 있을까?",src/img/적기사는눈먼돈을좇지않는다.png,,,"[Timestamp('2024-03-18 00:00:00'), Timestamp('2021-06-13 00:00:00')]"
리턴 투 플레이어,,"판타지,액션,한국",월,344,"[4.2, 106]","[5.0, 5.0, 5.0, 5.0, 5.0, 5.0, 5.0, 5.0, 5.0, 5.0, 5.0, 5.0, 5.0, 5.0, 5.0, 5.0, 5.0, 5.0, 5.0, 5.0, 5.0, 5.0, 5.0, 5.0, 5.0, 5.0, 5.0, 5.0, 5.0, 5.0, 5.0, 5.0, 5.0, 5.0, 5.0, 5.0, 5.0, 5.0, 5.0, 5.0, 5.0, 5.0, 5.0, 5.0, 5.0, 5.0, 5.0, 5.0, 5.0, 5.0, 5.0, 5.0, 5.0, 5.0, 5.0, 5.0, 5.0, 5.0, 5.0, 5.0, 5.0, 5.0, 5.0, 5.0, 5.0, 5.0, 5.0, 5.0, 5.0, 5.0, 5.0, 5.0, 5.0, 5.0, 5.0, 5.0, 5.0, 5.0, 5.0, 5.0, 5.0, 5.0, 5.0, 5.0, 5.0, 4.9, 4.9, 4.9, 4.9, 4.9, 4.9, 4.9, 4.9, 4.9, 4.9, 4.9, 4.9, 4.9, 4.9, 4.9, 4.9, 4.9, 4.9, 4.9, 4.9, 4.8, 4.8, 4.8, 4.8, 4.8, 4.8, 4.8, 4.8, 4.8, 4.8, 4.8, 4.8, 4.8, 4.8, 4.8, 4.8, 4.8, 4.8, 4.8, 4.8, 4.8, 4.7, 4.7, 4.7, 4.7, 4.7, 4.7, 4.6, 4.6, 4.6, 4.6, 4.6, 4.6, 4.6, 4.5, 4.5, 4.5, 4.5, 4.5, 4.5, 4.5, 4.5, 4.4, 4.4, 4.4, 4.4, 4.3, 4.3, 4.3, 4.3, 4.3, 4.3, 4.2, 4.0, 3.8, 3.7, 3.7, 3.0, 3.0, 0.0]",165,"['a', 'b', 'c']","어느 날, 게임이 되어버린 세상.갑자기 나타난 몬스터들이 사람들을 죽이고, 사람들은 플레이어가 되어 퀘스트를 달성해야 한다!인류의 종말에서 회귀한 2회차 플레이어, 김세한.그는 과연 세상을 이렇게 만든 '시스템'을 쳐부술 수 있을까!",src/img/리턴투플레이어.png,,,"[Timestamp('2024-03-17 00:00:00'), Timestamp('2021-01-12 00:00:00')]"
이스닐다,,"판타지,로맨스",월,21,"[2.4, 24]","[5.0, 5.0, 5.0, 5.0, 5.0, 5.0, 5.0, 5.0, 5.0, 5.0, 5.0, 5.0, 5.0, 5.0, 5.0, 5.0, 5.0, 5.0, 5.0, 5.0, 5.0, 5.0, 5.0, 5.0, 5.0, 5.0, 5.0, 5.0, 5.0, 5.0, 5.0, 5.0, 5.0, 5.0, 5.0, 5.0, 5.0, 5.0, 5.0, 5.0, 5.0, 5.0, 5.0, 5.0, 5.0, 5.0, 5.0, 5.0, 5.0, 5.0, 5.0, 5.0, 5.0, 5.0, 5.0, 5.0, 5.0, 5.0, 5.0, 5.0, 5.0, 5.0, 5.0, 5.0, 5.0, 5.0, 5.0, 5.0, 5.0, 5.0, 5.0, 5.0, 5.0, 5.0, 4.8, 4.0, 4.0, 4.0, 3.5, 3.0, 3.0, 3.0, 2.0, 1.0, 0.0, 0.0, 0.0, 0.0, 0.0, 0.0, 0.0, 0.0, 0.0, 0.0, 0.0, 0.0, 0.0, 0.0, 0.0, 0.0, 0.0, 0.0, 0.0]",103,"['a', 'b', 'c']","12살 생일 모든 것을 잃은 소녀 이스닐다. 부모님의 죽음과 잃어버린 재산. 하나뿐인 친척들은 양육비만을 목적으로 이스닐다를 구속하고 괴롭힌다. 지옥 같은 이 집에서 나가는 날만 기다리던 그녀에게 기적적으로 나타난 구원자. 그런데 그 구원자가 알고 보니 그녀를 나락으로 빠트린 주인공? 천덕꾸러기 고아 소녀에서 하루아침에 거액의 상속녀가 되고, 마법사의 능력까지 각성한 이스닐다. 앞으로는 꽃길만 펼쳐지게 될 줄 알았는데- 부모님의 죽음, 마법 세계의 어두운 비밀들이 점점 더 빠르게 그녀를 위협한다! 그리고 그런 이스닐다 곁의 두 남자, 노아와 에드반. 그녀의 모든 것을 아는 남자, 노아. 그녀를 위해 모든 것을 바칠 수 있는 남자, 에드반. 배반과 음모, 비밀과 운명 속에서 과연 이스닐다는 진정한 사랑을 찾고 세기의 대마법사로 거듭날 수 있을까?",src/img/이스닐다.png,,,"[Timestamp('2024-03-17 00:00:00'), Timestamp('2022-04-05 00:00:00')]"
영원한 조연은 없다,,"판타지,로맨스",월,21,"[3.1, 16]","[5.0, 5.0, 5.0, 5.0, 5.0, 5.0, 5.0, 5.0, 5.0, 5.0, 5.0, 5.0, 5.0, 5.0, 5.0, 5.0, 4.5, 3.3, 3.0, 3.0, 2.0, 2.0, 1.0, 1.0, 0.0, 0.0, 0.0, 0.0, 0.0, 0.0, 0.0, 0.0, 0.0, 0.0, 0.0, 0.0, 0.0, 0.0]",38,"['a', 'b', 'c']","눈을 뜨니 한 순간의 실수로 추락한 조연에 빙의했다. “하필이면 여주인공도, 돈 많은 부자도 아닌, 대형 사고 한 번 치는 걸로 나오던 그 덜떨어진 신관 엑스트라라니!” ‘하급 신관 엘레나’가 강제 노역의 위기를 벗어날 방법은 단 하나. 평민의 신분을 숨기고 황제의 남동생을 가르치는 신학 교사가 되는 것. 기왕 이렇게 된 거, 같은 교사이자 여주인공인 ‘로잘린느’ 옆에서 삼각 로맨스를 직관하고 결국은 남주인공인 황제에게 정착하는 러브 스토리나 지켜볼까 했더니…. “당신 정말 평민이었군요?” 정체를 들킴과 동시에 로잘린느의 무시무시한 민낯을 마주하고 만다. 그런데… 로잘린느의 일을 대신하며 남주인공들과 엮이기 시작한다? 잠깐, 이건 여주인공의 역할이라고! 하지만 그들의 맹렬한 접근에도 불구하고 엘레나에게는 우연히 만난 보잘것없는 수습 기사가 눈에 밟히는데….",src/img/영원한조연은없다.png,,,"[Timestamp('2024-03-17 00:00:00'), Timestamp('2023-11-27 00:00:00')]"
부모님을 죽인 원수와 결혼했습니다,,드라마,월,24,"[3.4, 5]","[5.0, 5.0, 5.0, 5.0, 5.0, 5.0, 5.0, 5.0, 5.0, 5.0, 5.0, 5.0, 5.0, 5.0, 5.0, 5.0, 5.0, 5.0, 5.0, 5.0, 5.0, 5.0, 5.0, 5.0, 5.0, 5.0, 5.0, 5.0, 5.0, 5.0, 5.0, 4.8, 0.0, 0.0, 0.0, 0.0, 0.0, 0.0, 0.0, 0.0]",40,"['a', 'b', 'c']",부모님을 죽인 원수와 결혼했습니다,src/img/부모님을죽인원수와결혼했습니다.png,,,"[Timestamp('2024-03-14 00:00:00'), Timestamp('2023-07-06 00:00:00')]"
환생 해결사,,"판타지,중국",월,0,"[2.7, 7]","[5.0, 0.0, 0.0, 0.0, 0.0, 0.0, 0.0, 0.0, 0.0, 0.0, 0.0, 0.0, 0.0, 0.0, 0.0, 0.0, 0.0, 0.0, 0.0, 0.0, 0.0, 0.0, 0.0, 0.0, 0.0, 0.0, 0.0, 0.0, 0.0, 0.0, 0.0, 0.0, 0.0, 0.0, 0.0, 0.0, 0.0, 0.0, 0.0, 0.0, 0.0, 0.0, 0.0, 0.0, 0.0, 0.0, 0.0, 0.0, 0.0, 0.0, 0.0, 0.0, 0.0, 0.0, 0.0, 0.0, 0.0, 0.0, 0.0]",59,"['a', 'b', 'c']",조연으로 방송계를 주름 잡던 소록하! 여우 조연상을 받을 정도로 연기가 뛰어나던 그녀였지만 과몰입하던 주인공 역의 팬들에게 죽임을 당한다. 다행인지 불행인지 '서브 여주 시스템' 하양이를 만나 수많은 섭녀들에게 빙의해 새로운 삶을 살게 되는데... 임무는 조연으로 전락한 여캐들의 운명을 뒤엎고 한을 풀어주는 것. 소록하는 과연 모든 임무를 완수할 수 있을까?,src/img/환생해결사.png,,,"[Timestamp('2024-03-13 00:00:00'), Timestamp('2024-03-10 00:00:00')]"
쥴리에타의 드레스 업,,"판타지,로맨스",월,43,"[2.7, 22]","[5.0, 5.0, 5.0, 5.0, 5.0, 5.0, 5.0, 5.0, 5.0, 5.0, 4.0, 2.0, 2.0, 1.8, 1.0, 1.0, 1.0, 1.0, 0.0, 0.0, 0.0, 0.0, 0.0, 0.0, 0.0, 0.0, 0.0, 0.0, 0.0, 0.0, 0.0, 0.0, 0.0, 0.0, 0.0, 0.0, 0.0, 0.0, 0.0, 0.0, 0.0, 0.0, 0.0, 0.0, 0.0, 0.0, 0.0, 0.0, 0.0, 0.0]",50,"['a', 'b', 'c']","검게 그을린 피부, 벽돌색 뻣뻣한 머리, 커다란 덩치, 두꺼운 안경. 누구나 한번 보면 얼굴을 찌푸리는 외모의 주인, 쥴리에타. 하지만 그 모든 건 세상에서 가장 아름다운 외모를 가리기 위한 변장이었다! 뛰어난 외모는 버려진 귀족가의 사생아에게는 독이 되는 법. 쥴리에타는 빚을 갚기 위해 아름다운 외모를 감추고 바람둥이로 유명한 황자, 킬리언의 침실 담당 시녀가 된다.",src/img/쥴리에타의드레스업.png,,,"[Timestamp('2024-03-11 00:00:00'), Timestamp('2023-04-23 00:00:00')]"
천도 도서관,,"판타지,액션,중국",월,45,"[3.7, 33]","[5.0, 5.0, 5.0, 5.0, 5.0, 5.0, 5.0, 5.0, 5.0, 5.0, 5.0, 5.0, 5.0, 5.0, 5.0, 5.0, 5.0, 5.0, 5.0, 5.0, 5.0, 5.0, 5.0, 5.0, 5.0, 5.0, 5.0, 5.0, 5.0, 5.0, 5.0, 5.0, 5.0, 5.0, 5.0, 5.0, 5.0, 5.0, 5.0, 5.0, 5.0, 5.0, 5.0, 5.0, 5.0, 5.0, 5.0, 5.0, 5.0, 5.0, 5.0, 5.0, 5.0, 5.0, 5.0, 5.0, 5.0, 5.0, 5.0, 5.0, 5.0, 5.0, 5.0, 5.0, 5.0, 5.0, 5.0, 5.0, 5.0, 5.0, 5.0, 5.0, 5.0, 5.0, 5.0, 5.0, 5.0, 5.0, 5.0, 5.0, 5.0, 5.0, 5.0, 5.0, 5.0, 5.0, 5.0, 5.0, 5.0, 5.0, 5.0, 5.0, 5.0, 5.0, 5.0, 5.0, 5.0, 5.0, 5.0, 5.0, 5.0, 5.0, 5.0, 5.0, 5.0, 5.0, 5.0, 5.0, 5.0, 5.0, 5.0, 5.0, 5.0, 5.0, 5.0, 5.0, 5.0, 5.0, 5.0, 5.0, 5.0, 5.0, 5.0, 5.0, 5.0, 5.0, 5.0, 5.0, 5.0, 5.0, 5.0, 5.0, 5.0, 5.0, 5.0, 5.0, 5.0, 5.0, 5.0, 5.0, 5.0, 5.0, 5.0, 5.0, 5.0, 5.0, 5.0, 5.0, 5.0, 5.0, 5.0, 5.0, 5.0, 5.0, 5.0, 5.0, 5.0, 5.0, 5.0, 5.0, 5.0, 5.0, 5.0, 5.0, 5.0, 5.0, 5.0, 5.0, 5.0, 5.0, 5.0, 5.0, 5.0, 5.0, 5.0, 5.0, 5.0, 5.0, 5.0, 5.0, 5.0, 5.0, 5.0, 5.0, 5.0, 5.0, 5.0, 5.0, 5.0, 5.0, 5.0, 5.0, 5.0, 5.0, 5.0, 5.0, 5.0, 5.0, 5.0, 4.7, 4.0, 4.0, 3.5, 3.5, 3.5, 3.0, 3.0, 3.0, 0.0, 0.0, 0.0, 0.0, 0.0, 0.0, 0.0, 0.0, 0.0, 0.0, 0.0, 0.0, 0.0, 0.0, 0.0, 0.0, 0.0, 0.0, 0.0, 0.0, 0.0, 0.0, 0.0, 0.0, 0.0, 0.0, 0.0, 0.0, 0.0, 0.0, 0.0, 0.0, 0.0, 0.0, 0.0, 0.0, 0.0, 0.0, 0.0, 0.0, 0.0, 0.0, 0.0, 0.0, 0.0, 0.0, 0.0, 0.0, 0.0, 0.0, 0.0, 0.0, 0.0, 0.0, 0.0, 0.0, 0.0, 0.0, 0.0, 0.0, 0.0, 0.0, 0.0, 0.0, 0.0, 0.0, 0.0, 0.0, 0.0, 0.0, 0.0, 0.0, 0.0, 0.0, 0.0, 0.0, 0.0, 0.0, 0.0, 0.0, 0.0, 0.0, 0.0]",291,"['a', 'b', 'c']","도서관 화재로 죽게 된 장현. 기이한 세상 속 무능력 선생이 된 자신을 발견한다. 모두의 질타를 받지만, 어느 날 문득 머릿속에 나타난 신비의 도서관으로 인해 운명이 바뀐다! 사람이든 사물이든, 자신이 본 것이라면 모두 책으로 만들어져, 대상의 결점까지 일목요연하게 정리되어 있다. 책 덕분에 모든 걸 꿰뚫어 볼 수 있게 된 장현은 제자 양성을 위한 교습을 시작하는데…",src/img/천도도서관.png,,,"[Timestamp('2024-03-11 00:00:00'), Timestamp('2021-08-09 00:00:00')]"
선빵필승!,,드라마,월,2,"[1.0, 1]","[0.0, 0.0, 0.0, 0.0, 0.0, 0.0, 0.0]",7,"['a', 'b', 'c']","실패한 짝사랑만 몇 번째인지.. 그러던 중 눈에 들어온 캠퍼스 내 광고지. 앱 내에서 커플 성사 시 커플 지원금 500만 원 지급! 소개팅 앱 체험단에 참여해서 커플이 되면 상금을 준다고?! 상금도 얻고, 사랑도 얻어라! 소개팅 앱 <선빵필승>을 통해 얽히고설키는 삼각관계 이야기",src/img/선빵필승.png,,,"[Timestamp('2024-03-10 00:00:00'), Timestamp('2024-02-18 00:00:00')]"
아슈타르테,,"판타지,로맨스,드라마",월,83,"[2.9, 72]","[5.0, 5.0, 5.0, 5.0, 5.0, 5.0, 5.0, 5.0, 5.0, 5.0, 5.0, 5.0, 5.0, 5.0, 5.0, 5.0, 5.0, 5.0, 5.0, 5.0, 5.0, 5.0, 5.0, 5.0, 5.0, 5.0, 5.0, 5.0, 5.0, 5.0, 5.0, 5.0, 5.0, 5.0, 5.0, 5.0, 5.0, 5.0, 5.0, 5.0, 5.0, 4.7, 4.6, 4.5, 4.3, 4.2, 4.0, 4.0, 4.0, 4.0, 4.0, 3.3, 3.0, 3.0, 3.0, 3.0, 3.0, 3.0, 2.0, 1.0, 1.0, 1.0, 0.0, 0.0, 0.0, 0.0, 0.0, 0.0, 0.0, 0.0, 0.0, 0.0, 0.0, 0.0, 0.0, 0.0, 0.0, 0.0, 0.0, 0.0, 0.0, 0.0, 0.0, 0.0, 0.0, 0.0, 0.0]",87,"['a', 'b', 'c']","「제국에 어둠의 색을 지닌 밤의 샛별이 탄생할 것이다. 이는 곧 새벽의 여신의 자애로운 축복일지어니. 신의 축복을 내려받은 밤의 샛별은 피렌체 제국에 끝나지 않을 영원한 빛과 영광을 안겨 주리라.」 피렌체 제국에 100년 만에 신의 신탁이 내려 온다. 하지만 대신관 호레옴은 이번을 기회로, 보다 강한 권력을 손에 쥐기 위해 황제 오르웬에게 「제국에 빛과 어둠의 샛별이 함께 탄생할 것이다. 이는 곧 새벽의 여신의 인도 아래에 일어난 기적과도 같으니 빛은 곧 피렌체 제국에 무한한 영광과 번영을 안겨다 줄 것이며, 어둠은 빛을 집어삼키고 이윽고 피렌체 제국을 파멸로 이끌리라!」 라는 거짓 예언을 하게 된다. 이로 인해 흑발을 갖고 세상에 나온 아슈타르테를 모두가 입을 모아 예언 속 어둠의 샛별이라 불렀고, 그렇게 아슈타르테는 10년을 방치되듯 자라왔다. 그러던 어느 날, 천부적인 재능으로 고대 언어로 적힌 마법서를 읽다 수갑과 족쇄를 찬 ‘아벨리온(이후, 리온)’에게로 이동해버린 아슈타르테. 그와 함께 지내며 피렌체로 돌아갈 마법을 찾게 되고, 둘의 사이는 나날이 가까워져간다. 리온은 아슈타르테에게 특별한 감정을 품게 되지만, 아슈타르테의 마법이 성공함에 따라 두 사람은 이별을 맞게 되는데…. 일주일 간 사라진 아슈타르테를 찾아 헤매며 그녀를 향한 자신의 마음을 자각하는 미라젠과 노아, 그리고 오르웬. 그러나 그들의 관심과 시선은 때가 늦었고, 아슈타르테는 서서히 그들에게 눈길을 돌리게 된다. 10년 간 아슈타르테가 처해왔던 상황들을 알게 되면서 그들의 후회가 시작된다.",src/img/아슈타르테.png,,,"[Timestamp('2024-03-10 00:00:00'), Timestamp('2022-07-31 00:00:00')]"
아카데미에 오랑캐가 입학했다,,판타지,월,29,"[2.8, 32]","[5.0, 5.0, 5.0, 5.0, 5.0, 5.0, 5.0, 5.0, 5.0, 5.0, 5.0, 5.0, 5.0, 5.0, 5.0, 5.0, 4.5, 4.5, 4.0, 4.0, 4.0, 3.7, 3.0, 3.0, 3.0, 2.0, 2.0, 1.0, 1.0, 0.0, 0.0, 0.0, 0.0, 0.0, 0.0, 0.0, 0.0, 0.0, 0.0, 0.0, 0.0, 0.0, 0.0, 0.0, 0.0]",45,"['a', 'b', 'c']",내가 하던 게임의 메인 보스에 빙의했다. ...그런데 무조건 배드엔딩뿐인 캐릭터라고?,src/img/아카데미에오랑캐가입학했다.png,,,"[Timestamp('2024-03-09 00:00:00'), Timestamp('2023-11-29 00:00:00')]"
복수를 위한 결혼동맹,,"로맨스,드라마",월,100,"[3.6, 44]","[5.0, 5.0, 5.0, 5.0, 5.0, 5.0, 5.0, 5.0, 5.0, 5.0, 5.0, 5.0, 5.0, 5.0, 5.0, 5.0, 5.0, 5.0, 5.0, 5.0, 5.0, 4.8, 4.0, 3.7, 2.3, 2.0, 2.0, 1.8, 1.0, 1.0, 1.0, 0.0, 0.0, 0.0, 0.0, 0.0, 0.0, 0.0, 0.0, 0.0, 0.0, 0.0, 0.0, 0.0, 0.0, 0.0, 0.0, 0.0, 0.0, 0.0, 0.0, 0.0, 0.0, 0.0, 0.0, 0.0, 0.0, 0.0, 0.0, 0.0, 0.0, 0.0, 0.0, 0.0, 0.0, 0.0, 0.0, 0.0, 0.0, 0.0, 0.0, 0.0]",72,"['a', 'b', 'c']","황제인 남편의 음모로 죽은 론 제국의 황후 올리비아는 빈민가에 살던 이름 모를 여인의 몸으로 다시 깨어난다. 그 후 도착한 곳은 결별한 전 약혼자이자, 쿠데타로 자리를 빼앗긴 '진짜' 황위 계승자 루카스의 공작 저. 올리비아는 정체를 숨기고 루카스에게 제안한다. 서로의 복수를 위한 결혼 동맹을 맺자고. 두 사람의 복수는 무사히 성공할 수 있을까?",src/img/복수를위한결혼동맹.png,,,"[Timestamp('2024-03-08 00:00:00'), Timestamp('2022-05-06 00:00:00')]"
내 오른 눈은 신급 컴퓨터,,"판타지,액션,개그,중국",월,4,"[1.5, 4]","[5.0, 5.0, 5.0, 5.0, 5.0, 5.0, 5.0, 5.0, 5.0, 5.0, 1.0, 0.0, 0.0]",13,"['a', 'b', 'c']","한 번의 사고로 신비한 눈동자를 얻게 되다! 유선제는 3년 전 사람을 구하던 중 오른 눈이 멀게 되어 의안을 했으나 1~3년 내 실명할 수 있다는 선고를 받는다. 오른 눈은 유선제의 뇌신경과 융합해 독립적 사고가 가능한 인공지능으로 스스로 살 길을 찾았다. 미래를 예지하고, 다량의 데이터를 스캔하고, 기억 작동과 뇌의 전 영역을 활용하는 오른 눈은 다양한 난제를 해결한다.. 오른눈은 약한 인공지능으로 시작해 스스로 러닝학습하여 신급 인공지능으로 발달해가고, 유선제와 함께 물리학, 공간, 시간 등 우주의 비밀을 탐험하면서 많은 위험하고 기묘한 모험을 함께 겪는다",src/img/내오른눈은신급컴퓨터.png,,,"[Timestamp('2024-03-08 00:00:00'), Timestamp('2024-03-08 00:00:00')]"
전쟁광 남편의 아이를 빼돌렸다,,"판타지,로맨스",월,88,"[3.1, 61]","[5.0, 5.0, 5.0, 5.0, 5.0, 5.0, 5.0, 5.0, 5.0, 5.0, 5.0, 5.0, 5.0, 5.0, 5.0, 5.0, 5.0, 5.0, 5.0, 5.0, 5.0, 5.0, 5.0, 5.0, 5.0, 5.0, 5.0, 5.0, 5.0, 5.0, 5.0, 5.0, 5.0, 5.0, 5.0, 5.0, 5.0, 4.8, 4.8, 4.8, 4.8, 4.7, 4.7, 4.7, 4.7, 4.7, 4.7, 4.5, 4.5, 4.5, 4.3, 4.0, 4.0, 4.0, 4.0, 4.0, 4.0, 4.0, 3.7, 3.7, 3.7, 3.5, 3.3, 3.0, 3.0, 3.0, 2.0, 2.0, 1.0, 1.0, 1.0, 1.0, 0.0, 0.0, 0.0, 0.0, 0.0, 0.0, 0.0, 0.0, 0.0, 0.0, 0.0, 0.0, 0.0, 0.0, 0.0, 0.0, 0.0, 0.0, 0.0, 0.0, 0.0]",93,"['a', 'b', 'c']","한 달 후면 딸과 함께 남편 손에 죽는 악녀가 나라고? 전생을 자각하면서 그간의 악녀 인격에서 깨어난 노엘. 하지만 개과천선 하자마자 닥쳐온 현실은 무섭기만 하다. 이 세계가 자신이 전생에 읽은 소설 속이며, 한 달 후면 딸과 함께 남편에 의해 죽기 때문. 남편인 루퍼트 아이넬 후작은 유명한 전쟁광이자 저주에 걸려 주기적으로 살생을 저질러야 하는 남자이기에 이대로면 소설 속 전개대로 그의 손에 쓱싹당하고 말 것이다. 내가 변했음을 알리자! 루퍼트와 친해지자! 노엘은 어린 딸과 살아남으려면 이 방법뿐이라는 생각에 열심히 루퍼트 주위를 맴돌기 시작한다. 하지만 명성 자자한 악녀의 변신은 오해만 불러 일으키고... 세상에서 개과천선이 제일 쉬웠지만 살아남기가 제일 어려운 노엘의 서바이벌, STRAT!",src/img/전쟁광남편의아이를빼돌렸다.png,,,"[Timestamp('2024-03-07 00:00:00'), Timestamp('2022-07-27 00:00:00')]"
계약 결혼이 끝났다,,"판타지,로맨스",월,4,"[2.9, 9]","[5.0, 5.0, 5.0, 5.0, 5.0, 5.0, 5.0, 5.0, 5.0, 5.0, 5.0, 5.0, 5.0, 5.0, 5.0, 5.0, 5.0, 5.0, 5.0, 5.0, 5.0, 0.0]",22,"['a', 'b', 'c']","눈속임 부부로 살기로 했던 계약 결혼이 끝났다. 나는 집안으로부터의 자유를 원했고, 그는 기반을 다질 내 집안의 뒷배경이 필요했다. 그로부터 3년, 우리는 무사히 계약 결혼을 마쳤다. 이혼 서류에 도장만 찍으면 서로 원하던 삶을 누릴 수 있게 될 터였다. “이제 슬슬 이혼 서류 준비를 하는 건 어때요?” “뭐? 그게 무슨 소리야?” “이혼 준비를 하자고요” “그러니까… 이혼이 뭔데?” 아니, 갑자기 이게 무슨 소리람. 3년 내내 다정했던 계약 남편은 어디 갔는지 모르쇠로 일관하는 공작 각하만 남았다. 약속했잖아, 당장 이혼 서류에 도장 찍어! *원작 : 불탄나비 [웹소설] 계약 결혼이 끝났다",src/img/계약결혼이끝났다.png,,,"[Timestamp('2024-03-06 00:00:00'), Timestamp('2024-03-06 00:00:00')]"
기적의 물리치료사,,드라마,월,73,"[2.7, 28]","[5.0, 5.0, 5.0, 5.0, 5.0, 5.0, 5.0, 5.0, 5.0, 5.0, 5.0, 5.0, 5.0, 5.0, 5.0, 5.0, 5.0, 5.0, 5.0, 5.0, 5.0, 5.0, 5.0, 5.0, 5.0, 4.4, 4.2, 4.2, 4.2, 4.2, 4.2, 4.1, 4.1, 4.0, 4.0, 4.0, 4.0, 3.7, 3.7, 3.7, 3.7, 3.7, 3.7, 3.7, 3.7, 3.7, 3.4, 3.3, 3.3, 3.0, 3.0, 2.5, 2.3]",53,"['a', 'b', 'c']","물리치료사 이기적. 센터는 망하고, 여자친구에게는 차이고...! 되는 것 하나 없는 날, 떨어지는 별을 맞고 나서 상태창이 보이기 시작했다?! 최고의 물리치료사로 성장하는 이기적의 이야기!",src/img/기적의물리치료사.png,,,"[Timestamp('2024-03-04 00:00:00'), Timestamp('2023-07-18 00:00:00')]"
저 같은 정령에게 집착하지 마세요!,,"판타지,로맨스",월,39,"[1.9, 49]","[5.0, 5.0, 5.0, 5.0, 5.0, 5.0, 5.0, 5.0, 5.0, 5.0, 5.0, 5.0, 5.0, 5.0, 5.0, 5.0, 5.0, 5.0, 5.0, 5.0, 5.0, 5.0, 4.5, 4.0, 4.0, 4.0, 3.0, 3.0, 2.4, 2.3, 2.0, 2.0, 2.0, 2.0, 1.5, 1.3, 1.0, 1.0, 1.0, 0.0, 0.0, 0.0, 0.0, 0.0, 0.0, 0.0, 0.0, 0.0, 0.0, 0.0, 0.0, 0.0, 0.0, 0.0, 0.0, 0.0, 0.0, 0.0, 0.0, 0.0, 0.0, 0.0, 0.0, 0.0, 0.0, 0.0, 0.0, 0.0, 0.0, 0.0, 0.0, 0.0, 0.0, 0.0, 0.0]",75,"['a', 'b', 'c']","소설 속 엑스트라, 최약체 하급 바람의 정령으로 빙의한 ‘아셀라’. 나약하기 그지없던 아셀라는 정령들에게 괴롭힘을 당하며, 살아남기 위한 분노를 삼킨다. 모든 정령은 신의 뜻에 따라 정해진 기사와 맹약을 맺는데, 아셀라는 제국 최고의 기사단장 ‘라세즈 시에르텐샤’와 맹약을 맺게 되었다?! “라세즈? 그의 정령은 첫 전투에서 죽게 되는데?” 살아남기 위해서는 라세즈와의 맹약부터 끊어내야 한다. 다행히도 서로의 상대가 되길 원치 않았던 두 사람은 상대가 구해질 때까지만 맹약을 잇기로 하고, 끝이 정해진 “시한부 맹약”을 시작한다! 우여곡절 끝에 드디어 시한부 맹약의 끝이 찾아오고 아셀라는 드디어 맹약을 깨려는데, 갑자기 태도가 돌변한 라세즈! 갑자기 맹약을 해지해줄 수 없다고 하는데! 심지어 어쩌다 주워버린 두 번째 기사 카이로스는 라세즈를 밀어내고 첫번째가 되겠다고 하고, 원작의 남자 주인공인 황태자와 제국의 바람둥이 에드워드까지 본인을 기사로 삼아달라고 애원한다. 그리고 이 모든 남자들을 질투하는 상급 정령 헤르휘스까지. 쓸모없는 흙수저 정령이었던 아셀라에게 손을 뻗치는 무수한 남자들! 이 소설 속에서 조용히 살아남으려던 그녀에겐 부담스럽기만 한데……. “저 같은 정령에게 집착하지 마세요!”",src/img/저같은정령에게집착하지마세요.png,,,"[Timestamp('2024-03-04 00:00:00'), Timestamp('2022-10-16 00:00:00')]"
어쌔신 크리드 - 잊혀진 사원,,"판타지,액션",월,25,"[3.8, 17]","[5.0, 5.0, 5.0, 5.0, 5.0, 4.5, 4.4, 3.0, 3.0, 1.0, 0.0, 0.0, 0.0, 0.0, 0.0, 0.0, 0.0, 0.0, 0.0, 0.0, 0.0, 0.0, 0.0, 0.0, 0.0, 0.0, 0.0, 0.0, 0.0, 0.0, 0.0, 0.0, 0.0, 0.0, 0.0, 0.0, 0.0, 0.0, 0.0, 0.0, 0.0, 0.0, 0.0, 0.0]",44,"['a', 'b', 'c']","잃어버린 사원의 전설에 대한 단서를 얻은 에드워드 켄웨이. 이번엔 해적이 아닌 암살단원으로서 다시 바다로 향한다. ""내가 에드워드 켄웨이라고? 이게 무슨 일이지...?"" 그리고 애니머스를 통해 머나먼 조상 에드워드 켄웨이의 기억을 따라가는 김노아. 18세기 동남아 남중국해 무대에서 <어쌔신 크리드 IV: 블랙 플래그>의 후속편이 시작된다!",src/img/어쌔신크리드잊혀진사원.png,,,"[Timestamp('2024-03-03 00:00:00'), Timestamp('2023-04-23 00:00:00')]"
그저 여명일 뿐,,로맨스,월,93,"[4.8, 18]","[5.0, 5.0, 5.0, 5.0, 5.0, 5.0, 5.0, 5.0, 5.0, 5.0, 5.0, 5.0, 5.0, 5.0, 5.0, 5.0, 5.0, 5.0, 5.0, 5.0, 5.0, 5.0, 5.0, 5.0, 5.0, 5.0, 4.0, 0.0, 0.0, 0.0]",30,"['a', 'b', 'c']","그녀는, 꼭 태풍 같았다. 가만히 숨죽이고 있던 그의 계절을 함부로 뒤흔들어 버린. “나랑 아는 사이 돼서 너한테 좋을 거 없어.” “왜? 네 소문 때문에? 난 별로 신경 안 쓰는데.” 지켜 줄까, 깨트려 버릴까. 모순적인 기분에 휩싸이며, 그는 깨달았다. 자신은 그 안으로 들어가고 싶은 것이었다. '윤준영'의 세상 속으로.",src/img/그저여명일뿐.png,,,"[Timestamp('2024-03-03 00:00:00'), Timestamp('2023-08-26 00:00:00')]"
두근두근 공략기,,"판타지,로맨스,한국",월,197,"[4.1, 95]","[5.0, 5.0, 5.0, 5.0, 5.0, 5.0, 5.0, 5.0, 5.0, 5.0, 5.0, 5.0, 5.0, 5.0, 5.0, 5.0, 5.0, 5.0, 5.0, 5.0, 5.0, 5.0, 5.0, 5.0, 5.0, 5.0, 5.0, 5.0, 5.0, 5.0, 5.0, 5.0, 5.0, 5.0, 5.0, 5.0, 5.0, 5.0, 5.0, 5.0, 5.0, 5.0, 5.0, 5.0, 5.0, 5.0, 5.0, 5.0, 5.0, 5.0, 5.0, 5.0, 5.0, 5.0, 5.0, 5.0, 5.0, 5.0, 5.0, 5.0, 5.0, 5.0, 5.0, 5.0, 5.0, 5.0, 5.0, 5.0, 4.5, 4.0, 4.0, 3.8, 0.0, 0.0, 0.0, 0.0, 0.0, 0.0, 0.0, 0.0, 0.0, 0.0, 0.0, 0.0, 0.0, 0.0, 0.0, 0.0, 0.0, 0.0, 0.0, 0.0, 0.0, 0.0, 0.0, 0.0, 0.0, 0.0, 0.0, 0.0, 0.0, 0.0, 0.0, 0.0, 0.0, 0.0, 0.0, 0.0, 0.0, 0.0, 0.0, 0.0, 0.0, 0.0, 0.0]",115,"['a', 'b', 'c']","눈을 떠보니 여긴 어디?! 본능적으로 자신의 꿈이 미소년(녀) 연애 시뮬레이션임을 알아챈 다은(디아나). 주변을 둘러보니 사람들 머리 위에 하트가 둥둥 떠다닌다! 남자도, 여자도 심지어 지나가던 고양이까지 전부 다 공략캐?! 디아나는 꿈인 김에 역하렘이라는 원대한 계획을 세우게 되는데...",src/img/두근두근공략기.png,,,"[Timestamp('2024-02-26 00:00:00'), Timestamp('2021-06-15 00:00:00')]"
찔레꽃 그늘 아래,,"판타지,로맨스",월,3,"[0.0, 0]","[5.0, 5.0, 5.0, 0.0, 0.0, 0.0]",6,"['a', 'b', 'c']","욕망과 동란의 도시, 경성. 그 안에 핀 웃지 않는 꽃, 기생 이선. 그녀의 모든 것을 앗아갔던 남자, 한서진을 10년 만에 다시 만난다. 가슴을 에는 고통. 매 순간 살아나는 아픈 기억. 그걸 끝내는 방법은 한서진에게 복수하는 것뿐. 인연은 악연이 되고, 증오 위에 꽃은 피어난다. 상처 입히고, 탐닉하며, 또다시 함께 떨어져 간다. 슬픈 낭만의 도시, 경성에서.",src/img/찔레꽃그늘아래.png,,,"[Timestamp('2024-02-26 00:00:00'), Timestamp('2024-02-26 00:00:00')]"
장씨세가 호위무사,,"판타지,무협,한국",월,387,"[3.7, 139]","[5.0, 5.0, 5.0, 5.0, 5.0, 5.0, 5.0, 5.0, 5.0, 5.0, 5.0, 5.0, 5.0, 5.0, 5.0, 5.0, 5.0, 5.0, 5.0, 5.0, 5.0, 5.0, 5.0, 5.0, 5.0, 5.0, 5.0, 5.0, 5.0, 5.0, 5.0, 5.0, 5.0, 5.0, 5.0, 5.0, 5.0, 5.0, 5.0, 5.0, 5.0, 5.0, 5.0, 5.0, 5.0, 5.0, 5.0, 5.0, 5.0, 5.0, 5.0, 5.0, 5.0, 5.0, 5.0, 5.0, 5.0, 5.0, 5.0, 5.0, 5.0, 5.0, 5.0, 5.0, 5.0, 5.0, 5.0, 5.0, 5.0, 5.0, 5.0, 5.0, 5.0, 5.0, 5.0, 5.0, 5.0, 5.0, 5.0, 5.0, 5.0, 5.0, 5.0, 5.0, 5.0, 5.0, 5.0, 5.0, 5.0, 5.0, 5.0, 5.0, 5.0, 5.0, 5.0, 5.0, 5.0, 5.0, 5.0, 5.0, 5.0, 5.0, 5.0, 5.0, 5.0, 5.0, 5.0, 5.0, 5.0, 5.0, 5.0, 5.0, 5.0, 5.0, 5.0, 5.0, 5.0, 5.0, 5.0, 5.0, 5.0, 5.0, 5.0, 5.0, 5.0, 5.0, 5.0, 5.0, 5.0, 5.0, 5.0, 5.0, 5.0, 5.0, 5.0, 5.0, 5.0, 5.0, 5.0, 5.0, 5.0, 5.0, 5.0, 5.0, 5.0, 5.0, 5.0, 5.0, 5.0, 4.9, 4.9, 4.9, 4.9, 4.9, 4.9, 4.9, 4.9, 4.9, 4.9, 4.9, 4.9, 4.9, 4.9, 4.9, 4.9, 4.9, 4.9, 4.9, 4.9, 4.9, 4.9, 4.9, 4.8, 4.8, 4.8, 4.8, 4.8, 4.8, 4.8, 4.8, 4.8, 4.8, 4.8, 4.8, 4.8, 4.8, 4.8, 4.8, 4.8, 4.8, 4.7, 4.7, 4.7, 4.7, 4.7, 4.7, 4.7, 4.7, 4.7, 4.7, 4.7, 4.7, 4.7, 4.7, 4.7, 4.7, 4.7, 4.7, 4.6, 4.6, 4.6, 4.6, 4.6, 4.6, 4.5, 4.5, 4.5, 4.5, 4.4, 4.4, 4.4, 4.4, 4.3, 4.3, 4.3, 4.3, 4.3, 4.3, 4.3, 4.3, 4.3, 4.2, 4.2, 4.2, 4.2, 4.2, 4.2, 4.2, 4.1, 4.1, 4.0, 4.0, 4.0, 3.9, 3.9, 3.9, 3.7, 3.7, 3.7, 3.5, 3.5, 3.2, 3.1, 3.0, 2.7]",255,"['a', 'b', 'c']",‘당신이 부른 것이오. 나란 사람을... ’ 은둔고수 광휘. 호위무사 되다!,src/img/장씨세가호위무사.png,,,"[Timestamp('2024-02-25 00:00:00'), Timestamp('2019-07-20 00:00:00')]"
무협지 최고 악당의 귀한 딸입니다,,"판타지,로맨스,드라마,한국",월,259,"[3.0, 145]","[5.0, 5.0, 5.0, 5.0, 5.0, 5.0, 5.0, 5.0, 5.0, 5.0, 5.0, 5.0, 5.0, 5.0, 5.0, 5.0, 5.0, 5.0, 5.0, 5.0, 5.0, 5.0, 5.0, 5.0, 5.0, 5.0, 5.0, 5.0, 5.0, 5.0, 5.0, 5.0, 5.0, 5.0, 5.0, 5.0, 5.0, 5.0, 5.0, 5.0, 5.0, 5.0, 5.0, 5.0, 5.0, 5.0, 5.0, 5.0, 5.0, 5.0, 5.0, 5.0, 5.0, 5.0, 5.0, 5.0, 5.0, 4.9, 4.9, 4.9, 4.8, 4.7, 4.7, 4.7, 4.7, 4.7, 4.6, 4.6, 4.6, 4.6, 4.6, 4.6, 4.5, 4.5, 4.5, 4.5, 4.4, 4.3, 4.3, 4.2, 4.2, 4.1, 4.1, 4.0, 4.0, 4.0, 4.0, 3.7, 3.7, 3.7, 3.4, 3.4, 3.3, 3.3, 3.0, 3.0, 3.0, 3.0, 3.0, 3.0, 3.0, 3.0, 3.0, 3.0, 2.7, 2.0, 0.0, 0.0, 0.0, 0.0, 0.0, 0.0, 0.0, 0.0, 0.0, 0.0, 0.0, 0.0, 0.0, 0.0]",120,"['a', 'b', 'c']","부잣집 딸로 환생한 줄 알았건만, 무협지 최고 악당의 딸로 태어났다?! 무관심한 아빠, 결국 날 죽이는 오빠, 살아남기 위해선 어서 무공을 익혀 튀어야 하는데...! 이 두 빠빠... 왜 자꾸 날 귀여워하는겨?!",src/img/무협지최고악당의귀한딸입니다.png,,,"[Timestamp('2024-02-25 00:00:00'), Timestamp('2021-04-02 00:00:00')]"
쓰레기장 속 황녀님,,한국,월,288,"[3.9, 96]","[5.0, 5.0, 5.0, 5.0, 5.0, 5.0, 5.0, 5.0, 5.0, 5.0, 5.0, 5.0, 5.0, 5.0, 5.0, 5.0, 5.0, 5.0, 5.0, 5.0, 5.0, 5.0, 5.0, 5.0, 5.0, 5.0, 5.0, 5.0, 5.0, 5.0, 5.0, 5.0, 5.0, 5.0, 5.0, 5.0, 5.0, 5.0, 5.0, 5.0, 5.0, 5.0, 5.0, 5.0, 5.0, 5.0, 5.0, 5.0, 5.0, 5.0, 5.0, 5.0, 5.0, 5.0, 5.0, 5.0, 5.0, 5.0, 5.0, 5.0, 5.0, 5.0, 5.0, 5.0, 5.0, 5.0, 5.0, 5.0, 5.0, 5.0, 5.0, 5.0, 5.0, 5.0, 5.0, 5.0, 5.0, 4.9, 4.9, 4.8, 4.8, 4.8, 4.7, 4.7, 4.6, 4.6, 4.5, 4.5, 4.2, 4.2, 0.0, 0.0, 0.0, 0.0, 0.0, 0.0, 0.0, 0.0, 0.0, 0.0, 0.0]",101,"['a', 'b', 'c']","황궁 숲 속 버려진 성에 홀로 살고 있는 아이. 아이는 황제의 잊혀진 자식이었다. ""나는 거짓말쟁이가 싫어. 혼자서도 잘 살 수 있어."" 긴 기다림 끝에 황제가 찾아오지만 아이의 마음은 이미 굳게 닫힌 상태였다. ""네게 이름을 지어주마."" ""이름?"" ""에스트렐라, 그게 네 이름이란다. …기다리게 해서 미안하다, 아가."" 조금은 특별한 능력을 가진 아이와 그녀의 새로운 가족의 이야기. 상처 많은 에스트렐라의 가족 힐링물.",src/img/쓰레기장속황녀님.png,,,"[Timestamp('2024-02-23 00:00:00'), Timestamp('2020-09-14 00:00:00')]"
새벽을 사랑하는 방법,,,월,3,"[2.0, 1]","[0.0, 0.0, 0.0, 0.0, 0.0, 0.0, 0.0, 0.0, 0.0, 0.0, 0.0, 0.0, 0.0, 0.0, 0.0, 0.0, 0.0, 0.0, 0.0, 0.0, 0.0, 0.0, 0.0, 0.0, 0.0, 0.0, 0.0, 0.0, 0.0, 0.0]",30,"['a', 'b', 'c']","성적 평범. 특기 없음. 하고 싶은 것 없음. 열여덟의 끝자락, 고3을 앞두고 ‘현실 자각 타임’을 정통으로 겪고 있는 유성의 밤은 길기만 하다. 모든 게 잘난 절친과는 출발선부터 다른 것 같고 빛나던 어린 시절은 다시는 꿀 수 없는 꿈같다. 하면 할수록 스스로를 초라하게 만드는 생각들은 유성을 점점 더 깊고 어두운 밤에 가둔다. 어김없이 찾아온 밤, 시끄러운 가족들을 피해 향한 편의점에서 특이한 모습의 여자아이 새벽과 조우하는데… 독특한 인상을 남기고 사라진 그 애는 다음날 유성의 반에 전학생으로 다시 등장한다. 심지어 짝꿍…! 현실과 동떨어져 있는 듯한 새벽과 친구가 되면서 밤에 멈춰있던 유성의 시간이 점차 새벽을 향해 흐르기 시작한다! 그러나, 곧 새벽 또한 깊은 밤에 갇혀있단 사실을 깨닫게 되는데… 이 이야기는 우리가 밤을 이겨내고 새벽을 향해 가는 이야기. 새벽을 사랑하는 방법!",src/img/새벽을사랑하는방법.png,,,"[Timestamp('2024-02-18 00:00:00'), Timestamp('2023-10-31 00:00:00')]"
막장드라마의 제왕,,"판타지,드라마",월,197,"[4.4, 88]","[5.0, 5.0, 5.0, 5.0, 5.0, 5.0, 5.0, 5.0, 5.0, 5.0, 5.0, 5.0, 5.0, 5.0, 5.0, 5.0, 5.0, 5.0, 5.0, 5.0, 5.0, 5.0, 5.0, 5.0, 5.0, 5.0, 5.0, 5.0, 5.0, 5.0, 5.0, 5.0, 5.0, 5.0, 5.0, 5.0, 5.0, 5.0, 5.0, 5.0, 5.0, 5.0, 5.0, 5.0, 5.0, 5.0, 5.0, 5.0, 5.0, 5.0, 5.0, 5.0, 5.0, 5.0, 5.0, 5.0, 5.0, 5.0, 5.0, 5.0, 5.0, 5.0, 5.0, 5.0, 5.0, 5.0, 5.0, 5.0, 5.0, 5.0, 5.0, 5.0, 5.0, 5.0, 5.0, 5.0, 5.0, 5.0, 5.0, 5.0, 5.0, 5.0, 5.0, 5.0, 5.0, 5.0, 5.0, 5.0, 5.0, 5.0, 5.0, 5.0, 5.0, 5.0, 5.0, 5.0, 5.0, 5.0, 5.0, 5.0, 5.0, 5.0, 4.8, 4.8, 4.8, 4.7, 4.7, 4.6, 4.6, 4.5, 4.5, 4.5, 4.4, 4.3, 4.3, 4.2, 4.0, 4.0, 3.0, 1.8, 0.0, 0.0, 0.0, 0.0, 0.0]",125,"['a', 'b', 'c']","다시 태어난다면 막장 드라마를 만들고 싶어 "" "" 죽기 직전, 주마등처럼 스친 소원 하나 정체 모를 시스템 은 이 엉뚱한 소원을 접수해버린다 이현석은 막장 드라마를 만들기 위해 PD 시절로 회귀하는데… 유령이 된 명감독 김철, 미래의 대배우 이설 그리고 현석의 목숨을 건 막장 드라마 제작기 막장을 노린 드라마는 점점 세계적 인기를 누리며 판이 커지고 만다!",src/img/막장드라마의제왕.png,,,"[Timestamp('2024-02-18 00:00:00'), Timestamp('2021-09-21 00:00:00')]"
흑막을 치료하고 도망쳐버렸다,,"판타지,로맨스",월,39,"[2.2, 26]","[5.0, 5.0, 5.0, 5.0, 5.0, 5.0, 5.0, 5.0, 5.0, 5.0, 5.0, 5.0, 4.5, 4.5, 4.3, 4.0, 4.0, 4.0, 4.0, 4.0, 4.0, 4.0, 4.0, 4.0, 4.0, 4.0, 4.0, 3.5, 3.0, 3.0, 3.0, 3.0, 3.0, 3.0, 3.0, 3.0, 2.0, 1.0, 1.0, 1.0, 0.0, 0.0, 0.0, 0.0, 0.0, 0.0, 0.0, 0.0, 0.0, 0.0, 0.0, 0.0, 0.0, 0.0, 0.0, 0.0, 0.0, 0.0, 0.0, 0.0, 0.0, 0.0, 0.0, 0.0, 0.0, 0.0, 0.0, 0.0, 0.0, 0.0, 0.0]",71,"['a', 'b', 'c']","좋아하는 소설 속으로 환생한 에블린. 하지만 불행하게도 그녀가 맡은 역할은, 막대한 신력을 지녔지만 이용만 당하다 비참한 죽음을 맞는 엑스트라. 백작가에 입양돼 갖은 학대와 수모를 당하면서도 신력을 쓰지 않고 버텼다. 모든 건 이 소설의 남자 주인공, 저주받은 흑막 대공에게 납치당하기 위해서. ""예언을 하나 들었는데, 네가 내 저주를 풀 수 있을 거라더군."" ""네, 다만 조건이 있어요. 이 제국을 떠나서 살 수 있는 돈이 필요해요."" 살아남기 위해서는 예언 속 여신이자 여자 주인공, 코델리아인 척해야만 한다. 에블린이 원하는 건 로맨스가 아니라 자유뿐. 계약은 순조로웠다. ……에블린이 여자 주인공이 아니라는 걸 들키기 전까진. ""감히 날 속인 것도 모자라 도망을 쳐? 그 책임의 무게가 가볍진 않을 거야."" 결국 이대로 죽는 건가 싶어 눈을 질끈 감았는데, ""나와 혼인하지."" 응?! 흑막 대공이 어디가 이상하다. *원작 : 이이리 [웹소설] 흑막을 치료하고 도망쳐버렸다",src/img/흑막을치료하고도망쳐버렸다.png,,,"[Timestamp('2024-02-18 00:00:00'), Timestamp('2023-02-12 00:00:00')]"
혼자 레벨업 합니다,,"판타지,액션,한국",월,201,"[2.3, 200]","[5.0, 5.0, 5.0, 5.0, 5.0, 5.0, 5.0, 5.0, 5.0, 5.0, 5.0, 5.0, 5.0, 5.0, 5.0, 5.0, 5.0, 5.0, 5.0, 5.0, 5.0, 5.0, 5.0, 5.0, 5.0, 5.0, 5.0, 5.0, 5.0, 5.0, 5.0, 5.0, 5.0, 5.0, 5.0, 5.0, 5.0, 5.0, 5.0, 5.0, 5.0, 5.0, 4.8, 4.8, 4.8, 4.8, 4.7, 4.6, 4.6, 4.6, 4.6, 4.6, 4.6, 4.6, 4.5, 4.5, 4.5, 4.5, 4.5, 4.5, 4.5, 4.5, 4.4, 4.4, 4.4, 4.4, 4.3, 4.3, 4.3, 4.3, 4.3, 4.3, 4.3, 4.3, 4.3, 4.2, 4.2, 4.2, 4.2, 4.2, 4.2, 4.2, 4.1, 4.1, 4.1, 4.0, 4.0, 4.0, 4.0, 4.0, 4.0, 4.0, 4.0, 3.9, 3.9, 3.9, 3.9, 3.9, 3.9, 3.9, 3.9, 3.9, 3.8, 3.8, 3.8, 3.8, 3.7, 3.7, 3.7, 3.7, 3.7, 3.7, 3.6, 3.5, 3.5, 3.5, 3.5, 3.3, 3.3, 3.2, 3.1, 3.1, 3.1, 3.0, 3.0, 3.0, 3.0, 3.0, 3.0, 3.0, 3.0, 3.0, 3.0, 3.0, 3.0, 3.0, 2.6, 2.6, 2.5, 2.3, 2.3, 2.3, 1.5, 1.5, 1.0, 1.0, 1.0, 0.0, 0.0, 0.0, 0.0, 0.0, 0.0, 0.0, 0.0, 0.0, 0.0, 0.0, 0.0, 0.0]",160,"['a', 'b', 'c']","짐꾼으로 일하던 한열. 오매불망 기다리던 각성과 함께 헌터가 되다! 그런데 이게 웬일? 몬스터를 잡아서 레벨업을 하고, 행동을 통해 스킬을 획득하라고?",src/img/혼자레벨업합니다.png,,,"[Timestamp('2024-02-18 00:00:00'), Timestamp('2020-11-09 00:00:00')]"
각인되다,,"로맨스,드라마",월,13,"[3.7, 7]","[5.0, 5.0, 3.0, 3.0, 2.5, 1.0, 1.0, 1.0, 1.0, 1.0, 1.0, 0.0, 0.0, 0.0, 0.0, 0.0, 0.0, 0.0, 0.0, 0.0, 0.0, 0.0, 0.0, 0.0, 0.0, 0.0, 0.0, 0.0, 0.0, 0.0, 0.0, 0.0, 0.0, 0.0, 0.0, 0.0, 0.0]",37,"['a', 'b', 'c']",각인되다,src/img/각인되다.png,,,"[Timestamp('2024-02-16 00:00:00'), Timestamp('2023-07-22 00:00:00')]"
깨어났더니 20년 후인데요!,,"판타지,로맨스",월,5,"[1.0, 2]","[5.0, 0.0, 0.0, 0.0, 0.0, 0.0, 0.0, 0.0, 0.0, 0.0, 0.0, 0.0, 0.0, 0.0, 0.0, 0.0, 0.0, 0.0, 0.0, 0.0, 0.0, 0.0, 0.0, 0.0, 0.0, 0.0, 0.0, 0.0, 0.0, 0.0, 0.0, 0.0, 0.0, 0.0, 0.0, 0.0, 0.0, 0.0, 0.0, 0.0, 0.0, 0.0, 0.0, 0.0, 0.0, 0.0, 0.0, 0.0, 0.0, 0.0]",50,"['a', 'b', 'c']",독살의 위기에서 전생의 기억을 되찾은 피오리아. 하지만 의식을 되찾은 건 20년 후?! 상상초월 악역 영애의 상쾌한 복수극!!,src/img/깨어났더니20년후인데요.png,,,"[Timestamp('2024-02-15 00:00:00'), Timestamp('2024-02-15 00:00:00')]"
리바이브,,판타지,월,10,"[3.8, 13]","[5.0, 5.0, 5.0, 2.0, 1.0, 0.0, 0.0, 0.0, 0.0, 0.0, 0.0, 0.0, 0.0, 0.0, 0.0, 0.0, 0.0, 0.0, 0.0, 0.0, 0.0]",21,"['a', 'b', 'c']","기계 종족 '코바'와 인간이 함께 사는 세계. 정체불명의 거대한 전함 안에 세워진 나라 '트리스탄'에서 코바족 '오드'는 3년 전, 전쟁을 멈추게 한 '제네시스 웨폰'으로 개조 당하기 전의 기억을 찾기 위해",src/img/리바이브.png,,,"[Timestamp('2024-02-14 00:00:00'), Timestamp('2023-12-24 00:00:00')]"
처음을 줄게!,,"로맨스,드라마",월,4,"[5.0, 1]","[0.0, 0.0, 0.0, 0.0, 0.0, 0.0]",6,"['a', 'b', 'c']","스무살 소윤, 고등학교 졸업과 함께 찾아온 이별의 아픔은 잠시! 첫 대학 친구들, 선배들. 처음 먹는 음식, 처음 가보는 장소. 첫 사랑과 첫 설렘. 새로 기록하게 될 나의 모든 처음을 위하여. 소심해도 할 말은 다 하는 소윤의 차곡차곡 캠퍼스 로맨스!",src/img/처음을줄게.png,,,"[Timestamp('2024-02-12 00:00:00'), Timestamp('2024-01-21 00:00:00')]"
물어보는 사이,,"판타지,로맨스,한국",월,29,"[3.4, 16]","[5.0, 5.0, 5.0, 5.0, 5.0, 5.0, 5.0, 5.0, 5.0, 5.0, 5.0, 5.0, 5.0, 5.0, 5.0, 5.0, 5.0, 5.0, 5.0, 5.0, 5.0, 5.0, 5.0, 5.0, 5.0, 5.0, 5.0, 5.0, 5.0, 5.0, 5.0, 5.0, 5.0, 5.0, 5.0, 5.0, 5.0, 5.0, 5.0, 5.0, 5.0, 5.0, 5.0, 5.0, 5.0, 5.0, 5.0, 5.0, 5.0, 5.0, 5.0, 5.0, 5.0, 5.0, 5.0, 5.0, 5.0, 5.0, 5.0, 5.0, 5.0, 5.0, 5.0, 5.0, 5.0, 5.0, 5.0, 5.0, 5.0, 5.0, 5.0, 5.0, 5.0, 5.0, 5.0, 5.0, 5.0, 5.0, 5.0, 5.0, 5.0, 5.0, 5.0, 5.0, 5.0, 5.0, 5.0, 5.0, 5.0, 5.0, 5.0, 5.0, 5.0, 5.0, 5.0, 5.0, 5.0, 5.0, 5.0, 5.0, 5.0, 5.0, 5.0, 5.0, 5.0, 5.0, 5.0, 5.0, 5.0, 5.0, 5.0, 5.0, 5.0, 5.0, 5.0, 5.0, 5.0, 5.0, 5.0, 5.0, 5.0, 5.0, 5.0, 5.0, 5.0, 5.0, 5.0, 5.0, 0.0, 0.0, 0.0]",131,"['a', 'b', 'c']","뱀파이어에게 물리면 건강해진다?! 두통으로 의도치 않게 비호감 연예인이 된 이채이. 우연히 톱스타인 서이준이 뱀파이어이고, 그에게 물리면 한동안 건강해진다는 걸 알게 된다. 물어달라 부탁하는 채이에게 이준은 계약 연애를 제안하는데...",src/img/물어보는사이.png,,,"[Timestamp('2024-02-11 00:00:00'), Timestamp('2021-09-10 00:00:00')]"
퍼니게임,,"미스터리,드라마",월,17,"[2.6, 10]","[5.0, 5.0, 5.0, 5.0, 5.0, 5.0, 5.0, 5.0, 5.0, 5.0, 5.0, 5.0, 5.0, 5.0, 5.0, 5.0, 5.0, 5.0, 5.0, 5.0, 5.0, 5.0, 5.0, 5.0, 5.0, 5.0, 5.0, 5.0, 5.0, 5.0, 4.8, 3.8, 3.7, 3.0, 2.8, 2.6, 2.5, 2.0, 1.4, 1.0, 1.0, 1.0, 1.0, 1.0, 0.0, 0.0, 0.0, 0.0, 0.0, 0.0, 0.0, 0.0, 0.0, 0.0, 0.0, 0.0, 0.0, 0.0, 0.0, 0.0, 0.0, 0.0, 0.0, 0.0, 0.0, 0.0, 0.0, 0.0]",68,"['a', 'b', 'c']","<머니게임>,<파이게임> 에서 실패를 맛본 주인공은, 마지막 <퍼니게임>에서 우승하기 위해 신체를 단련하고 정신을 다잡는다. 모든 참가자 중 본인만이 유일한 게임 경험자임을 확인한 주인공은, 승리를 위해 악마가 되기로 결심한다.",src/img/퍼니게임.png,,,"[Timestamp('2024-02-11 00:00:00'), Timestamp('2022-10-17 00:00:00')]"
미생 시즌2 2부,,"드라마,한국",월,26,"[3.0, 6]","[5.0, 5.0, 5.0, 5.0, 5.0, 5.0, 5.0, 5.0, 5.0, 5.0, 5.0, 5.0, 5.0, 5.0, 5.0, 5.0, 5.0, 5.0, 5.0, 5.0, 5.0, 5.0, 5.0, 5.0, 5.0, 5.0, 5.0, 5.0, 5.0, 5.0, 5.0, 5.0, 5.0, 5.0, 5.0, 5.0, 5.0, 5.0, 5.0, 5.0, 5.0, 5.0, 5.0, 5.0, 5.0, 5.0, 5.0, 5.0, 5.0, 5.0, 5.0, 5.0, 5.0, 5.0, 5.0, 5.0, 5.0, 5.0, 5.0, 5.0, 5.0, 5.0, 5.0, 5.0, 5.0, 5.0, 5.0, 5.0, 5.0, 5.0, 5.0, 5.0, 5.0, 5.0, 5.0, 5.0, 5.0, 5.0, 5.0, 5.0, 5.0, 5.0, 5.0, 5.0, 5.0, 5.0, 5.0, 5.0, 4.7, 4.5, 4.0, 3.7, 1.0, 1.0, 1.0, 0.0, 0.0, 0.0, 0.0, 0.0, 0.0, 0.0, 0.0, 0.0, 0.0, 0.0, 0.0, 0.0, 0.0, 0.0, 0.0, 0.0, 0.0, 0.0, 0.0, 0.0, 0.0, 0.0, 0.0, 0.0, 0.0, 0.0, 0.0, 0.0, 0.0, 0.0, 0.0, 0.0, 0.0, 0.0, 0.0]",131,"['a', 'b', 'c']",자신의 삶을 승리하기 위해 한 수 한 수 돌을 잇는 사람들의 이야기,src/img/미생시즌22부.png,,,"[Timestamp('2024-02-11 00:00:00'), Timestamp('2021-09-13 00:00:00')]"
맛있는 세 끼 - 저스트 더 투 오브 어스,,"로맨스,드라마",월,44,"[5.0, 8]","[5.0, 5.0, 5.0, 5.0, 5.0, 5.0, 5.0, 5.0, 5.0, 5.0, 5.0, 5.0, 5.0, 5.0, 5.0, 5.0, 5.0, 5.0, 5.0, 5.0, 5.0, 5.0, 5.0, 5.0, 5.0, 5.0, 5.0, 5.0, 5.0, 5.0, 5.0, 5.0, 5.0, 5.0, 5.0, 5.0, 5.0, 4.5, 0.0, 0.0, 0.0]",41,"['a', 'b', 'c']","S대 병원 소아 응급실을 지배하는 폭군, 차수혁. 환자를 제외한 모든 것들에 까칠하기만 한 그에게 고민이 하나 있었으니, 바로 한국에 들어온 지 얼마 안 되어 음식이 입에 맞지 않는다는 것. 그러던 어느 퇴근길, 맛있는 냄새에 이끌려 간 곳에서 어쩐지 따뜻해 보이는 도시락집을 발견한다. “먹고 맛없거나 식중독에 걸리면 항의하세요. 가게가 어딘 줄은 아시죠? 저는 <맛있는 한 끼>의 대표, 이윤아입니다.” 남은 도시락이 없다며 제가 먹을 돈가스 샌드위치를 시식용으로 건네는 윤아를 의심스럽게 바라보며 그것을 받아 든 수혁. “하지만 단언컨대 제 단골이 될 거예요.” 윤아의 장담대로 그녀의 단골이 된 그는 하루 세 끼 도시락을 시키는 것은 물론, 자신을 먹여 살리는 그녀를 만나기 위해 자꾸만 가게로 향하게 되는데……. ********************** 류향 작가님의 <저스트 더 투 오브 어스>의 본격 웹툰화! 차도남 수혁을 도시락 하나로 길들인 윤아의 힐링로맨스를 만나보세요! **********************",src/img/맛있는세끼저스트더투오브어스.png,,,"[Timestamp('2024-02-11 00:00:00'), Timestamp('2023-10-02 00:00:00')]"
12시네점심,,개그,월,12,"[3.3, 7]","[5.0, 5.0, 5.0, 5.0, 5.0, 5.0, 5.0, 5.0, 5.0, 5.0, 5.0, 0.0, 0.0, 0.0, 0.0, 0.0, 0.0, 0.0, 0.0, 0.0, 0.0, 0.0, 0.0, 0.0, 0.0, 0.0, 0.0, 0.0, 0.0, 0.0, 0.0, 0.0, 0.0, 0.0, 0.0, 0.0, 0.0, 0.0, 0.0, 0.0, 0.0, 0.0]",42,"['a', 'b', 'c']","""오늘 뭐 먹지?"" 고민하는 당신을 위한 매일 12시, 조석 작가의 점메추 특집! (※주말은 쉬어요)",src/img/12시네점심.png,,,"[Timestamp('2024-02-06 00:00:00'), Timestamp('2023-12-17 00:00:00')]"
양극의 소년,,"액션,학원,한국",월,33,"[2.6, 46]","[5.0, 5.0, 5.0, 5.0, 5.0, 5.0, 5.0, 5.0, 5.0, 5.0, 5.0, 5.0, 5.0, 5.0, 5.0, 5.0, 5.0, 5.0, 5.0, 5.0, 5.0, 5.0, 5.0, 5.0, 5.0, 5.0, 5.0, 5.0, 5.0, 5.0, 5.0, 5.0, 5.0, 5.0, 5.0, 5.0, 4.0, 4.0, 4.0, 1.0, 0.0, 0.0, 0.0, 0.0, 0.0, 0.0, 0.0, 0.0, 0.0, 0.0, 0.0, 0.0, 0.0, 0.0, 0.0, 0.0, 0.0, 0.0, 0.0, 0.0, 0.0, 0.0, 0.0, 0.0, 0.0, 0.0, 0.0, 0.0, 0.0, 0.0, 0.0, 0.0, 0.0, 0.0, 0.0, 0.0, 0.0, 0.0, 0.0, 0.0, 0.0, 0.0, 0.0, 0.0, 0.0, 0.0, 0.0, 0.0, 0.0, 0.0, 0.0, 0.0, 0.0, 0.0, 0.0, 0.0, 0.0, 0.0, 0.0, 0.0, 0.0, 0.0, 0.0, 0.0, 0.0, 0.0, 0.0, 0.0, 0.0, 0.0, 0.0, 0.0, 0.0, 0.0, 0.0, 0.0, 0.0, 0.0, 0.0, 0.0, 0.0, 0.0, 0.0, 0.0, 0.0, 0.0, 0.0, 0.0, 0.0, 0.0, 0.0, 0.0, 0.0, 0.0, 0.0, 0.0, 0.0, 0.0, 0.0, 0.0, 0.0, 0.0, 0.0, 0.0, 0.0, 0.0, 0.0, 0.0, 0.0, 0.0, 0.0, 0.0, 0.0, 0.0, 0.0, 0.0, 0.0, 0.0, 0.0, 0.0, 0.0, 0.0, 0.0, 0.0, 0.0, 0.0, 0.0, 0.0, 0.0, 0.0, 0.0, 0.0, 0.0, 0.0, 0.0, 0.0, 0.0, 0.0, 0.0, 0.0, 0.0, 0.0, 0.0, 0.0, 0.0, 0.0, 0.0]",187,"['a', 'b', 'c']","2016년 여름, 감염자를 식인특성을 지닌 생물체 '웜'으로 변이시키는 전대미문의 치명적인 바이러스가 출현한다. 세계를 구원할 힘을 가진 그들에 매료된 주인공 강하루 역시 ISO에 입단하기 위한 도전을 시작하는데",src/img/양극의소년.png,,,"[Timestamp('2024-02-05 00:00:00'), Timestamp('2019-04-09 00:00:00')]"
딜레탕트,,"로맨스,드라마",월,38,"[2.8, 13]","[5.0, 5.0, 5.0, 5.0, 5.0, 5.0, 5.0, 5.0, 5.0, 5.0, 5.0, 5.0, 5.0, 5.0, 5.0, 5.0, 5.0, 5.0, 5.0, 5.0, 5.0, 5.0, 5.0, 5.0, 5.0, 5.0, 5.0, 5.0, 5.0, 5.0, 5.0, 5.0, 5.0, 5.0, 5.0, 0.0, 0.0, 0.0, 0.0, 0.0, 0.0, 0.0, 0.0, 0.0, 0.0, 0.0, 0.0, 0.0, 0.0, 0.0, 0.0, 0.0, 0.0, 0.0, 0.0, 0.0]",56,"['a', 'b', 'c']",1급 테러 전문 요원 이하나는 어느 날 유일한 가족인 쌍둥이 남동생의 사망 소식을 듣는다. 이를 납득하지 못한 하나는 스스로 그 진상을 파헤치던 중 세상을 발아래 둔 마피아와 지독하게 얽혀버리고 마는데…,src/img/딜레탕트.png,,,"[Timestamp('2024-02-04 00:00:00'), Timestamp('2023-01-01 00:00:00')]"
